time;flow
55000,755;190,618
55001,04;192,082
55001,325;193,559
55001,61;195,047
55001,895;196,545
55002,18;198,053
55002,465;199,569
55002,75;201,093
55003,035;202,624
55003,32;204,16
55003,605;205,702
55003,89;207,247
55004,175;208,795
55004,46;210,345
55004,745;211,897
55005,03;213,448
55005,315;214,999
55005,6;216,548
55005,885;218,095
55006,17;219,638
55006,455;221,176
55006,74;222,709
55007,025;224,236
55007,31;225,755
55007,595;227,266
55007,88;228,768
55008,165;230,26
55008,45;231,741
55008,735;233,21
55009,02;234,666
55009,305;236,108
55009,59;237,536
55009,875;238,948
55010,16;240,343
55010,445;241,721
55010,73;243,08
55011,015;244,419
55011,3;245,739
55011,585;247,037
55011,87;248,313
55012,155;249,566
55012,44;250,794
55012,725;251,998
55013,01;253,176
55013,295;254,329
55013,58;255,457
55013,865;256,561
55014,15;257,641
55014,435;258,698
55014,72;259,732
55015,005;260,743
55015,29;261,732
55015,575;262,7
55015,86;263,647
55016,145;264,573
55016,43;265,479
55016,715;266,365
55017;267,232
55017,285;268,08
55017,57;268,91
55017,855;269,721
55018,14;270,516
55018,425;271,293
55018,71;272,054
55018,995;272,799
55019,28;273,528
55019,565;274,242
55019,85;274,941
55020,135;275,626
55020,42;276,297
55020,705;276,955
55020,99;277,6
55021,275;278,232
55021,56;278,853
55021,845;279,462
55022,13;280,059
55022,415;280,647
55022,7;281,224
55022,985;281,791
55023,27;282,349
55023,555;282,898
55023,84;283,439
55024,125;283,972
55024,41;284,498
55024,695;285,017
55024,98;285,529
55025,265;286,035
55025,55;286,535
55025,835;287,03
55026,12;287,521
55026,405;288,007
55026,69;288,49
55026,975;288,969
55027,26;289,445
55027,545;289,919
55027,83;290,391
55028,115;290,861
55028,4;291,33
55028,685;291,799
55028,97;292,268
55029,255;292,736
55029,54;293,206
55029,825;293,677
55030,11;294,149
55030,395;294,623
55030,68;295,1
55030,965;295,58
55031,25;296,062
55031,535;296,548
55031,82;297,039
55032,105;297,533
55032,39;298,032
55032,675;298,536
55032,96;299,046
55033,245;299,562
55033,53;300,084
55033,815;300,613
55034,1;301,148
55034,385;301,692
55034,67;302,243
55034,955;302,802
55035,24;303,37
55035,525;303,947
55035,81;304,534
55036,095;305,13
55036,38;305,737
55036,665;306,354
55036,95;306,982
55037,235;307,621
55037,52;308,273
55037,805;308,936
55038,09;309,612
55038,375;310,301
55038,66;311,003
55038,945;311,72
55039,23;312,45
55039,515;313,195
55039,8;313,954
55040,085;314,729
55040,37;315,52
55040,655;316,327
55040,94;317,15
55041,225;317,99
55041,51;318,847
55041,795;319,722
55042,08;320,615
55042,365;321,527
55042,65;322,457
55042,935;323,407
55043,22;324,376
55043,505;325,365
55043,79;326,375
55044,075;327,406
55044,36;328,457
55044,645;329,53
55044,93;330,626
55045,215;331,743
55045,5;332,883
55045,785;334,047
55046,07;335,234
55046,355;336,445
55046,64;337,68
55046,925;338,938
55047,21;340,219
55047,495;341,521
55047,78;342,844
55048,065;344,186
55048,35;345,547
55048,635;346,927
55048,92;348,323
55049,205;349,735
55049,49;351,162
55049,775;352,604
55050,06;354,059
55050,345;355,527
55050,63;357,006
55050,915;358,496
55051,2;359,996
55051,485;361,505
55051,77;363,021
55052,055;364,545
55052,34;366,075
55052,625;367,61
55052,91;369,149
55053,195;370,692
55053,48;372,238
55053,765;373,785
55054,05;375,333
55054,335;376,881
55054,62;378,428
55054,905;379,973
55055,19;381,515
55055,475;383,053
55055,76;384,587
55056,045;386,115
55056,33;387,636
55056,615;389,151
55056,9;390,657
55057,185;392,154
55057,47;393,641
55057,755;395,117
55058,04;396,581
55058,325;398,032
55058,61;399,47
55058,895;400,893
55059,18;402,301
55059,465;403,692
55059,75;405,066
55060,035;406,422
55060,32;407,758
55060,605;409,075
55060,89;410,371
55061,175;411,645
55061,46;412,897
55061,745;414,125
55062,03;415,328
55062,315;416,506
55062,6;417,658
55062,885;418,783
55063,17;419,879
55063,455;420,947
55063,74;421,987
55064,025;422,998
55064,31;423,983
55064,595;424,941
55064,88;425,873
55065,165;426,78
55065,45;427,663
55065,735;428,521
55066,02;429,356
55066,305;430,168
55066,59;430,958
55066,875;431,726
55067,16;432,474
55067,445;433,201
55067,73;433,908
55068,015;434,596
55068,3;435,266
55068,585;435,918
55068,87;436,553
55069,155;437,171
55069,44;437,773
55069,725;438,359
55070,01;438,931
55070,295;439,489
55070,58;440,033
55070,865;440,564
55071,15;441,083
55071,435;441,59
55071,72;442,086
55072,005;442,572
55072,29;443,048
55072,575;443,514
55072,86;443,972
55073,145;444,422
55073,43;444,865
55073,715;445,3
55074;445,73
55074,285;446,154
55074,57;446,573
55074,855;446,988
55075,14;447,399
55075,425;447,807
55075,71;448,213
55075,995;448,617
55076,28;449,019
55076,565;449,421
55076,85;449,823
55077,135;450,226
55077,42;450,63
55077,705;451,035
55077,99;451,443
55078,275;451,855
55078,56;452,27
55078,845;452,689
55079,13;453,113
55079,415;453,543
55079,7;453,979
55079,985;454,422
55080,27;454,872
55080,555;455,33
55080,84;455,795
55081,125;456,269
55081,41;456,752
55081,695;457,243
55081,98;457,744
55082,265;458,254
55082,55;458,773
55082,835;459,303
55083,12;459,842
55083,405;460,393
55083,69;460,954
55083,975;461,526
55084,26;462,109
55084,545;462,704
55084,83;463,311
55085,115;463,929
55085,4;464,561
55085,685;465,205
55085,97;465,862
55086,255;466,532
55086,54;467,216
55086,825;467,914
55087,11;468,626
55087,395;469,352
55087,68;470,093
55087,965;470,849
55088,25;471,62
55088,535;472,407
55088,82;473,209
55089,105;474,028
55089,39;474,863
55089,675;475,714
55089,96;476,582
55090,245;477,468
55090,53;478,371
55090,815;479,292
55091,1;480,23
55091,385;481,187
55091,67;482,163
55091,955;483,157
55092,24;484,171
55092,525;485,204
55092,81;486,257
55093,095;487,329
55093,38;488,422
55093,665;489,535
55093,95;490,67
55094,235;491,825
55094,52;493,002
55094,805;494,2
55095,09;495,42
55095,375;496,662
55095,66;497,927
55095,945;499,215
55096,23;500,526
55096,515;501,859
55096,8;503,217
55097,085;504,598
55097,37;506,002
55097,655;507,429
55097,94;508,875
55098,225;510,342
55098,51;511,827
55098,795;513,33
55099,08;514,85
55099,365;516,385
55099,65;517,934
55099,935;519,497
55100,22;521,072
55100,505;522,658
55100,79;524,254
55101,075;525,859
55101,36;527,472
55101,645;529,092
55101,93;530,718
55102,215;532,349
55102,5;533,983
55102,785;535,62
55103,07;537,259
55103,355;538,897
55103,64;540,536
55103,925;542,172
55104,21;543,806
55104,495;545,437
55104,78;547,062
55105,065;548,681
55105,35;550,293
55105,635;551,897
55105,92;553,492
55106,205;555,077
55106,49;556,651
55106,775;558,212
55107,06;559,759
55107,345;561,292
55107,63;562,81
55107,915;564,31
55108,2;565,794
55108,485;567,258
55108,77;568,702
55109,055;570,126
55109,34;571,527
55109,625;572,905
55109,91;574,259
55110,195;575,588
55110,48;576,891
55110,765;578,166
55111,05;579,413
55111,335;580,63
55111,62;581,817
55111,905;582,972
55112,19;584,094
55112,475;585,183
55112,76;586,237
55113,045;587,254
55113,33;588,235
55113,615;589,177
55113,9;590,081
55114,185;590,946
55114,47;591,773
55114,755;592,564
55115,04;593,318
55115,325;594,038
55115,61;594,723
55115,895;595,375
55116,18;595,994
55116,465;596,583
55116,75;597,14
55117,035;597,668
55117,32;598,167
55117,605;598,638
55117,89;599,082
55118,175;599,5
55118,46;599,893
55118,745;600,262
55119,03;600,607
55119,315;600,929
55119,6;601,23
55119,885;601,51
55120,17;601,77
55120,455;602,011
55120,74;602,235
55121,025;602,441
55121,31;602,63
55121,595;602,805
55121,88;602,965
55122,165;603,111
55122,45;603,244
55122,735;603,366
55123,02;603,477
55123,305;603,578
55123,59;603,67
55123,875;603,753
55124,16;603,829
55124,445;603,899
55124,73;603,963
55125,015;604,022
55125,3;604,078
55125,585;604,131
55125,87;604,181
55126,155;604,231
55126,44;604,281
55126,725;604,331
55127,01;604,383
55127,295;604,437
55127,58;604,495
55127,865;604,557
55128,15;604,624
55128,435;604,697
55128,72;604,777
55129,005;604,865
55129,29;604,962
55129,575;605,069
55129,86;605,186
55130,145;605,314
55130,43;605,455
55130,715;605,609
55131;605,776
55131,285;605,955
55131,57;606,146
55131,855;606,349
55132,14;606,562
55132,425;606,786
55132,71;607,019
55132,995;607,261
55133,28;607,512
55133,565;607,771
55133,85;608,037
55134,135;608,31
55134,42;608,589
55134,705;608,874
55134,99;609,164
55135,275;609,459
55135,56;609,758
55135,845;610,06
55136,13;610,365
55136,415;610,672
55136,7;610,981
55136,985;611,292
55137,27;611,603
55137,555;611,914
55137,84;612,224
55138,125;612,533
55138,41;612,841
55138,695;613,147
55138,98;613,45
55139,265;613,749
55139,55;614,045
55139,835;614,336
55140,12;614,622
55140,405;614,903
55140,69;615,177
55140,975;615,445
55141,26;615,706
55141,545;615,958
55141,83;616,203
55142,115;616,438
55142,4;616,664
55142,685;616,879
55142,97;617,085
55143,255;617,278
55143,54;617,461
55143,825;617,63
55144,11;617,787
55144,395;617,931
55144,68;618,06
55144,965;618,175
55145,25;618,274
55145,535;618,358
55145,82;618,426
55146,105;618,477
55146,39;618,51
55146,675;618,525
55146,96;618,522
55147,245;618,5
55147,53;618,458
55147,815;618,396
55148,1;618,315
55148,385;618,215
55148,67;618,097
55148,955;617,959
55149,24;617,804
55149,525;617,631
55149,81;617,44
55150,095;617,231
55150,38;617,006
55150,665;616,764
55150,95;616,505
55151,235;616,23
55151,52;615,94
55151,805;615,633
55152,09;615,312
55152,375;614,975
55152,66;614,624
55152,945;614,258
55153,23;613,878
55153,515;613,484
55153,8;613,077
55154,085;612,656
55154,37;612,223
55154,655;611,776
55154,94;611,318
55155,225;610,847
55155,51;610,364
55155,795;609,87
55156,08;609,365
55156,365;608,848
55156,65;608,321
55156,935;607,784
55157,22;607,236
55157,505;606,679
55157,79;606,112
55158,075;605,536
55158,36;604,951
55158,645;604,358
55158,93;603,756
55159,215;603,146
55159,5;602,528
55159,785;601,903
55160,07;601,27
55160,355;600,631
55160,64;599,985
55160,925;599,333
55161,21;598,674
55161,495;598,01
55161,78;597,341
55162,065;596,666
55162,35;595,987
55162,635;595,303
55162,92;594,614
55163,205;593,922
55163,49;593,226
55163,775;592,526
55164,06;591,824
55164,345;591,118
55164,63;590,41
55164,915;589,699
55165,2;588,986
55165,485;588,27
55165,77;587,552
55166,055;586,832
55166,34;586,109
55166,625;585,384
55166,91;584,658
55167,195;583,929
55167,48;583,198
55167,765;582,466
55168,05;581,732
55168,335;580,996
55168,62;580,258
55168,905;579,52
55169,19;578,779
55169,475;578,038
55169,76;577,295
55170,045;576,55
55170,33;575,805
55170,615;575,059
55170,9;574,312
55171,185;573,564
55171,47;572,815
55171,755;572,065
55172,04;571,315
55172,325;570,564
55172,61;569,813
55172,895;569,061
55173,18;568,309
55173,465;567,556
55173,75;566,804
55174,035;566,051
55174,32;565,299
55174,605;564,546
55174,89;563,794
55175,175;563,042
55175,46;562,29
55175,745;561,538
55176,03;560,787
55176,315;560,037
55176,6;559,287
55176,885;558,538
55177,17;557,789
55177,455;557,042
55177,74;556,295
55178,025;555,549
55178,31;554,805
55178,595;554,061
55178,88;553,319
55179,165;552,578
55179,45;551,839
55179,735;551,101
55180,02;550,365
55180,305;549,63
55180,59;548,897
55180,875;548,165
55181,16;547,436
55181,445;546,708
55181,73;545,982
55182,015;545,257
55182,3;544,533
55182,585;543,81
55182,87;543,087
55183,155;542,364
55183,44;541,642
55183,725;540,919
55184,01;540,195
55184,295;539,471
55184,58;538,746
55184,865;538,019
55185,15;537,291
55185,435;536,56
55185,72;535,828
55186,005;535,093
55186,29;534,356
55186,575;533,616
55186,86;532,872
55187,145;532,125
55187,43;531,375
55187,715;530,62
55188;529,862
55188,285;529,099
55188,57;528,331
55188,855;527,558
55189,14;526,78
55189,425;525,997
55189,71;525,207
55189,995;524,412
55190,28;523,611
55190,565;522,803
55190,85;521,988
55191,135;521,166
55191,42;520,337
55191,705;519,5
55191,99;518,656
55192,275;517,803
55192,56;516,942
55192,845;516,072
55193,13;515,194
55193,415;514,307
55193,7;513,41
55193,985;512,503
55194,27;511,587
55194,555;510,66
55194,84;509,723
55195,125;508,776
55195,41;507,817
55195,695;506,847
55195,98;505,866
55196,265;504,873
55196,55;503,869
55196,835;502,851
55197,12;501,822
55197,405;500,78
55197,69;499,724
55197,975;498,656
55198,26;497,574
55198,545;496,48
55198,83;495,374
55199,115;494,256
55199,4;493,127
55199,685;491,988
55199,97;490,839
55200,255;489,681
55200,54;488,514
55200,825;487,339
55201,11;486,156
55201,395;484,966
55201,68;483,769
55201,965;482,566
55202,25;481,358
55202,535;480,145
55202,82;478,928
55203,105;477,706
55203,39;476,482
55203,675;475,255
55203,96;474,025
55204,245;472,794
55204,53;471,561
55204,815;470,329
55205,1;469,096
55205,385;467,863
55205,67;466,632
55205,955;465,402
55206,24;464,175
55206,525;462,95
55206,81;461,728
55207,095;460,511
55207,38;459,297
55207,665;458,089
55207,95;456,886
55208,235;455,689
55208,52;454,498
55208,805;453,315
55209,09;452,139
55209,375;450,972
55209,66;449,813
55209,945;448,663
55210,23;447,523
55210,515;446,394
55210,8;445,275
55211,085;444,168
55211,37;443,073
55211,655;441,991
55211,94;440,922
55212,225;439,866
55212,51;438,825
55212,795;437,798
55213,08;436,786
55213,365;435,791
55213,65;434,811
55213,935;433,849
55214,22;432,904
55214,505;431,977
55214,79;431,069
55215,075;430,18
55215,36;429,308
55215,645;428,455
55215,93;427,619
55216,215;426,801
55216,5;425,999
55216,785;425,213
55217,07;424,444
55217,355;423,69
55217,64;422,951
55217,925;422,227
55218,21;421,518
55218,495;420,822
55218,78;420,14
55219,065;419,471
55219,35;418,815
55219,635;418,171
55219,92;417,54
55220,205;416,92
55220,49;416,311
55220,775;415,713
55221,06;415,125
55221,345;414,547
55221,63;413,979
55221,915;413,421
55222,2;412,871
55222,485;412,329
55222,77;411,795
55223,055;411,27
55223,34;410,751
55223,625;410,239
55223,91;409,734
55224,195;409,235
55224,48;408,741
55224,765;408,253
55225,05;407,769
55225,335;407,29
55225,62;406,815
55225,905;406,344
55226,19;405,876
55226,475;405,411
55226,76;404,948
55227,045;404,487
55227,33;404,029
55227,615;403,571
55227,9;403,114
55228,185;402,658
55228,47;402,202
55228,755;401,746
55229,04;401,289
55229,325;400,83
55229,61;400,371
55229,895;399,909
55230,18;399,446
55230,465;398,979
55230,75;398,51
55231,035;398,037
55231,32;397,56
55231,605;397,079
55231,89;396,593
55232,175;396,104
55232,46;395,61
55232,745;395,113
55233,03;394,613
55233,315;394,11
55233,6;393,604
55233,885;393,095
55234,17;392,584
55234,455;392,072
55234,74;391,558
55235,025;391,042
55235,31;390,526
55235,595;390,009
55235,88;389,491
55236,165;388,973
55236,45;388,455
55236,735;387,938
55237,02;387,422
55237,305;386,906
55237,59;386,391
55237,875;385,879
55238,16;385,367
55238,445;384,858
55238,73;384,352
55239,015;383,848
55239,3;383,347
55239,585;382,849
55239,87;382,355
55240,155;381,865
55240,44;381,378
55240,725;380,896
55241,01;380,419
55241,295;379,947
55241,58;379,479
55241,865;379,018
55242,15;378,562
55242,435;378,112
55242,72;377,668
55243,005;377,232
55243,29;376,802
55243,575;376,379
55243,86;375,964
55244,145;375,556
55244,43;375,157
55244,715;374,766
55245;374,383
55245,285;374,01
55245,57;373,646
55245,855;373,291
55246,14;372,946
55246,425;372,61
55246,71;372,286
55246,995;371,972
55247,28;371,668
55247,565;371,376
55247,85;371,096
55248,135;370,827
55248,42;370,57
55248,705;370,325
55248,99;370,093
55249,275;369,872
55249,56;369,664
55249,845;369,468
55250,13;369,285
55250,415;369,113
55250,7;368,953
55250,985;368,806
55251,27;368,67
55251,555;368,547
55251,84;368,435
55252,125;368,336
55252,41;368,248
55252,695;368,173
55252,98;368,109
55253,265;368,057
55253,55;368,017
55253,835;367,989
55254,12;367,973
55254,405;367,969
55254,69;367,976
55254,975;367,995
55255,26;368,026
55255,545;368,069
55255,83;368,123
55256,115;368,189
55256,4;368,267
55256,685;368,356
55256,97;368,457
55257,255;368,57
55257,54;368,694
55257,825;368,83
55258,11;368,978
55258,395;369,136
55258,68;369,307
55258,965;369,489
55259,25;369,682
55259,535;369,887
55259,82;370,103
55260,105;370,331
55260,39;370,57
55260,675;370,82
55260,96;371,082
55261,245;371,355
55261,53;371,639
55261,815;371,935
55262,1;372,242
55262,385;372,56
55262,67;372,89
55262,955;373,23
55263,24;373,582
55263,525;373,945
55263,81;374,319
55264,095;374,704
55264,38;375,101
55264,665;375,508
55264,95;375,926
55265,235;376,356
55265,52;376,796
55265,805;377,247
55266,09;377,709
55266,375;378,18
55266,66;378,661
55266,945;379,151
55267,23;379,65
55267,515;380,158
55267,8;380,674
55268,085;381,198
55268,37;381,73
55268,655;382,269
55268,94;382,815
55269,225;383,367
55269,51;383,926
55269,795;384,491
55270,08;385,062
55270,365;385,638
55270,65;386,219
55270,935;386,804
55271,22;387,394
55271,505;387,988
55271,79;388,585
55272,075;389,186
55272,36;389,79
55272,645;390,397
55272,93;391,005
55273,215;391,616
55273,5;392,229
55273,785;392,842
55274,07;393,457
55274,355;394,073
55274,64;394,689
55274,925;395,304
55275,21;395,92
55275,495;396,535
55275,78;397,149
55276,065;397,761
55276,35;398,372
55276,635;398,981
55276,92;399,587
55277,205;400,191
55277,49;400,792
55277,775;401,39
55278,06;401,984
55278,345;402,574
55278,63;403,16
55278,915;403,741
55279,2;404,317
55279,485;404,888
55279,77;405,453
55280,055;406,012
55280,34;406,565
55280,625;407,111
55280,91;407,651
55281,195;408,183
55281,48;408,707
55281,765;409,224
55282,05;409,732
55282,335;410,232
55282,62;410,723
55282,905;411,206
55283,19;411,682
55283,475;412,151
55283,76;412,612
55284,045;413,066
55284,33;413,514
55284,615;413,956
55284,9;414,392
55285,185;414,822
55285,47;415,246
55285,755;415,666
55286,04;416,081
55286,325;416,491
55286,61;416,897
55286,895;417,299
55287,18;417,697
55287,465;418,092
55287,75;418,484
55288,035;418,873
55288,32;419,259
55288,605;419,643
55288,89;420,026
55289,175;420,406
55289,46;420,785
55289,745;421,163
55290,03;421,541
55290,315;421,917
55290,6;422,294
55290,885;422,67
55291,17;423,047
55291,455;423,425
55291,74;423,803
55292,025;424,183
55292,31;424,564
55292,595;424,947
55292,88;425,331
55293,165;425,719
55293,45;426,108
55293,735;426,501
55294,02;426,897
55294,305;427,297
55294,59;427,7
55294,875;428,107
55295,16;428,518
55295,445;428,935
55295,73;429,356
55296,015;429,782
55296,3;430,214
55296,585;430,651
55296,87;431,095
55297,155;431,545
55297,44;432,001
55297,725;432,465
55298,01;432,935
55298,295;433,414
55298,58;433,9
55298,865;434,394
55299,15;434,896
55299,435;435,406
55299,72;435,924
55300,005;436,449
55300,29;436,982
55300,575;437,521
55300,86;438,067
55301,145;438,619
55301,43;439,176
55301,715;439,74
55302;440,309
55302,285;440,882
55302,57;441,461
55302,855;442,044
55303,14;442,631
55303,425;443,221
55303,71;443,816
55303,995;444,413
55304,28;445,013
55304,565;445,616
55304,85;446,222
55305,135;446,829
55305,42;447,438
55305,705;448,048
55305,99;448,659
55306,275;449,272
55306,56;449,884
55306,845;450,497
55307,13;451,11
55307,415;451,722
55307,7;452,334
55307,985;452,944
55308,27;453,553
55308,555;454,161
55308,84;454,767
55309,125;455,37
55309,41;455,971
55309,695;456,569
55309,98;457,164
55310,265;457,756
55310,55;458,344
55310,835;458,928
55311,12;459,507
55311,405;460,082
55311,69;460,652
55311,975;461,217
55312,26;461,776
55312,545;462,329
55312,83;462,876
55313,115;463,417
55313,4;463,951
55313,685;464,478
55313,97;464,998
55314,255;465,51
55314,54;466,014
55314,825;466,51
55315,11;466,997
55315,395;467,475
55315,68;467,945
55315,965;468,405
55316,25;468,855
55316,535;469,297
55316,82;469,73
55317,105;470,155
55317,39;470,571
55317,675;470,98
55317,96;471,381
55318,245;471,774
55318,53;472,161
55318,815;472,54
55319,1;472,913
55319,385;473,279
55319,67;473,639
55319,955;473,993
55320,24;474,342
55320,525;474,685
55320,81;475,023
55321,095;475,356
55321,38;475,684
55321,665;476,008
55321,95;476,328
55322,235;476,644
55322,52;476,957
55322,805;477,266
55323,09;477,572
55323,375;477,875
55323,66;478,175
55323,945;478,473
55324,23;478,769
55324,515;479,063
55324,8;479,355
55325,085;479,646
55325,37;479,936
55325,655;480,226
55325,94;480,514
55326,225;480,802
55326,51;481,09
55326,795;481,379
55327,08;481,667
55327,365;481,957
55327,65;482,247
55327,935;482,538
55328,22;482,831
55328,505;483,126
55328,79;483,422
55329,075;483,721
55329,36;484,022
55329,645;484,325
55329,93;484,632
55330,215;484,942
55330,5;485,255
55330,785;485,572
55331,07;485,893
55331,355;486,219
55331,64;486,548
55331,925;486,883
55332,21;487,222
55332,495;487,567
55332,78;487,917
55333,065;488,272
55333,35;488,633
55333,635;488,999
55333,92;489,37
55334,205;489,747
55334,49;490,129
55334,775;490,515
55335,06;490,907
55335,345;491,304
55335,63;491,705
55335,915;492,111
55336,2;492,522
55336,485;492,938
55336,77;493,358
55337,055;493,783
55337,34;494,213
55337,625;494,646
55337,91;495,084
55338,195;495,527
55338,48;495,973
55338,765;496,424
55339,05;496,879
55339,335;497,338
55339,62;497,801
55339,905;498,268
55340,19;498,738
55340,475;499,213
55340,76;499,691
55341,045;500,173
55341,33;500,658
55341,615;501,147
55341,9;501,639
55342,185;502,135
55342,47;502,634
55342,755;503,137
55343,04;503,642
55343,325;504,151
55343,61;504,663
55343,895;505,178
55344,18;505,695
55344,465;506,216
55344,75;506,74
55345,035;507,266
55345,32;507,795
55345,605;508,326
55345,89;508,861
55346,175;509,397
55346,46;509,936
55346,745;510,478
55347,03;511,022
55347,315;511,568
55347,6;512,116
55347,885;512,667
55348,17;513,219
55348,455;513,774
55348,74;514,33
55349,025;514,888
55349,31;515,449
55349,595;516,01
55349,88;516,574
55350,165;517,139
55350,45;517,706
55350,735;518,274
55351,02;518,843
55351,305;519,414
55351,59;519,985
55351,875;520,558
55352,16;521,132
55352,445;521,707
55352,73;522,282
55353,015;522,859
55353,3;523,435
55353,585;524,013
55353,87;524,591
55354,155;525,169
55354,44;525,748
55354,725;526,327
55355,01;526,905
55355,295;527,484
55355,58;528,063
55355,865;528,642
55356,15;529,221
55356,435;529,799
55356,72;530,377
55357,005;530,955
55357,29;531,532
55357,575;532,108
55357,86;532,684
55358,145;533,258
55358,43;533,832
55358,715;534,405
55359;534,977
55359,285;535,548
55359,57;536,117
55359,855;536,686
55360,14;537,252
55360,425;537,818
55360,71;538,381
55360,995;538,943
55361,28;539,504
55361,565;540,062
55361,85;540,619
55362,135;541,173
55362,42;541,726
55362,705;542,276
55362,99;542,824
55363,275;543,37
55363,56;543,913
55363,845;544,454
55364,13;544,992
55364,415;545,528
55364,7;546,061
55364,985;546,591
55365,27;547,118
55365,555;547,642
55365,84;548,162
55366,125;548,68
55366,41;549,195
55366,695;549,706
55366,98;550,214
55367,265;550,719
55367,55;551,22
55367,835;551,719
55368,12;552,215
55368,405;552,709
55368,69;553,199
55368,975;553,687
55369,26;554,172
55369,545;554,655
55369,83;555,135
55370,115;555,613
55370,4;556,088
55370,685;556,562
55370,97;557,033
55371,255;557,502
55371,54;557,968
55371,825;558,433
55372,11;558,896
55372,395;559,358
55372,68;559,817
55372,965;560,275
55373,25;560,731
55373,535;561,185
55373,82;561,639
55374,105;562,09
55374,39;562,541
55374,675;562,99
55374,96;563,438
55375,245;563,884
55375,53;564,33
55375,815;564,775
55376,1;565,219
55376,385;565,661
55376,67;566,104
55376,955;566,545
55377,24;566,986
55377,525;567,426
55377,81;567,866
55378,095;568,305
55378,38;568,744
55378,665;569,183
55378,95;569,622
55379,235;570,06
55379,52;570,498
55379,805;570,937
55380,09;571,375
55380,375;571,814
55380,66;572,252
55380,945;572,691
55381,23;573,131
55381,515;573,571
55381,8;574,011
55382,085;574,452
55382,37;574,893
55382,655;575,335
55382,94;575,778
55383,225;576,222
55383,51;576,666
55383,795;577,111
55384,08;577,556
55384,365;578,001
55384,65;578,444
55384,935;578,887
55385,22;579,329
55385,505;579,77
55385,79;580,208
55386,075;580,644
55386,36;581,078
55386,645;581,51
55386,93;581,938
55387,215;582,362
55387,5;582,784
55387,785;583,201
55388,07;583,614
55388,355;584,022
55388,64;584,425
55388,925;584,823
55389,21;585,216
55389,495;585,603
55389,78;585,983
55390,065;586,358
55390,35;586,725
55390,635;587,086
55390,92;587,439
55391,205;587,784
55391,49;588,122
55391,775;588,451
55392,06;588,771
55392,345;589,083
55392,63;589,385
55392,915;589,678
55393,2;589,961
55393,485;590,234
55393,77;590,497
55394,055;590,749
55394,34;590,989
55394,625;591,219
55394,91;591,436
55395,195;591,642
55395,48;591,835
55395,765;592,016
55396,05;592,184
55396,335;592,339
55396,62;592,48
55396,905;592,607
55397,19;592,72
55397,475;592,819
55397,76;592,903
55398,045;592,972
55398,33;593,026
55398,615;593,064
55398,9;593,085
55399,185;593,091
55399,47;593,08
55399,755;593,052
55400,04;593,007
55400,325;592,945
55400,61;592,866
55400,895;592,771
55401,18;592,66
55401,465;592,533
55401,75;592,391
55402,035;592,235
55402,32;592,064
55402,605;591,879
55402,89;591,68
55403,175;591,469
55403,46;591,244
55403,745;591,007
55404,03;590,758
55404,315;590,497
55404,6;590,225
55404,885;589,942
55405,17;589,648
55405,455;589,345
55405,74;589,031
55406,025;588,709
55406,31;588,377
55406,595;588,036
55406,88;587,688
55407,165;587,332
55407,45;586,968
55407,735;586,597
55408,02;586,219
55408,305;585,835
55408,59;585,446
55408,875;585,05
55409,16;584,65
55409,445;584,245
55409,73;583,835
55410,015;583,422
55410,3;583,005
55410,585;582,585
55410,87;582,162
55411,155;581,736
55411,44;581,309
55411,725;580,879
55412,01;580,449
55412,295;580,018
55412,58;579,586
55412,865;579,154
55413,15;578,722
55413,435;578,291
55413,72;577,861
55414,005;577,432
55414,29;577,006
55414,575;576,581
55414,86;576,159
55415,145;575,74
55415,43;575,324
55415,715;574,913
55416;574,505
55416,285;574,101
55416,57;573,703
55416,855;573,31
55417,14;572,922
55417,425;572,539
55417,71;572,16
55417,995;571,785
55418,28;571,413
55418,565;571,045
55418,85;570,679
55419,135;570,315
55419,42;569,953
55419,705;569,593
55419,99;569,233
55420,275;568,874
55420,56;568,514
55420,845;568,155
55421,13;567,794
55421,415;567,432
55421,7;567,069
55421,985;566,703
55422,27;566,335
55422,555;565,963
55422,84;565,588
55423,125;565,21
55423,41;564,827
55423,695;564,439
55423,98;564,046
55424,265;563,648
55424,55;563,244
55424,835;562,833
55425,12;562,415
55425,405;561,99
55425,69;561,557
55425,975;561,116
55426,26;560,666
55426,545;560,207
55426,83;559,739
55427,115;559,261
55427,4;558,772
55427,685;558,273
55427,97;557,762
55428,255;557,24
55428,54;556,706
55428,825;556,159
55429,11;555,599
55429,395;555,026
55429,68;554,44
55429,965;553,838
55430,25;553,223
55430,535;552,592
55430,82;551,945
55431,105;551,283
55431,39;550,604
55431,675;549,909
55431,96;549,196
55432,245;548,465
55432,53;547,717
55432,815;546,95
55433,1;546,163
55433,385;545,358
55433,67;544,532
55433,955;543,687
55434,24;542,823
55434,525;541,94
55434,81;541,039
55435,095;540,121
55435,38;539,186
55435,665;538,234
55435,95;537,267
55436,235;536,285
55436,52;535,289
55436,805;534,278
55437,09;533,254
55437,375;532,218
55437,66;531,169
55437,945;530,109
55438,23;529,038
55438,515;527,956
55438,8;526,865
55439,085;525,765
55439,37;524,655
55439,655;523,538
55439,94;522,414
55440,225;521,282
55440,51;520,145
55440,795;519,001
55441,08;517,853
55441,365;516,7
55441,65;515,543
55441,935;514,383
55442,22;513,22
55442,505;512,055
55442,79;510,888
55443,075;509,721
55443,36;508,553
55443,645;507,385
55443,93;506,218
55444,215;505,052
55444,5;503,888
55444,785;502,727
55445,07;501,569
55445,355;500,415
55445,64;499,264
55445,925;498,119
55446,21;496,98
55446,495;495,846
55446,78;494,719
55447,065;493,599
55447,35;492,487
55447,635;491,384
55447,92;490,289
55448,205;489,204
55448,49;488,129
55448,775;487,065
55449,06;486,013
55449,345;484,972
55449,63;483,944
55449,915;482,928
55450,2;481,927
55450,485;480,94
55450,77;479,967
55451,055;479,008
55451,34;478,063
55451,625;477,132
55451,91;476,213
55452,195;475,307
55452,48;474,413
55452,765;473,531
55453,05;472,661
55453,335;471,802
55453,62;470,954
55453,905;470,116
55454,19;469,288
55454,475;468,47
55454,76;467,662
55455,045;466,862
55455,33;466,071
55455,615;465,289
55455,9;464,514
55456,185;463,747
55456,47;462,987
55456,755;462,234
55457,04;461,488
55457,325;460,747
55457,61;460,013
55457,895;459,283
55458,18;458,559
55458,465;457,84
55458,75;457,124
55459,035;456,413
55459,32;455,705
55459,605;455,001
55459,89;454,299
55460,175;453,6
55460,46;452,903
55460,745;452,208
55461,03;451,515
55461,315;450,822
55461,6;450,13
55461,885;449,438
55462,17;448,747
55462,455;448,055
55462,74;447,362
55463,025;446,668
55463,31;445,973
55463,595;445,276
55463,88;444,576
55464,165;443,874
55464,45;443,169
55464,735;442,461
55465,02;441,75
55465,305;441,034
55465,59;440,314
55465,875;439,589
55466,16;438,859
55466,445;438,124
55466,73;437,382
55467,015;436,635
55467,3;435,881
55467,585;435,12
55467,87;434,353
55468,155;433,58
55468,44;432,801
55468,725;432,016
55469,01;431,225
55469,295;430,428
55469,58;429,627
55469,865;428,821
55470,15;428,009
55470,435;427,193
55470,72;426,373
55471,005;425,549
55471,29;424,721
55471,575;423,888
55471,86;423,053
55472,145;422,214
55472,43;421,372
55472,715;420,527
55473;419,679
55473,285;418,829
55473,57;417,977
55473,855;417,122
55474,14;416,266
55474,425;415,408
55474,71;414,549
55474,995;413,688
55475,28;412,827
55475,565;411,964
55475,85;411,101
55476,135;410,238
55476,42;409,374
55476,705;408,511
55476,99;407,648
55477,275;406,785
55477,56;405,923
55477,845;405,062
55478,13;404,201
55478,415;403,343
55478,7;402,485
55478,985;401,63
55479,27;400,776
55479,555;399,924
55479,84;399,075
55480,125;398,229
55480,41;397,385
55480,695;396,544
55480,98;395,706
55481,265;394,872
55481,55;394,041
55481,835;393,215
55482,12;392,392
55482,405;391,573
55482,69;390,759
55482,975;389,95
55483,26;389,145
55483,545;388,346
55483,83;387,552
55484,115;386,763
55484,4;385,98
55484,685;385,202
55484,97;384,431
55485,255;383,665
55485,54;382,905
55485,825;382,15
55486,11;381,402
55486,395;380,659
55486,68;379,922
55486,965;379,191
55487,25;378,466
55487,535;377,747
55487,82;377,034
55488,105;376,327
55488,39;375,626
55488,675;374,93
55488,96;374,241
55489,245;373,558
55489,53;372,882
55489,815;372,211
55490,1;371,546
55490,385;370,888
55490,67;370,236
55490,955;369,59
55491,24;368,95
55491,525;368,317
55491,81;367,69
55492,095;367,069
55492,38;366,455
55492,665;365,847
55492,95;365,246
55493,235;364,651
55493,52;364,062
55493,805;363,48
55494,09;362,904
55494,375;362,335
55494,66;361,773
55494,945;361,217
55495,23;360,668
55495,515;360,125
55495,8;359,589
55496,085;359,06
55496,37;358,538
55496,655;358,022
55496,94;357,513
55497,225;357,011
55497,51;356,516
55497,795;356,027
55498,08;355,546
55498,365;355,071
55498,65;354,603
55498,935;354,142
55499,22;353,689
55499,505;353,242
55499,79;352,802
55500,075;352,369
55500,36;351,944
55500,645;351,525
55500,93;351,114
55501,215;350,709
55501,5;350,312
55501,785;349,923
55502,07;349,54
55502,355;349,165
55502,64;348,796
55502,925;348,436
55503,21;348,082
55503,495;347,736
55503,78;347,398
55504,065;347,066
55504,35;346,743
55504,635;346,426
55504,92;346,118
55505,205;345,816
55505,49;345,523
55505,775;345,236
55506,06;344,958
55506,345;344,687
55506,63;344,424
55506,915;344,168
55507,2;343,92
55507,485;343,68
55507,77;343,448
55508,055;343,223
55508,34;343,007
55508,625;342,798
55508,91;342,597
55509,195;342,404
55509,48;342,218
55509,765;342,041
55510,05;341,872
55510,335;341,711
55510,62;341,557
55510,905;341,412
55511,19;341,275
55511,475;341,146
55511,76;341,025
55512,045;340,913
55512,33;340,808
55512,615;340,712
55512,9;340,624
55513,185;340,544
55513,47;340,472
55513,755;340,409
55514,04;340,354
55514,325;340,308
55514,61;340,27
55514,895;340,24
55515,18;340,219
55515,465;340,206
55515,75;340,202
55516,035;340,207
55516,32;340,22
55516,605;340,241
55516,89;340,271
55517,175;340,31
55517,46;340,357
55517,745;340,413
55518,03;340,478
55518,315;340,551
55518,6;340,633
55518,885;340,722
55519,17;340,82
55519,455;340,925
55519,74;341,038
55520,025;341,158
55520,31;341,285
55520,595;341,419
55520,88;341,56
55521,165;341,708
55521,45;341,862
55521,735;342,022
55522,02;342,188
55522,305;342,36
55522,59;342,537
55522,875;342,72
55523,16;342,908
55523,445;343,101
55523,73;343,299
55524,015;343,501
55524,3;343,708
55524,585;343,92
55524,87;344,135
55525,155;344,354
55525,44;344,577
55525,725;344,803
55526,01;345,033
55526,295;345,265
55526,58;345,501
55526,865;345,739
55527,15;345,98
55527,435;346,223
55527,72;346,468
55528,005;346,715
55528,29;346,964
55528,575;347,215
55528,86;347,466
55529,145;347,719
55529,43;347,973
55529,715;348,228
55530;348,483
55530,285;348,739
55530,57;348,995
55530,855;349,251
55531,14;349,507
55531,425;349,762
55531,71;350,017
55531,995;350,271
55532,28;350,524
55532,565;350,776
55532,85;351,027
55533,135;351,276
55533,42;351,523
55533,705;351,768
55533,99;352,012
55534,275;352,253
55534,56;352,491
55534,845;352,727
55535,13;352,961
55535,415;353,191
55535,7;353,42
55535,985;353,646
55536,27;353,87
55536,555;354,092
55536,84;354,312
55537,125;354,531
55537,41;354,747
55537,695;354,962
55537,98;355,175
55538,265;355,387
55538,55;355,597
55538,835;355,806
55539,12;356,014
55539,405;356,22
55539,69;356,426
55539,975;356,631
55540,26;356,835
55540,545;357,038
55540,83;357,241
55541,115;357,443
55541,4;357,645
55541,685;357,846
55541,97;358,048
55542,255;358,249
55542,54;358,45
55542,825;358,651
55543,11;358,853
55543,395;359,055
55543,68;359,257
55543,965;359,459
55544,25;359,662
55544,535;359,866
55544,82;360,071
55545,105;360,276
55545,39;360,483
55545,675;360,69
55545,96;360,899
55546,245;361,109
55546,53;361,32
55546,815;361,533
55547,1;361,747
55547,385;361,963
55547,67;362,181
55547,955;362,401
55548,24;362,622
55548,525;362,846
55548,81;363,071
55549,095;363,299
55549,38;363,53
55549,665;363,762
55549,95;363,998
55550,235;364,235
55550,52;364,476
55550,805;364,72
55551,09;364,966
55551,375;365,215
55551,66;365,468
55551,945;365,723
55552,23;365,982
55552,515;366,243
55552,8;366,507
55553,085;366,774
55553,37;367,043
55553,655;367,315
55553,94;367,589
55554,225;367,865
55554,51;368,143
55554,795;368,424
55555,08;368,706
55555,365;368,991
55555,65;369,277
55555,935;369,564
55556,22;369,854
55556,505;370,145
55556,79;370,437
55557,075;370,731
55557,36;371,026
55557,645;371,322
55557,93;371,618
55558,215;371,916
55558,5;372,215
55558,785;372,515
55559,07;372,815
55559,355;373,115
55559,64;373,416
55559,925;373,718
55560,21;374,019
55560,495;374,321
55560,78;374,623
55561,065;374,925
55561,35;375,227
55561,635;375,528
55561,92;375,83
55562,205;376,13
55562,49;376,431
55562,775;376,73
55563,06;377,029
55563,345;377,328
55563,63;377,625
55563,915;377,921
55564,2;378,217
55564,485;378,511
55564,77;378,804
55565,055;379,095
55565,34;379,385
55565,625;379,673
55565,91;379,96
55566,195;380,245
55566,48;380,529
55566,765;380,81
55567,05;381,089
55567,335;381,366
55567,62;381,641
55567,905;381,914
55568,19;382,184
55568,475;382,451
55568,76;382,717
55569,045;382,979
55569,33;383,24
55569,615;383,498
55569,9;383,754
55570,185;384,007
55570,47;384,259
55570,755;384,508
55571,04;384,755
55571,325;385
55571,61;385,243
55571,895;385,484
55572,18;385,723
55572,465;385,961
55572,75;386,196
55573,035;386,43
55573,32;386,662
55573,605;386,892
55573,89;387,12
55574,175;387,347
55574,46;387,573
55574,745;387,797
55575,03;388,019
55575,315;388,24
55575,6;388,46
55575,885;388,678
55576,17;388,895
55576,455;389,111
55576,74;389,326
55577,025;389,539
55577,31;389,752
55577,595;389,963
55577,88;390,174
55578,165;390,383
55578,45;390,591
55578,735;390,799
55579,02;391,006
55579,305;391,212
55579,59;391,417
55579,875;391,622
55580,16;391,826
55580,445;392,029
55580,73;392,232
55581,015;392,434
55581,3;392,636
55581,585;392,837
55581,87;393,038
55582,155;393,239
55582,44;393,44
55582,725;393,64
55583,01;393,84
55583,295;394,04
55583,58;394,24
55583,865;394,44
55584,15;394,639
55584,435;394,839
55584,72;395,039
55585,005;395,239
55585,29;395,439
55585,575;395,64
55585,86;395,841
55586,145;396,042
55586,43;396,243
55586,715;396,444
55587;396,646
55587,285;396,849
55587,57;397,052
55587,855;397,255
55588,14;397,458
55588,425;397,663
55588,71;397,867
55588,995;398,072
55589,28;398,278
55589,565;398,485
55589,85;398,692
55590,135;398,9
55590,42;399,108
55590,705;399,317
55590,99;399,527
55591,275;399,738
55591,56;399,949
55591,845;400,162
55592,13;400,375
55592,415;400,589
55592,7;400,804
55592,985;401,02
55593,27;401,237
55593,555;401,455
55593,84;401,674
55594,125;401,894
55594,41;402,116
55594,695;402,338
55594,98;402,562
55595,265;402,786
55595,55;403,012
55595,835;403,239
55596,12;403,468
55596,405;403,697
55596,69;403,928
55596,975;404,161
55597,26;404,395
55597,545;404,63
55597,83;404,866
55598,115;405,105
55598,4;405,344
55598,685;405,585
55598,97;405,828
55599,255;406,072
55599,54;406,318
55599,825;406,566
55600,11;406,815
55600,395;407,066
55600,68;407,318
55600,965;407,573
55601,25;407,829
55601,535;408,087
55601,82;408,347
55602,105;408,608
55602,39;408,872
55602,675;409,137
55602,96;409,403
55603,245;409,671
55603,53;409,939
55603,815;410,209
55604,1;410,479
55604,385;410,75
55604,67;411,022
55604,955;411,293
55605,24;411,565
55605,525;411,837
55605,81;412,108
55606,095;412,379
55606,38;412,649
55606,665;412,919
55606,95;413,188
55607,235;413,456
55607,52;413,722
55607,805;413,987
55608,09;414,251
55608,375;414,513
55608,66;414,773
55608,945;415,031
55609,23;415,286
55609,515;415,54
55609,8;415,791
55610,085;416,039
55610,37;416,284
55610,655;416,526
55610,94;416,765
55611,225;417,001
55611,51;417,233
55611,795;417,461
55612,08;417,686
55612,365;417,906
55612,65;418,122
55612,935;418,334
55613,22;418,542
55613,505;418,745
55613,79;418,942
55614,075;419,135
55614,36;419,323
55614,645;419,505
55614,93;419,682
55615,215;419,853
55615,5;420,019
55615,785;420,178
55616,07;420,331
55616,355;420,478
55616,64;420,619
55616,925;420,752
55617,21;420,879
55617,495;420,999
55617,78;421,112
55618,065;421,217
55618,35;421,315
55618,635;421,405
55618,92;421,488
55619,205;421,563
55619,49;421,63
55619,775;421,69
55620,06;421,742
55620,345;421,788
55620,63;421,826
55620,915;421,858
55621,2;421,883
55621,485;421,902
55621,77;421,915
55622,055;421,921
55622,34;421,921
55622,625;421,916
55622,91;421,905
55623,195;421,889
55623,48;421,867
55623,765;421,84
55624,05;421,808
55624,335;421,772
55624,62;421,73
55624,905;421,685
55625,19;421,635
55625,475;421,58
55625,76;421,522
55626,045;421,46
55626,33;421,394
55626,615;421,325
55626,9;421,252
55627,185;421,177
55627,47;421,098
55627,755;421,016
55628,04;420,932
55628,325;420,845
55628,61;420,755
55628,895;420,664
55629,18;420,57
55629,465;420,475
55629,75;420,378
55630,035;420,279
55630,32;420,179
55630,605;420,077
55630,89;419,975
55631,175;419,871
55631,46;419,767
55631,745;419,663
55632,03;419,557
55632,315;419,452
55632,6;419,346
55632,885;419,241
55633,17;419,136
55633,455;419,031
55633,74;418,926
55634,025;418,823
55634,31;418,72
55634,595;418,618
55634,88;418,518
55635,165;418,418
55635,45;418,321
55635,735;418,225
55636,02;418,13
55636,305;418,038
55636,59;417,947
55636,875;417,858
55637,16;417,772
55637,445;417,687
55637,73;417,604
55638,015;417,523
55638,3;417,444
55638,585;417,367
55638,87;417,292
55639,155;417,22
55639,44;417,149
55639,725;417,081
55640,01;417,015
55640,295;416,952
55640,58;416,891
55640,865;416,832
55641,15;416,775
55641,435;416,721
55641,72;416,67
55642,005;416,621
55642,29;416,574
55642,575;416,531
55642,86;416,489
55643,145;416,451
55643,43;416,415
55643,715;416,382
55644;416,352
55644,285;416,324
55644,57;416,299
55644,855;416,278
55645,14;416,259
55645,425;416,243
55645,71;416,23
55645,995;416,22
55646,28;416,213
55646,565;416,21
55646,85;416,209
55647,135;416,212
55647,42;416,218
55647,705;416,227
55647,99;416,239
55648,275;416,255
55648,56;416,274
55648,845;416,296
55649,13;416,322
55649,415;416,352
55649,7;416,385
55649,985;416,421
55650,27;416,461
55650,555;416,505
55650,84;416,552
55651,125;416,603
55651,41;416,658
55651,695;416,716
55651,98;416,778
55652,265;416,844
55652,55;416,914
55652,835;416,988
55653,12;417,065
55653,405;417,146
55653,69;417,23
55653,975;417,317
55654,26;417,407
55654,545;417,499
55654,83;417,594
55655,115;417,691
55655,4;417,791
55655,685;417,892
55655,97;417,995
55656,255;418,099
55656,54;418,205
55656,825;418,312
55657,11;418,42
55657,395;418,528
55657,68;418,637
55657,965;418,747
55658,25;418,857
55658,535;418,967
55658,82;419,077
55659,105;419,186
55659,39;419,295
55659,675;419,403
55659,96;419,511
55660,245;419,617
55660,53;419,722
55660,815;419,825
55661,1;419,927
55661,385;420,027
55661,67;420,125
55661,955;420,221
55662,24;420,314
55662,525;420,405
55662,81;420,493
55663,095;420,578
55663,38;420,66
55663,665;420,739
55663,95;420,814
55664,235;420,886
55664,52;420,953
55664,805;421,017
55665,09;421,076
55665,375;421,131
55665,66;421,181
55665,945;421,226
55666,23;421,266
55666,515;421,302
55666,8;421,331
55667,085;421,356
55667,37;421,374
55667,655;421,386
55667,94;421,393
55668,225;421,393
55668,51;421,387
55668,795;421,373
55669,08;421,353
55669,365;421,326
55669,65;421,292
55669,935;421,251
55670,22;421,203
55670,505;421,148
55670,79;421,087
55671,075;421,019
55671,36;420,944
55671,645;420,863
55671,93;420,775
55672,215;420,682
55672,5;420,582
55672,785;420,476
55673,07;420,364
55673,355;420,247
55673,64;420,123
55673,925;419,994
55674,21;419,859
55674,495;419,719
55674,78;419,574
55675,065;419,423
55675,35;419,267
55675,635;419,106
55675,92;418,94
55676,205;418,769
55676,49;418,593
55676,775;418,412
55677,06;418,227
55677,345;418,037
55677,63;417,843
55677,915;417,645
55678,2;417,442
55678,485;417,235
55678,77;417,024
55679,055;416,809
55679,34;416,591
55679,625;416,368
55679,91;416,142
55680,195;415,912
55680,48;415,679
55680,765;415,442
55681,05;415,202
55681,335;414,959
55681,62;414,713
55681,905;414,464
55682,19;414,212
55682,475;413,957
55682,76;413,699
55683,045;413,439
55683,33;413,176
55683,615;412,91
55683,9;412,643
55684,185;412,373
55684,47;412,101
55684,755;411,827
55685,04;411,551
55685,325;411,273
55685,61;410,993
55685,895;410,711
55686,18;410,428
55686,465;410,144
55686,75;409,858
55687,035;409,571
55687,32;409,283
55687,605;408,994
55687,89;408,704
55688,175;408,413
55688,46;408,121
55688,745;407,829
55689,03;407,537
55689,315;407,245
55689,6;406,952
55689,885;406,659
55690,17;406,367
55690,455;406,074
55690,74;405,782
55691,025;405,491
55691,31;405,2
55691,595;404,909
55691,88;404,62
55692,165;404,332
55692,45;404,044
55692,735;403,758
55693,02;403,473
55693,305;403,19
55693,59;402,908
55693,875;402,628
55694,16;402,35
55694,445;402,074
55694,73;401,799
55695,015;401,527
55695,3;401,258
55695,585;400,99
55695,87;400,726
55696,155;400,463
55696,44;400,204
55696,725;399,948
55697,01;399,694
55697,295;399,444
55697,58;399,197
55697,865;398,954
55698,15;398,714
55698,435;398,478
55698,72;398,245
55699,005;398,016
55699,29;397,792
55699,575;397,571
55699,86;397,355
55700,145;397,143
55700,43;396,936
55700,715;396,733
55701;396,535
55701,285;396,342
55701,57;396,154
55701,855;395,971
55702,14;395,793
55702,425;395,621
55702,71;395,454
55702,995;395,293
55703,28;395,137
55703,565;394,988
55703,85;394,844
55704,135;394,706
55704,42;394,574
55704,705;394,449
55704,99;394,33
55705,275;394,218
55705,56;394,112
55705,845;394,012
55706,13;393,92
55706,415;393,834
55706,7;393,756
55706,985;393,684
55707,27;393,62
55707,555;393,563
55707,84;393,514
55708,125;393,472
55708,41;393,437
55708,695;393,411
55708,98;393,392
55709,265;393,381
55709,55;393,379
55709,835;393,384
55710,12;393,398
55710,405;393,42
55710,69;393,451
55710,975;393,49
55711,26;393,538
55711,545;393,595
55711,83;393,66
55712,115;393,735
55712,4;393,819
55712,685;393,912
55712,97;394,015
55713,255;394,127
55713,54;394,248
55713,825;394,379
55714,11;394,52
55714,395;394,671
55714,68;394,832
55714,965;395,003
55715,25;395,184
55715,535;395,376
55715,82;395,578
55716,105;395,79
55716,39;396,013
55716,675;396,247
55716,96;396,492
55717,245;396,747
55717,53;397,014
55717,815;397,292
55718,1;397,581
55718,385;397,881
55718,67;398,193
55718,955;398,517
55719,24;398,852
55719,525;399,199
55719,81;399,558
55720,095;399,929
55720,38;400,311
55720,665;400,705
55720,95;401,11
55721,235;401,526
55721,52;401,952
55721,805;402,388
55722,09;402,835
55722,375;403,291
55722,66;403,756
55722,945;404,231
55723,23;404,714
55723,515;405,206
55723,8;405,706
55724,085;406,215
55724,37;406,731
55724,655;407,254
55724,94;407,785
55725,225;408,323
55725,51;408,867
55725,795;409,418
55726,08;409,975
55726,365;410,537
55726,65;411,105
55726,935;411,679
55727,22;412,257
55727,505;412,84
55727,79;413,428
55728,075;414,019
55728,36;414,615
55728,645;415,214
55728,93;415,817
55729,215;416,422
55729,5;417,031
55729,785;417,642
55730,07;418,255
55730,355;418,87
55730,64;419,486
55730,925;420,104
55731,21;420,724
55731,495;421,344
55731,78;421,964
55732,065;422,585
55732,35;423,206
55732,635;423,827
55732,92;424,447
55733,205;425,067
55733,49;425,685
55733,775;426,302
55734,06;426,917
55734,345;427,53
55734,63;428,142
55734,915;428,75
55735,2;429,356
55735,485;429,959
55735,77;430,559
55736,055;431,155
55736,34;431,747
55736,625;432,335
55736,91;432,919
55737,195;433,499
55737,48;434,074
55737,765;434,645
55738,05;435,211
55738,335;435,773
55738,62;436,331
55738,905;436,884
55739,19;437,433
55739,475;437,978
55739,76;438,518
55740,045;439,054
55740,33;439,586
55740,615;440,113
55740,9;440,636
55741,185;441,155
55741,47;441,669
55741,755;442,179
55742,04;442,684
55742,325;443,185
55742,61;443,681
55742,895;444,173
55743,18;444,661
55743,465;445,144
55743,75;445,623
55744,035;446,098
55744,32;446,568
55744,605;447,033
55744,89;447,495
55745,175;447,951
55745,46;448,404
55745,745;448,852
55746,03;449,295
55746,315;449,734
55746,6;450,169
55746,885;450,599
55747,17;451,024
55747,455;451,445
55747,74;451,862
55748,025;452,274
55748,31;452,682
55748,595;453,085
55748,88;453,484
55749,165;453,878
55749,45;454,268
55749,735;454,654
55750,02;455,034
55750,305;455,411
55750,59;455,782
55750,875;456,15
55751,16;456,512
55751,445;456,871
55751,73;457,224
55752,015;457,574
55752,3;457,918
55752,585;458,258
55752,87;458,594
55753,155;458,925
55753,44;459,252
55753,725;459,574
55754,01;459,892
55754,295;460,205
55754,58;460,516
55754,865;460,823
55755,15;461,126
55755,435;461,427
55755,72;461,726
55756,005;462,022
55756,29;462,316
55756,575;462,609
55756,86;462,9
55757,145;463,19
55757,43;463,479
55757,715;463,767
55758;464,056
55758,285;464,344
55758,57;464,632
55758,855;464,921
55759,14;465,211
55759,425;465,502
55759,71;465,794
55759,995;466,088
55760,28;466,384
55760,565;466,682
55760,85;466,982
55761,135;467,286
55761,42;467,592
55761,705;467,902
55761,99;468,215
55762,275;468,532
55762,56;468,854
55762,845;469,179
55763,13;469,51
55763,415;469,845
55763,7;470,186
55763,985;470,532
55764,27;470,884
55764,555;471,243
55764,84;471,607
55765,125;471,979
55765,41;472,357
55765,695;472,743
55765,98;473,136
55766,265;473,536
55766,55;473,945
55766,835;474,363
55767,12;474,788
55767,405;475,223
55767,69;475,667
55767,975;476,121
55768,26;476,584
55768,545;477,057
55768,83;477,541
55769,115;478,035
55769,4;478,54
55769,685;479,056
55769,97;479,583
55770,255;480,122
55770,54;480,673
55770,825;481,236
55771,11;481,81
55771,395;482,396
55771,68;482,992
55771,965;483,6
55772,25;484,218
55772,535;484,846
55772,82;485,485
55773,105;486,134
55773,39;486,792
55773,675;487,46
55773,96;488,138
55774,245;488,824
55774,53;489,52
55774,815;490,224
55775,1;490,937
55775,385;491,658
55775,67;492,387
55775,955;493,124
55776,24;493,868
55776,525;494,62
55776,81;495,379
55777,095;496,146
55777,38;496,919
55777,665;497,699
55777,95;498,485
55778,235;499,277
55778,52;500,075
55778,805;500,879
55779,09;501,689
55779,375;502,503
55779,66;503,323
55779,945;504,148
55780,23;504,978
55780,515;505,812
55780,8;506,65
55781,085;507,492
55781,37;508,338
55781,655;509,188
55781,94;510,041
55782,225;510,898
55782,51;511,757
55782,795;512,619
55783,08;513,484
55783,365;514,351
55783,65;515,22
55783,935;516,091
55784,22;516,964
55784,505;517,838
55784,79;518,713
55785,075;519,59
55785,36;520,468
55785,645;521,346
55785,93;522,224
55786,215;523,103
55786,5;523,982
55786,785;524,86
55787,07;525,739
55787,355;526,616
55787,64;527,493
55787,925;528,369
55788,21;529,244
55788,495;530,118
55788,78;530,991
55789,065;531,862
55789,35;532,732
55789,635;533,601
55789,92;534,468
55790,205;535,333
55790,49;536,196
55790,775;537,058
55791,06;537,917
55791,345;538,774
55791,63;539,629
55791,915;540,482
55792,2;541,332
55792,485;542,179
55792,77;543,024
55793,055;543,865
55793,34;544,704
55793,625;545,54
55793,91;546,373
55794,195;547,202
55794,48;548,028
55794,765;548,85
55795,05;549,669
55795,335;550,484
55795,62;551,296
55795,905;552,103
55796,19;552,906
55796,475;553,705
55796,76;554,5
55797,045;555,29
55797,33;556,076
55797,615;556,858
55797,9;557,634
55798,185;558,406
55798,47;559,173
55798,755;559,934
55799,04;560,691
55799,325;561,442
55799,61;562,188
55799,895;562,928
55800,18;563,663
55800,465;564,392
55800,75;565,115
55801,035;565,832
55801,32;566,544
55801,605;567,249
55801,89;567,947
55802,175;568,64
55802,46;569,326
55802,745;570,005
55803,03;570,677
55803,315;571,343
55803,6;572,002
55803,885;572,653
55804,17;573,298
55804,455;573,935
55804,74;574,566
55805,025;575,19
55805,31;575,807
55805,595;576,418
55805,88;577,022
55806,165;577,62
55806,45;578,212
55806,735;578,798
55807,02;579,378
55807,305;579,952
55807,59;580,521
55807,875;581,085
55808,16;581,642
55808,445;582,195
55808,73;582,743
55809,015;583,286
55809,3;583,824
55809,585;584,357
55809,87;584,886
55810,155;585,41
55810,44;585,93
55810,725;586,446
55811,01;586,958
55811,295;587,466
55811,58;587,97
55811,865;588,471
55812,15;588,968
55812,435;589,461
55812,72;589,952
55813,005;590,439
55813,29;590,924
55813,575;591,405
55813,86;591,884
55814,145;592,36
55814,43;592,834
55814,715;593,306
55815;593,775
55815,285;594,242
55815,57;594,707
55815,855;595,171
55816,14;595,633
55816,425;596,093
55816,71;596,552
55816,995;597,01
55817,28;597,466
55817,565;597,922
55817,85;598,376
55818,135;598,83
55818,42;599,283
55818,705;599,736
55818,99;600,189
55819,275;600,641
55819,56;601,093
55819,845;601,545
55820,13;601,997
55820,415;602,45
55820,7;602,903
55820,985;603,357
55821,27;603,81
55821,555;604,264
55821,84;604,716
55822,125;605,168
55822,41;605,618
55822,695;606,066
55822,98;606,511
55823,265;606,954
55823,55;607,393
55823,835;607,829
55824,12;608,26
55824,405;608,687
55824,69;609,108
55824,975;609,525
55825,26;609,935
55825,545;610,339
55825,83;610,736
55826,115;611,125
55826,4;611,507
55826,685;611,881
55826,97;612,247
55827,255;612,603
55827,54;612,95
55827,825;613,287
55828,11;613,614
55828,395;613,93
55828,68;614,235
55828,965;614,528
55829,25;614,809
55829,535;615,078
55829,82;615,333
55830,105;615,576
55830,39;615,804
55830,675;616,019
55830,96;616,219
55831,245;616,403
55831,53;616,572
55831,815;616,725
55832,1;616,862
55832,385;616,982
55832,67;617,084
55832,955;617,169
55833,24;617,236
55833,525;617,284
55833,81;617,313
55834,095;617,323
55834,38;617,312
55834,665;617,282
55834,95;617,23
55835,235;617,157
55835,52;617,063
55835,805;616,947
55836,09;616,808
55836,375;616,646
55836,66;616,461
55836,945;616,252
55837,23;616,018
55837,515;615,76
55837,8;615,477
55838,085;615,169
55838,37;614,837
55838,655;614,482
55838,94;614,103
55839,225;613,701
55839,51;613,277
55839,795;612,832
55840,08;612,365
55840,365;611,878
55840,65;611,37
55840,935;610,843
55841,22;610,297
55841,505;609,733
55841,79;609,15
55842,075;608,55
55842,36;607,932
55842,645;607,299
55842,93;606,649
55843,215;605,984
55843,5;605,304
55843,785;604,609
55844,07;603,901
55844,355;603,179
55844,64;602,444
55844,925;601,697
55845,21;600,938
55845,495;600,167
55845,78;599,386
55846,065;598,594
55846,35;597,793
55846,635;596,982
55846,92;596,163
55847,205;595,335
55847,49;594,5
55847,775;593,657
55848,06;592,808
55848,345;591,952
55848,63;591,091
55848,915;590,225
55849,2;589,354
55849,485;588,478
55849,77;587,6
55850,055;586,718
55850,34;585,833
55850,625;584,947
55850,91;584,059
55851,195;583,169
55851,48;582,28
55851,765;581,39
55852,05;580,501
55852,335;579,613
55852,62;578,726
55852,905;577,842
55853,19;576,96
55853,475;576,081
55853,76;575,205
55854,045;574,334
55854,33;573,468
55854,615;572,606
55854,9;571,75
55855,185;570,898
55855,47;570,051
55855,755;569,208
55856,04;568,368
55856,325;567,533
55856,61;566,701
55856,895;565,872
55857,18;565,045
55857,465;564,222
55857,75;563,4
55858,035;562,58
55858,32;561,762
55858,605;560,946
55858,89;560,131
55859,175;559,316
55859,46;558,502
55859,745;557,688
55860,03;556,875
55860,315;556,06
55860,6;555,246
55860,885;554,431
55861,17;553,614
55861,455;552,796
55861,74;551,976
55862,025;551,155
55862,31;550,331
55862,595;549,505
55862,88;548,676
55863,165;547,843
55863,45;547,008
55863,735;546,169
55864,02;545,326
55864,305;544,478
55864,59;543,627
55864,875;542,77
55865,16;541,909
55865,445;541,042
55865,73;540,169
55866,015;539,291
55866,3;538,407
55866,585;537,516
55866,87;536,618
55867,155;535,714
55867,44;534,802
55867,725;533,883
55868,01;532,955
55868,295;532,02
55868,58;531,077
55868,865;530,124
55869,15;529,163
55869,435;528,192
55869,72;527,212
55870,005;526,223
55870,29;525,223
55870,575;524,213
55870,86;523,192
55871,145;522,16
55871,43;521,118
55871,715;520,063
55872;518,998
55872,285;517,921
55872,57;516,832
55872,855;515,732
55873,14;514,621
55873,425;513,497
55873,71;512,362
55873,995;511,215
55874,28;510,056
55874,565;508,885
55874,85;507,702
55875,135;506,507
55875,42;505,299
55875,705;504,08
55875,99;502,848
55876,275;501,603
55876,56;500,346
55876,845;499,077
55877,13;497,795
55877,415;496,5
55877,7;495,192
55877,985;493,872
55878,27;492,539
55878,555;491,192
55878,84;489,833
55879,125;488,46
55879,41;487,075
55879,695;485,676
55879,98;484,264
55880,265;482,838
55880,55;481,399
55880,835;479,946
55881,12;478,48
55881,405;477
55881,69;475,507
55881,975;473,999
55882,26;472,478
55882,545;470,942
55882,83;469,393
55883,115;467,83
55883,4;466,252
55883,685;464,66
55883,97;463,054
55884,255;461,434
55884,54;459,799
55884,825;458,149
55885,11;456,485
55885,395;454,807
55885,68;453,113
55885,965;451,405
55886,25;449,682
55886,535;447,944
55886,82;446,191
55887,105;444,423
55887,39;442,64
55887,675;440,841
55887,96;439,028
55888,245;437,199
55888,53;435,355
55888,815;433,496
55889,1;431,622
55889,385;429,735
55889,67;427,834
55889,955;425,919
55890,24;423,992
55890,525;422,051
55890,81;420,099
55891,095;418,134
55891,38;416,158
55891,665;414,171
55891,95;412,172
55892,235;410,163
55892,52;408,144
55892,805;406,115
55893,09;404,077
55893,375;402,029
55893,66;399,973
55893,945;397,908
55894,23;395,835
55894,515;393,754
55894,8;391,666
55895,085;389,571
55895,37;387,469
55895,655;385,361
55895,94;383,247
55896,225;381,127
55896,51;379,002
55896,795;376,872
55897,08;374,738
55897,365;372,599
55897,65;370,456
55897,935;368,31
55898,22;366,161
55898,505;364,009
55898,79;361,854
55899,075;359,697
55899,36;357,539
55899,645;355,379
55899,93;353,218
55900,215;351,056
55900,5;348,894
55900,785;346,733
55901,07;344,571
55901,355;342,41
55901,64;340,25
55901,925;338,092
55902,21;335,935
55902,495;333,781
55902,78;331,629
55903,065;329,479
55903,35;327,333
55903,635;325,191
55903,92;323,052
55904,205;320,918
55904,49;318,788
55904,775;316,663
55905,06;314,544
55905,345;312,43
55905,63;310,321
55905,915;308,219
55906,2;306,123
55906,485;304,034
55906,77;301,951
55907,055;299,875
55907,34;297,806
55907,625;295,745
55907,91;293,691
55908,195;291,646
55908,48;289,608
55908,765;287,578
55909,05;285,557
55909,335;283,545
55909,62;281,542
55909,905;279,548
55910,19;277,564
55910,475;275,589
55910,76;273,624
55911,045;271,669
55911,33;269,724
55911,615;267,79
55911,9;265,867
55912,185;263,955
55912,47;262,054
55912,755;260,165
55913,04;258,287
55913,325;256,422
55913,61;254,568
55913,895;252,727
55914,18;250,899
55914,465;249,083
55914,75;247,28
55915,035;245,491
55915,32;243,715
55915,605;241,953
55915,89;240,205
55916,175;238,472
55916,46;236,752
55916,745;235,048
55917,03;233,358
55917,315;231,683
55917,6;230,024
55917,885;228,38
55918,17;226,753
55918,455;225,141
55918,74;223,545
55919,025;221,966
55919,31;220,404
55919,595;218,859
55919,88;217,33
55920,165;215,82
55920,45;214,326
55920,735;212,851
55921,02;211,394
55921,305;209,955
55921,59;208,535
55921,875;207,133
55922,16;205,75
55922,445;204,385
55922,73;203,038
55923,015;201,708
55923,3;200,394
55923,585;199,097
55923,87;197,815
55924,155;196,548
55924,44;195,296
55924,725;194,058
55925,01;192,833
55925,295;191,622
55925,58;190,423
55925,865;189,236
55926,15;188,06
55926,435;186,896
55926,72;185,742
55927,005;184,598
55927,29;183,464
55927,575;182,339
55927,86;181,222
55928,145;180,113
55928,43;179,012
55928,715;177,918
55929;176,83
55929,285;175,748
55929,57;174,672
55929,855;173,6
55930,14;172,533
55930,425;171,47
55930,71;170,411
55930,995;169,354
55931,28;168,3
55931,565;167,248
55931,85;166,198
55932,135;165,148
55932,42;164,098
55932,705;163,049
55932,99;161,999
55933,275;160,948
55933,56;159,895
55933,845;158,84
55934,13;157,783
55934,415;156,722
55934,7;155,658
55934,985;154,59
55935,27;153,517
55935,555;152,439
55935,84;151,355
55936,125;150,265
55936,41;149,169
55936,695;148,065
55936,98;146,954
55937,265;145,835
55937,55;144,706
55937,835;143,569
55938,12;142,422
55938,405;141,265
55938,69;140,097
55938,975;138,919
55939,26;137,73
55939,545;136,532
55939,83;135,325
55940,115;134,109
55940,4;132,886
55940,685;131,656
55940,97;130,42
55941,255;129,177
55941,54;127,93
55941,825;126,677
55942,11;125,421
55942,395;124,161
55942,68;122,898
55942,965;121,633
55943,25;120,366
55943,535;119,099
55943,82;117,831
55944,105;116,562
55944,39;115,295
55944,675;114,029
55944,96;112,765
55945,245;111,504
55945,53;110,245
55945,815;108,991
55946,1;107,741
55946,385;106,496
55946,67;105,256
55946,955;104,023
55947,24;102,796
55947,525;101,577
55947,81;100,365
55948,095;99,163
55948,38;97,969
55948,665;96,785
55948,95;95,612
55949,235;94,45
55949,52;93,299
55949,805;92,16
55950,09;91,035
55950,375;89,922
55950,66;88,824
55950,945;87,74
55951,23;86,672
55951,515;85,619
55951,8;84,583
55952,085;83,564
55952,37;82,562
55952,655;81,579
55952,94;80,614
55953,225;79,669
55953,51;78,744
55953,795;77,839
55954,08;76,956
55954,365;76,095
55954,65;75,256
55954,935;74,44
55955,22;73,648
55955,505;72,88
55955,79;72,136
55956,075;71,416
55956,36;70,718
55956,645;70,043
55956,93;69,39
55957,215;68,756
55957,5;68,143
55957,785;67,549
55958,07;66,973
55958,355;66,415
55958,64;65,874
55958,925;65,349
55959,21;64,84
55959,495;64,345
55959,78;63,865
55960,065;63,397
55960,35;62,942
55960,635;62,499
55960,92;62,067
55961,205;61,645
55961,49;61,232
55961,775;60,829
55962,06;60,433
55962,345;60,045
55962,63;59,663
55962,915;59,287
55963,2;58,917
55963,485;58,55
55963,77;58,187
55964,055;57,827
55964,34;57,47
55964,625;57,113
55964,91;56,758
55965,195;56,402
55965,48;56,045
55965,765;55,687
55966,05;55,326
55966,335;54,963
55966,62;54,595
55966,905;54,224
55967,19;53,846
55967,475;53,463
55967,76;53,073
55968,045;52,676
55968,33;52,27
55968,615;51,856
55968,9;51,431
55969,185;50,996
55969,47;50,551
55969,755;50,093
55970,04;49,622
55970,325;49,138
55970,61;48,64
55970,895;48,127
55971,18;47,598
55971,465;47,053
55971,75;46,491
55972,035;45,911
55972,32;45,313
55972,605;44,695
55972,89;44,06
55973,175;43,407
55973,46;42,737
55973,745;42,052
55974,03;41,352
55974,315;40,637
55974,6;39,908
55974,885;39,167
55975,17;38,414
55975,455;37,649
55975,74;36,873
55976,025;36,088
55976,31;35,293
55976,595;34,49
55976,88;33,68
55977,165;32,862
55977,45;32,038
55977,735;31,209
55978,02;30,375
55978,305;29,538
55978,59;28,697
55978,875;27,854
55979,16;27,009
55979,445;26,163
55979,73;25,317
55980,015;24,471
55980,3;23,627
55980,585;22,785
55980,87;21,945
55981,155;21,11
55981,44;20,278
55981,725;19,452
55982,01;18,631
55982,295;17,817
55982,58;17,01
55982,865;16,211
55983,15;15,421
55983,435;14,641
55983,72;13,87
55984,005;13,111
55984,29;12,364
55984,575;11,629
55984,86;10,907
55985,145;10,199
55985,43;9,507
55985,715;8,829
55986;8,168
55986,285;7,524
55986,57;6,897
55986,855;6,29
55987,14;5,701
55987,425;5,132
55987,71;4,584
55987,995;4,058
55988,28;3,554
55988,565;3,072
55988,85;2,615
55989,135;2,182
55989,42;1,773
55989,705;1,389
55989,99;1,029
55990,275;0,693
55990,56;0,379
55990,845;0,087
55991,13;0
55991,415;0
55991,7;0
55991,985;0
55992,27;0
55992,555;0
55992,84;0
55993,125;0
55993,41;0
55993,695;0
55993,98;0
55994,265;0
55994,55;0
55994,835;0
55995,12;0
55995,405;0
55995,69;0
55995,975;0
55996,26;0
55996,545;0
55996,83;0
55997,115;0
55997,4;0
55997,685;0
55997,97;0
55998,255;0
55998,54;0
55998,825;0
55999,11;0
55999,395;0
55999,68;0
55999,965;0
56000,25;0
56000,535;0
56000,82;0
56001,105;0
56001,39;0
56001,675;0,147
56001,96;0,302
56002,245;0,458
56002,53;0,614
56002,815;0,77
56003,1;0,925
56003,385;1,078
56003,67;1,23
56003,955;1,379
56004,24;1,525
56004,525;1,667
56004,81;1,806
56005,095;1,939
56005,38;2,068
56005,665;2,191
56005,95;2,307
56006,235;2,417
56006,52;2,52
56006,805;2,617
56007,09;2,708
56007,375;2,792
56007,66;2,871
56007,945;2,944
56008,23;3,011
56008,515;3,072
56008,8;3,128
56009,085;3,179
56009,37;3,225
56009,655;3,266
56009,94;3,302
56010,225;3,334
56010,51;3,361
56010,795;3,383
56011,08;3,401
56011,365;3,416
56011,65;3,426
56011,935;3,432
56012,22;3,435
56012,505;3,434
56012,79;3,43
56013,075;3,423
56013,36;3,412
56013,645;3,399
56013,93;3,383
56014,215;3,364
56014,5;3,343
56014,785;3,319
56015,07;3,293
56015,355;3,266
56015,64;3,236
56015,925;3,204
56016,21;3,171
56016,495;3,136
56016,78;3,1
56017,065;3,062
56017,35;3,024
56017,635;2,985
56017,92;2,945
56018,205;2,904
56018,49;2,863
56018,775;2,821
56019,06;2,779
56019,345;2,737
56019,63;2,696
56019,915;2,654
56020,2;2,613
56020,485;2,572
56020,77;2,532
56021,055;2,493
56021,34;2,455
56021,625;2,418
56021,91;2,382
56022,195;2,348
56022,48;2,315
56022,765;2,283
56023,05;2,254
56023,335;2,226
56023,62;2,2
56023,905;2,176
56024,19;2,153
56024,475;2,132
56024,76;2,112
56025,045;2,094
56025,33;2,078
56025,615;2,062
56025,9;2,049
56026,185;2,036
56026,47;2,025
56026,755;2,016
56027,04;2,007
56027,325;2
56027,61;1,994
56027,895;1,989
56028,18;1,985
56028,465;1,982
56028,75;1,981
56029,035;1,98
56029,32;1,98
56029,605;1,981
56029,89;1,983
56030,175;1,986
56030,46;1,989
56030,745;1,994
56031,03;1,999
56031,315;2,004
56031,6;2,011
56031,885;2,018
56032,17;2,025
56032,455;2,033
56032,74;2,042
56033,025;2,05
56033,31;2,06
56033,595;2,069
56033,88;2,079
56034,165;2,09
56034,45;2,1
56034,735;2,111
56035,02;2,122
56035,305;2,133
56035,59;2,144
56035,875;2,155
56036,16;2,166
56036,445;2,177
56036,73;2,188
56037,015;2,199
56037,3;2,21
56037,585;2,221
56037,87;2,231
56038,155;2,241
56038,44;2,251
56038,725;2,261
56039,01;2,27
56039,295;2,279
56039,58;2,287
56039,865;2,295
56040,15;2,302
56040,435;2,309
56040,72;2,315
56041,005;2,321
56041,29;2,327
56041,575;2,332
56041,86;2,337
56042,145;2,341
56042,43;2,345
56042,715;2,348
56043;2,351
56043,285;2,354
56043,57;2,357
56043,855;2,359
56044,14;2,361
56044,425;2,362
56044,71;2,363
56044,995;2,364
56045,28;2,365
56045,565;2,365
56045,85;2,365
56046,135;2,365
56046,42;2,364
56046,705;2,364
56046,99;2,363
56047,275;2,362
56047,56;2,361
56047,845;2,359
56048,13;2,358
56048,415;2,356
56048,7;2,354
56048,985;2,352
56049,27;2,35
56049,555;2,347
56049,84;2,345
56050,125;2,343
56050,41;2,34
56050,695;2,337
56050,98;2,335
56051,265;2,332
56051,55;2,329
56051,835;2,326
56052,12;2,324
56052,405;2,321
56052,69;2,318
56052,975;2,315
56053,26;2,312
56053,545;2,31
56053,83;2,307
56054,115;2,304
56054,4;2,302
56054,685;2,299
56054,97;2,297
56055,255;2,295
56055,54;2,292
56055,825;2,29
56056,11;2,288
56056,395;2,287
56056,68;2,285
56056,965;2,284
56057,25;2,282
56057,535;2,281
56057,82;2,28
56058,105;2,279
56058,39;2,279
56058,675;2,278
56058,96;2,278
56059,245;2,277
56059,53;2,277
56059,815;2,277
56060,1;2,277
56060,385;2,277
56060,67;2,277
56060,955;2,277
56061,24;2,277
56061,525;2,278
56061,81;2,278
56062,095;2,278
56062,38;2,279
56062,665;2,28
56062,95;2,28
56063,235;2,281
56063,52;2,281
56063,805;2,282
56064,09;2,283
56064,375;2,284
56064,66;2,284
56064,945;2,285
56065,23;2,286
56065,515;2,287
56065,8;2,287
56066,085;2,288
56066,37;2,289
56066,655;2,29
56066,94;2,29
56067,225;2,291
56067,51;2,292
56067,795;2,292
56068,08;2,293
56068,365;2,293
56068,65;2,293
56068,935;2,294
56069,22;2,294
56069,505;2,294
56069,79;2,294
56070,075;2,294
56070,36;2,294
56070,645;2,294
56070,93;2,294
56071,215;2,293
56071,5;2,293
56071,785;2,292
56072,07;2,291
56072,355;2,29
56072,64;2,289
56072,925;2,288
56073,21;2,287
56073,495;2,285
56073,78;2,284
56074,065;2,282
56074,35;2,28
56074,635;2,278
56074,92;2,276
56075,205;2,274
56075,49;2,271
56075,775;2,269
56076,06;2,267
56076,345;2,264
56076,63;2,262
56076,915;2,259
56077,2;2,257
56077,485;2,254
56077,77;2,252
56078,055;2,249
56078,34;2,247
56078,625;2,244
56078,91;2,242
56079,195;2,239
56079,48;2,237
56079,765;2,235
56080,05;2,232
56080,335;2,23
56080,62;2,228
56080,905;2,226
56081,19;2,225
56081,475;2,223
56081,76;2,221
56082,045;2,22
56082,33;2,219
56082,615;2,218
56082,9;2,217
56083,185;2,216
56083,47;2,216
56083,755;2,216
56084,04;2,216
56084,325;2,216
56084,61;2,216
56084,895;2,217
56085,18;2,218
56085,465;2,219
56085,75;2,221
56086,035;2,223
56086,32;2,225
56086,605;2,228
56086,89;2,23
56087,175;2,233
56087,46;2,237
56087,745;2,241
56088,03;2,245
56088,315;2,25
56088,6;2,254
56088,885;2,26
56089,17;2,266
56089,455;2,272
56089,74;2,278
56090,025;2,285
56090,31;2,293
56090,595;2,301
56090,88;2,309
56091,165;2,318
56091,45;2,327
56091,735;2,336
56092,02;2,345
56092,305;2,355
56092,59;2,365
56092,875;2,375
56093,16;2,385
56093,445;2,395
56093,73;2,405
56094,015;2,416
56094,3;2,426
56094,585;2,436
56094,87;2,446
56095,155;2,455
56095,44;2,465
56095,725;2,475
56096,01;2,484
56096,295;2,493
56096,58;2,501
56096,865;2,509
56097,15;2,517
56097,435;2,524
56097,72;2,531
56098,005;2,538
56098,29;2,543
56098,575;2,549
56098,86;2,553
56099,145;2,557
56099,43;2,561
56099,715;2,563
56100;2,565
56100,285;2,566
56100,57;2,567
56100,855;2,566
56101,14;2,564
56101,425;2,562
56101,71;2,559
56101,995;2,554
56102,28;2,549
56102,565;2,542
56102,85;2,535
56103,135;2,526
56103,42;2,516
56103,705;2,505
56103,99;2,493
56104,275;2,479
56104,56;2,464
56104,845;2,448
56105,13;2,43
56105,415;2,411
56105,7;2,391
56105,985;2,369
56106,27;2,345
56106,555;2,32
56106,84;2,293
56107,125;2,265
56107,41;2,235
56107,695;2,203
56107,98;2,171
56108,265;2,137
56108,55;2,102
56108,835;2,067
56109,12;2,03
56109,405;1,993
56109,69;1,956
56109,975;1,918
56110,26;1,88
56110,545;1,841
56110,83;1,803
56111,115;1,765
56111,4;1,728
56111,685;1,69
56111,97;1,654
56112,255;1,618
56112,54;1,582
56112,825;1,548
56113,11;1,515
56113,395;1,483
56113,68;1,453
56113,965;1,423
56114,25;1,396
56114,535;1,37
56114,82;1,346
56115,105;1,325
56115,39;1,305
56115,675;1,287
56115,96;1,272
56116,245;1,26
56116,53;1,25
56116,815;1,243
56117,1;1,239
56117,385;1,238
56117,67;1,24
56117,955;1,245
56118,24;1,254
56118,525;1,267
56118,81;1,283
56119,095;1,303
56119,38;1,327
56119,665;1,355
56119,95;1,388
56120,235;1,425
56120,52;1,466
56120,805;1,512
56121,09;1,563
56121,375;1,618
56121,66;1,679
56121,945;1,745
56122,23;1,816
56122,515;1,892
56122,8;1,975
56123,085;2,062
56123,37;2,156
56123,655;2,256
56123,94;2,361
56124,225;2,473
56124,51;2,59
56124,795;2,714
56125,08;2,843
56125,365;2,978
56125,65;3,118
56125,935;3,263
56126,22;3,413
56126,505;3,569
56126,79;3,729
56127,075;3,894
56127,36;4,064
56127,645;4,239
56127,93;4,418
56128,215;4,601
56128,5;4,788
56128,785;4,98
56129,07;5,175
56129,355;5,374
56129,64;5,577
56129,925;5,783
56130,21;5,993
56130,495;6,206
56130,78;6,422
56131,065;6,641
56131,35;6,863
56131,635;7,088
56131,92;7,316
56132,205;7,546
56132,49;7,779
56132,775;8,014
56133,06;8,251
56133,345;8,49
56133,63;8,731
56133,915;8,974
56134,2;9,218
56134,485;9,465
56134,77;9,712
56135,055;9,961
56135,34;10,211
56135,625;10,462
56135,91;10,714
56136,195;10,967
56136,48;11,22
56136,765;11,474
56137,05;11,729
56137,335;11,984
56137,62;12,239
56137,905;12,494
56138,19;12,749
56138,475;13,003
56138,76;13,258
56139,045;13,512
56139,33;13,765
56139,615;14,018
56139,9;14,27
56140,185;14,521
56140,47;14,771
56140,755;15,02
56141,04;15,267
56141,325;15,514
56141,61;15,758
56141,895;16,002
56142,18;16,243
56142,465;16,484
56142,75;16,722
56143,035;16,959
56143,32;17,194
56143,605;17,427
56143,89;17,658
56144,175;17,887
56144,46;18,114
56144,745;18,339
56145,03;18,562
56145,315;18,782
56145,6;19
56145,885;19,216
56146,17;19,429
56146,455;19,64
56146,74;19,848
56147,025;20,054
56147,31;20,257
56147,595;20,457
56147,88;20,654
56148,165;20,848
56148,45;21,039
56148,735;21,227
56149,02;21,412
56149,305;21,594
56149,59;21,773
56149,875;21,948
56150,16;22,12
56150,445;22,289
56150,73;22,454
56151,015;22,615
56151,3;22,773
56151,585;22,927
56151,87;23,077
56152,155;23,223
56152,44;23,366
56152,725;23,504
56153,01;23,639
56153,295;23,769
56153,58;23,895
56153,865;24,017
56154,15;24,135
56154,435;24,248
56154,72;24,357
56155,005;24,461
56155,29;24,561
56155,575;24,656
56155,86;24,747
56156,145;24,832
56156,43;24,913
56156,715;24,989
56157;25,06
56157,285;25,126
56157,57;25,187
56157,855;25,242
56158,14;25,294
56158,425;25,34
56158,71;25,383
56158,995;25,422
56159,28;25,457
56159,565;25,49
56159,85;25,519
56160,135;25,545
56160,42;25,569
56160,705;25,591
56160,99;25,612
56161,275;25,631
56161,56;25,648
56161,845;25,665
56162,13;25,681
56162,415;25,696
56162,7;25,712
56162,985;25,728
56163,27;25,744
56163,555;25,761
56163,84;25,78
56164,125;25,799
56164,41;25,821
56164,695;25,844
56164,98;25,869
56165,265;25,897
56165,55;25,928
56165,835;25,962
56166,12;25,999
56166,405;26,04
56166,69;26,085
56166,975;26,135
56167,26;26,189
56167,545;26,247
56167,83;26,311
56168,115;26,38
56168,4;26,455
56168,685;26,536
56168,97;26,623
56169,255;26,717
56169,54;26,818
56169,825;26,925
56170,11;27,041
56170,395;27,163
56170,68;27,294
56170,965;27,434
56171,25;27,581
56171,535;27,738
56171,82;27,904
56172,105;28,079
56172,39;28,264
56172,675;28,459
56172,96;28,665
56173,245;28,881
56173,53;29,108
56173,815;29,346
56174,1;29,595
56174,385;29,857
56174,67;30,13
56174,955;30,414
56175,24;30,71
56175,525;31,017
56175,81;31,335
56176,095;31,663
56176,38;32,002
56176,665;32,35
56176,95;32,709
56177,235;33,076
56177,52;33,454
56177,805;33,84
56178,09;34,235
56178,375;34,638
56178,66;35,05
56178,945;35,47
56179,23;35,897
56179,515;36,332
56179,8;36,774
56180,085;37,224
56180,37;37,68
56180,655;38,143
56180,94;38,611
56181,225;39,086
56181,51;39,567
56181,795;40,053
56182,08;40,545
56182,365;41,041
56182,65;41,542
56182,935;42,048
56183,22;42,558
56183,505;43,072
56183,79;43,59
56184,075;44,111
56184,36;44,636
56184,645;45,164
56184,93;45,694
56185,215;46,227
56185,5;46,762
56185,785;47,299
56186,07;47,838
56186,355;48,378
56186,64;48,92
56186,925;49,463
56187,21;50,006
56187,495;50,55
56187,78;51,094
56188,065;51,638
56188,35;52,182
56188,635;52,726
56188,92;53,269
56189,205;53,81
56189,49;54,351
56189,775;54,89
56190,06;55,427
56190,345;55,962
56190,63;56,495
56190,915;57,026
56191,2;57,553
56191,485;58,078
56191,77;58,6
56192,055;59,119
56192,34;59,635
56192,625;60,148
56192,91;60,658
56193,195;61,165
56193,48;61,67
56193,765;62,171
56194,05;62,669
56194,335;63,164
56194,62;63,656
56194,905;64,145
56195,19;64,631
56195,475;65,114
56195,76;65,593
56196,045;66,07
56196,33;66,543
56196,615;67,014
56196,9;67,481
56197,185;67,945
56197,47;68,406
56197,755;68,863
56198,04;69,318
56198,325;69,769
56198,61;70,217
56198,895;70,662
56199,18;71,103
56199,465;71,542
56199,75;71,977
56200,035;72,408
56200,32;72,836
56200,605;73,261
56200,89;73,683
56201,175;74,101
56201,46;74,516
56201,745;74,928
56202,03;75,336
56202,315;75,741
56202,6;76,142
56202,885;76,54
56203,17;76,935
56203,455;77,326
56203,74;77,713
56204,025;78,097
56204,31;78,478
56204,595;78,855
56204,88;79,229
56205,165;79,599
56205,45;79,965
56205,735;80,328
56206,02;80,687
56206,305;81,043
56206,59;81,395
56206,875;81,744
56207,16;82,089
56207,445;82,43
56207,73;82,767
56208,015;83,101
56208,3;83,432
56208,585;83,759
56208,87;84,082
56209,155;84,402
56209,44;84,72
56209,725;85,034
56210,01;85,346
56210,295;85,655
56210,58;85,962
56210,865;86,267
56211,15;86,569
56211,435;86,87
56211,72;87,168
56212,005;87,466
56212,29;87,761
56212,575;88,055
56212,86;88,349
56213,145;88,641
56213,43;88,932
56213,715;89,222
56214;89,512
56214,285;89,802
56214,57;90,091
56214,855;90,38
56215,14;90,669
56215,425;90,959
56215,71;91,248
56215,995;91,539
56216,28;91,829
56216,565;92,121
56216,85;92,414
56217,135;92,707
56217,42;93,002
56217,705;93,299
56217,99;93,597
56218,275;93,896
56218,56;94,198
56218,845;94,502
56219,13;94,807
56219,415;95,115
56219,7;95,426
56219,985;95,739
56220,27;96,055
56220,555;96,374
56220,84;96,696
56221,125;97,021
56221,41;97,35
56221,695;97,682
56221,98;98,018
56222,265;98,358
56222,55;98,702
56222,835;99,05
56223,12;99,402
56223,405;99,759
56223,69;100,12
56223,975;100,486
56224,26;100,857
56224,545;101,233
56224,83;101,615
56225,115;102,001
56225,4;102,393
56225,685;102,79
56225,97;103,192
56226,255;103,599
56226,54;104,011
56226,825;104,428
56227,11;104,85
56227,395;105,276
56227,68;105,706
56227,965;106,142
56228,25;106,581
56228,535;107,025
56228,82;107,473
56229,105;107,925
56229,39;108,381
56229,675;108,841
56229,96;109,306
56230,245;109,773
56230,53;110,245
56230,815;110,72
56231,1;111,199
56231,385;111,681
56231,67;112,167
56231,955;112,655
56232,24;113,147
56232,525;113,643
56232,81;114,141
56233,095;114,642
56233,38;115,146
56233,665;115,653
56233,95;116,162
56234,235;116,674
56234,52;117,189
56234,805;117,706
56235,09;118,225
56235,375;118,747
56235,66;119,271
56235,945;119,797
56236,23;120,324
56236,515;120,854
56236,8;121,386
56237,085;121,92
56237,37;122,455
56237,655;122,992
56237,94;123,53
56238,225;124,07
56238,51;124,611
56238,795;125,153
56239,08;125,696
56239,365;126,241
56239,65;126,786
56239,935;127,333
56240,22;127,88
56240,505;128,428
56240,79;128,977
56241,075;129,526
56241,36;130,076
56241,645;130,626
56241,93;131,177
56242,215;131,728
56242,5;132,278
56242,785;132,829
56243,07;133,38
56243,355;133,93
56243,64;134,48
56243,925;135,029
56244,21;135,578
56244,495;136,126
56244,78;136,673
56245,065;137,219
56245,35;137,764
56245,635;138,308
56245,92;138,851
56246,205;139,392
56246,49;139,931
56246,775;140,469
56247,06;141,004
56247,345;141,538
56247,63;142,07
56247,915;142,6
56248,2;143,127
56248,485;143,652
56248,77;144,174
56249,055;144,694
56249,34;145,211
56249,625;145,724
56249,91;146,235
56250,195;146,743
56250,48;147,248
56250,765;147,749
56251,05;148,246
56251,335;148,74
56251,62;149,231
56251,905;149,717
56252,19;150,199
56252,475;150,677
56252,76;151,152
56253,045;151,621
56253,33;152,086
56253,615;152,547
56253,9;153,003
56254,185;153,454
56254,47;153,9
56254,755;154,342
56255,04;154,777
56255,325;155,208
56255,61;155,633
56255,895;156,053
56256,18;156,467
56256,465;156,875
56256,75;157,278
56257,035;157,674
56257,32;158,064
56257,605;158,448
56257,89;158,826
56258,175;159,197
56258,46;159,561
56258,745;159,919
56259,03;160,27
56259,315;160,615
56259,6;160,954
56259,885;161,287
56260,17;161,615
56260,455;161,937
56260,74;162,253
56261,025;162,564
56261,31;162,871
56261,595;163,173
56261,88;163,47
56262,165;163,763
56262,45;164,051
56262,735;164,336
56263,02;164,617
56263,305;164,895
56263,59;165,169
56263,875;165,44
56264,16;165,708
56264,445;165,973
56264,73;166,236
56265,015;166,497
56265,3;166,755
56265,585;167,011
56265,87;167,265
56266,155;167,518
56266,44;167,77
56266,725;168,02
56267,01;168,269
56267,295;168,518
56267,58;168,766
56267,865;169,013
56268,15;169,26
56268,435;169,508
56268,72;169,755
56269,005;170,003
56269,29;170,251
56269,575;170,501
56269,86;170,751
56270,145;171,002
56270,43;171,255
56270,715;171,509
56271;171,765
56271,285;172,023
56271,57;172,283
56271,855;172,545
56272,14;172,81
56272,425;173,078
56272,71;173,349
56272,995;173,622
56273,28;173,9
56273,565;174,18
56273,85;174,464
56274,135;174,753
56274,42;175,045
56274,705;175,342
56274,99;175,643
56275,275;175,949
56275,56;176,259
56275,845;176,575
56276,13;176,895
56276,415;177,22
56276,7;177,55
56276,985;177,884
56277,27;178,223
56277,555;178,566
56277,84;178,913
56278,125;179,265
56278,41;179,622
56278,695;179,982
56278,98;180,347
56279,265;180,716
56279,55;181,089
56279,835;181,466
56280,12;181,846
56280,405;182,231
56280,69;182,62
56280,975;183,012
56281,26;183,408
56281,545;183,808
56281,83;184,212
56282,115;184,619
56282,4;185,029
56282,685;185,443
56282,97;185,86
56283,255;186,281
56283,54;186,705
56283,825;187,132
56284,11;187,562
56284,395;187,996
56284,68;188,432
56284,965;188,872
56285,25;189,314
56285,535;189,759
56285,82;190,207
56286,105;190,658
56286,39;191,111
56286,675;191,567
56286,96;192,026
56287,245;192,487
56287,53;192,951
56287,815;193,417
56288,1;193,886
56288,385;194,356
56288,67;194,829
56288,955;195,304
56289,24;195,782
56289,525;196,261
56289,81;196,743
56290,095;197,226
56290,38;197,711
56290,665;198,198
56290,95;198,687
56291,235;199,178
56291,52;199,67
56291,805;200,164
56292,09;200,659
56292,375;201,156
56292,66;201,654
56292,945;202,154
56293,23;202,655
56293,515;203,157
56293,8;203,66
56294,085;204,163
56294,37;204,668
56294,655;205,174
56294,94;205,68
56295,225;206,186
56295,51;206,693
56295,795;207,201
56296,08;207,709
56296,365;208,216
56296,65;208,724
56296,935;209,232
56297,22;209,74
56297,505;210,248
56297,79;210,755
56298,075;211,262
56298,36;211,768
56298,645;212,274
56298,93;212,779
56299,215;213,284
56299,5;213,787
56299,785;214,29
56300,07;214,791
56300,355;215,292
56300,64;215,791
56300,925;216,288
56301,21;216,785
56301,495;217,279
56301,78;217,773
56302,065;218,264
56302,35;218,754
56302,635;219,241
56302,92;219,727
56303,205;220,21
56303,49;220,692
56303,775;221,171
56304,06;221,647
56304,345;222,122
56304,63;222,593
56304,915;223,062
56305,2;223,528
56305,485;223,992
56305,77;224,452
56306,055;224,909
56306,34;225,364
56306,625;225,814
56306,91;226,262
56307,195;226,706
56307,48;227,147
56307,765;227,584
56308,05;228,017
56308,335;228,447
56308,62;228,872
56308,905;229,294
56309,19;229,711
56309,475;230,125
56309,76;230,534
56310,045;230,94
56310,33;231,342
56310,615;231,741
56310,9;232,136
56311,185;232,527
56311,47;232,916
56311,755;233,301
56312,04;233,682
56312,325;234,061
56312,61;234,437
56312,895;234,81
56313,18;235,181
56313,465;235,548
56313,75;235,914
56314,035;236,276
56314,32;236,637
56314,605;236,995
56314,89;237,351
56315,175;237,705
56315,46;238,057
56315,745;238,407
56316,03;238,755
56316,315;239,102
56316,6;239,447
56316,885;239,791
56317,17;240,133
56317,455;240,474
56317,74;240,814
56318,025;241,153
56318,31;241,491
56318,595;241,828
56318,88;242,164
56319,165;242,499
56319,45;242,834
56319,735;243,168
56320,02;243,502
56320,305;243,836
56320,59;244,17
56320,875;244,503
56321,16;244,836
56321,445;245,17
56321,73;245,504
56322,015;245,838
56322,3;246,172
56322,585;246,507
56322,87;246,842
56323,155;247,179
56323,44;247,516
56323,725;247,853
56324,01;248,192
56324,295;248,532
56324,58;248,873
56324,865;249,215
56325,15;249,559
56325,435;249,904
56325,72;250,251
56326,005;250,599
56326,29;250,949
56326,575;251,301
56326,86;251,653
56327,145;252,007
56327,43;252,363
56327,715;252,719
56328;253,076
56328,285;253,435
56328,57;253,793
56328,855;254,153
56329,14;254,513
56329,425;254,874
56329,71;255,235
56329,995;255,597
56330,28;255,958
56330,565;256,32
56330,85;256,682
56331,135;257,043
56331,42;257,405
56331,705;257,766
56331,99;258,126
56332,275;258,486
56332,56;258,846
56332,845;259,205
56333,13;259,563
56333,415;259,92
56333,7;260,276
56333,985;260,631
56334,27;260,984
56334,555;261,337
56334,84;261,688
56335,125;262,037
56335,41;262,385
56335,695;262,731
56335,98;263,076
56336,265;263,418
56336,55;263,758
56336,835;264,097
56337,12;264,433
56337,405;264,766
56337,69;265,098
56337,975;265,427
56338,26;265,753
56338,545;266,076
56338,83;266,397
56339,115;266,715
56339,4;267,03
56339,685;267,341
56339,97;267,65
56340,255;267,955
56340,54;268,257
56340,825;268,555
56341,11;268,85
56341,395;269,14
56341,68;269,427
56341,965;269,711
56342,25;269,99
56342,535;270,265
56342,82;270,536
56343,105;270,802
56343,39;271,065
56343,675;271,324
56343,96;271,578
56344,245;271,829
56344,53;272,077
56344,815;272,32
56345,1;272,56
56345,385;272,797
56345,67;273,03
56345,955;273,26
56346,24;273,487
56346,525;273,711
56346,81;273,932
56347,095;274,15
56347,38;274,365
56347,665;274,577
56347,95;274,787
56348,235;274,994
56348,52;275,198
56348,805;275,401
56349,09;275,601
56349,375;275,798
56349,66;275,994
56349,945;276,188
56350,23;276,38
56350,515;276,569
56350,8;276,758
56351,085;276,944
56351,37;277,129
56351,655;277,313
56351,94;277,495
56352,225;277,675
56352,51;277,855
56352,795;278,033
56353,08;278,211
56353,365;278,387
56353,65;278,563
56353,935;278,738
56354,22;278,912
56354,505;279,085
56354,79;279,258
56355,075;279,431
56355,36;279,603
56355,645;279,776
56355,93;279,948
56356,215;280,119
56356,5;280,291
56356,785;280,464
56357,07;280,636
56357,355;280,808
56357,64;280,981
56357,925;281,155
56358,21;281,329
56358,495;281,504
56358,78;281,679
56359,065;281,855
56359,35;282,033
56359,635;282,211
56359,92;282,39
56360,205;282,57
56360,49;282,749
56360,775;282,929
56361,06;283,107
56361,345;283,285
56361,63;283,462
56361,915;283,638
56362,2;283,811
56362,485;283,982
56362,77;284,151
56363,055;284,317
56363,34;284,479
56363,625;284,638
56363,91;284,794
56364,195;284,945
56364,48;285,091
56364,765;285,233
56365,05;285,369
56365,335;285,5
56365,62;285,625
56365,905;285,744
56366,19;285,856
56366,475;285,961
56366,76;286,06
56367,045;286,15
56367,33;286,233
56367,615;286,308
56367,9;286,374
56368,185;286,431
56368,47;286,479
56368,755;286,518
56369,04;286,546
56369,325;286,565
56369,61;286,573
56369,895;286,57
56370,18;286,555
56370,465;286,53
56370,75;286,492
56371,035;286,443
56371,32;286,38
56371,605;286,305
56371,89;286,217
56372,175;286,115
56372,46;285,999
56372,745;285,869
56373,03;285,725
56373,315;285,566
56373,6;285,391
56373,885;285,201
56374,17;284,995
56374,455;284,773
56374,74;284,534
56375,025;284,279
56375,31;284,006
56375,595;283,716
56375,88;283,408
56376,165;283,082
56376,45;282,737
56376,735;282,374
56377,02;281,994
56377,305;281,597
56377,59;281,183
56377,875;280,754
56378,16;280,311
56378,445;279,853
56378,73;279,381
56379,015;278,897
56379,3;278,401
56379,585;277,893
56379,87;277,375
56380,155;276,846
56380,44;276,308
56380,725;275,761
56381,01;275,206
56381,295;274,643
56381,58;274,074
56381,865;273,499
56382,15;272,918
56382,435;272,333
56382,72;271,743
56383,005;271,15
56383,29;270,554
56383,575;269,956
56383,86;269,357
56384,145;268,757
56384,43;268,157
56384,715;267,558
56385;266,96
56385,285;266,364
56385,57;265,771
56385,855;265,181
56386,14;264,594
56386,425;264,013
56386,71;263,437
56386,995;262,867
56387,28;262,303
56387,565;261,747
56387,85;261,199
56388,135;260,659
56388,42;260,129
56388,705;259,609
56388,99;259,1
56389,275;258,602
56389,56;258,116
56389,845;257,643
56390,13;257,183
56390,415;256,737
56390,7;256,306
56390,985;255,89
56391,27;255,49
56391,555;255,108
56391,84;254,742
56392,125;254,395
56392,41;254,066
56392,695;253,757
56392,98;253,468
56393,265;253,2
56393,55;252,952
56393,835;252,724
56394,12;252,516
56394,405;252,327
56394,69;252,156
56394,975;252,002
56395,26;251,866
56395,545;251,746
56395,83;251,642
56396,115;251,553
56396,4;251,479
56396,685;251,419
56396,97;251,373
56397,255;251,339
56397,54;251,317
56397,825;251,307
56398,11;251,308
56398,395;251,32
56398,68;251,341
56398,965;251,372
56399,25;251,411
56399,535;251,458
56399,82;251,512
56400,105;251,574
56400,39;251,641
56400,675;251,714
56400,96;251,792
56401,245;251,875
56401,53;251,961
56401,815;252,05
56402,1;252,142
56402,385;252,236
56402,67;252,332
56402,955;252,428
56403,24;252,524
56403,525;252,62
56403,81;252,715
56404,095;252,808
56404,38;252,899
56404,665;252,987
56404,95;253,071
56405,235;253,152
56405,52;253,228
56405,805;253,298
56406,09;253,363
56406,375;253,421
56406,66;253,472
56406,945;253,516
56407,23;253,551
56407,515;253,577
56407,8;253,594
56408,085;253,6
56408,37;253,596
56408,655;253,581
56408,94;253,554
56409,225;253,514
56409,51;253,461
56409,795;253,395
56410,08;253,314
56410,365;253,219
56410,65;253,109
56410,935;252,987
56411,22;252,85
56411,505;252,702
56411,79;252,54
56412,075;252,367
56412,36;252,182
56412,645;251,986
56412,93;251,779
56413,215;251,561
56413,5;251,334
56413,785;251,097
56414,07;250,85
56414,355;250,595
56414,64;250,331
56414,925;250,059
56415,21;249,779
56415,495;249,492
56415,78;249,199
56416,065;248,898
56416,35;248,592
56416,635;248,279
56416,92;247,962
56417,205;247,639
56417,49;247,312
56417,775;246,981
56418,06;246,646
56418,345;246,308
56418,63;245,967
56418,915;245,623
56419,2;245,277
56419,485;244,929
56419,77;244,58
56420,055;244,23
56420,34;243,879
56420,625;243,528
56420,91;243,177
56421,195;242,827
56421,48;242,477
56421,765;242,129
56422,05;241,783
56422,335;241,439
56422,62;241,098
56422,905;240,759
56423,19;240,424
56423,475;240,092
56423,76;239,765
56424,045;239,442
56424,33;239,124
56424,615;238,812
56424,9;238,505
56425,185;238,204
56425,47;237,909
56425,755;237,622
56426,04;237,341
56426,325;237,069
56426,61;236,804
56426,895;236,548
56427,18;236,301
56427,465;236,062
56427,75;235,832
56428,035;235,61
56428,32;235,398
56428,605;235,193
56428,89;234,998
56429,175;234,811
56429,46;234,633
56429,745;234,463
56430,03;234,303
56430,315;234,15
56430,6;234,007
56430,885;233,872
56431,17;233,746
56431,455;233,628
56431,74;233,519
56432,025;233,419
56432,31;233,328
56432,595;233,245
56432,88;233,171
56433,165;233,105
56433,45;233,048
56433,735;233
56434,02;232,96
56434,305;232,929
56434,59;232,907
56434,875;232,894
56435,16;232,889
56435,445;232,892
56435,73;232,905
56436,015;232,926
56436,3;232,956
56436,585;232,994
56436,87;233,041
56437,155;233,097
56437,44;233,161
56437,725;233,234
56438,01;233,316
56438,295;233,406
56438,58;233,505
56438,865;233,613
56439,15;233,729
56439,435;233,854
56439,72;233,988
56440,005;234,13
56440,29;234,281
56440,575;234,441
56440,86;234,609
56441,145;234,786
56441,43;234,972
56441,715;235,166
56442;235,369
56442,285;235,581
56442,57;235,801
56442,855;236,03
56443,14;236,268
56443,425;236,514
56443,71;236,769
56443,995;237,032
56444,28;237,304
56444,565;237,583
56444,85;237,869
56445,135;238,162
56445,42;238,461
56445,705;238,766
56445,99;239,076
56446,275;239,391
56446,56;239,711
56446,845;240,035
56447,13;240,362
56447,415;240,692
56447,7;241,025
56447,985;241,361
56448,27;241,698
56448,555;242,036
56448,84;242,375
56449,125;242,715
56449,41;243,055
56449,695;243,394
56449,98;243,732
56450,265;244,069
56450,55;244,404
56450,835;244,737
56451,12;245,067
56451,405;245,394
56451,69;245,718
56451,975;246,037
56452,26;246,352
56452,545;246,662
56452,83;246,967
56453,115;247,266
56453,4;247,558
56453,685;247,844
56453,97;248,123
56454,255;248,394
56454,54;248,657
56454,825;248,911
56455,11;249,157
56455,395;249,393
56455,68;249,619
56455,965;249,835
56456,25;250,04
56456,535;250,234
56456,82;250,417
56457,105;250,587
56457,39;250,745
56457,675;250,889
56457,96;251,021
56458,245;251,138
56458,53;251,241
56458,815;251,33
56459,1;251,403
56459,385;251,46
56459,67;251,502
56459,955;251,526
56460,24;251,534
56460,525;251,524
56460,81;251,497
56461,095;251,453
56461,38;251,392
56461,665;251,314
56461,95;251,221
56462,235;251,112
56462,52;250,989
56462,805;250,851
56463,09;250,698
56463,375;250,532
56463,66;250,353
56463,945;250,161
56464,23;249,957
56464,515;249,741
56464,8;249,514
56465,085;249,275
56465,37;249,026
56465,655;248,767
56465,94;248,498
56466,225;248,22
56466,51;247,933
56466,795;247,638
56467,08;247,335
56467,365;247,025
56467,65;246,707
56467,935;246,383
56468,22;246,053
56468,505;245,716
56468,79;245,375
56469,075;245,029
56469,36;244,679
56469,645;244,324
56469,93;243,966
56470,215;243,605
56470,5;243,242
56470,785;242,876
56471,07;242,508
56471,355;242,139
56471,64;241,77
56471,925;241,4
56472,21;241,03
56472,495;240,66
56472,78;240,291
56473,065;239,924
56473,35;239,558
56473,635;239,195
56473,92;238,834
56474,205;238,477
56474,49;238,123
56474,775;237,773
56475,06;237,427
56475,345;237,087
56475,63;236,751
56475,915;236,422
56476,2;236,098
56476,485;235,782
56476,77;235,472
56477,055;235,17
56477,34;234,876
56477,625;234,59
56477,91;234,312
56478,195;234,043
56478,48;233,783
56478,765;233,531
56479,05;233,288
56479,335;233,054
56479,62;232,828
56479,905;232,612
56480,19;232,404
56480,475;232,206
56480,76;232,017
56481,045;231,837
56481,33;231,667
56481,615;231,506
56481,9;231,354
56482,185;231,213
56482,47;231,08
56482,755;230,958
56483,04;230,846
56483,325;230,743
56483,61;230,65
56483,895;230,568
56484,18;230,496
56484,465;230,434
56484,75;230,382
56485,035;230,341
56485,32;230,31
56485,605;230,29
56485,89;230,281
56486,175;230,282
56486,46;230,294
56486,745;230,317
56487,03;230,352
56487,315;230,397
56487,6;230,453
56487,885;230,521
56488,17;230,6
56488,455;230,69
56488,74;230,792
56489,025;230,905
56489,31;231,03
56489,595;231,167
56489,88;231,315
56490,165;231,476
56490,45;231,648
56490,735;231,833
56491,02;232,029
56491,305;232,238
56491,59;232,459
56491,875;232,693
56492,16;232,939
56492,445;233,198
56492,73;233,469
56493,015;233,753
56493,3;234,049
56493,585;234,359
56493,87;234,681
56494,155;235,017
56494,44;235,365
56494,725;235,727
56495,01;236,102
56495,295;236,489
56495,58;236,89
56495,865;237,303
56496,15;237,729
56496,435;238,168
56496,72;238,62
56497,005;239,084
56497,29;239,56
56497,575;240,05
56497,86;240,551
56498,145;241,066
56498,43;241,592
56498,715;242,131
56499;242,682
56499,285;243,245
56499,57;243,821
56499,855;244,409
56500,14;245,008
56500,425;245,62
56500,71;246,244
56500,995;246,879
56501,28;247,527
56501,565;248,186
56501,85;248,857
56502,135;249,54
56502,42;250,235
56502,705;250,941
56502,99;251,658
56503,275;252,387
56503,56;253,128
56503,845;253,88
56504,13;254,643
56504,415;255,418
56504,7;256,204
56504,985;257,001
56505,27;257,809
56505,555;258,628
56505,84;259,459
56506,125;260,3
56506,41;261,153
56506,695;262,016
56506,98;262,89
56507,265;263,775
56507,55;264,67
56507,835;265,577
56508,12;266,494
56508,405;267,421
56508,69;268,359
56508,975;269,308
56509,26;270,267
56509,545;271,236
56509,83;272,216
56510,115;273,206
56510,4;274,206
56510,685;275,217
56510,97;276,237
56511,255;277,268
56511,54;278,308
56511,825;279,356
56512,11;280,413
56512,395;281,477
56512,68;282,548
56512,965;283,625
56513,25;284,708
56513,535;285,795
56513,82;286,887
56514,105;287,983
56514,39;289,081
56514,675;290,182
56514,96;291,284
56515,245;292,388
56515,53;293,492
56515,815;294,595
56516,1;295,698
56516,385;296,8
56516,67;297,899
56516,955;298,996
56517,24;300,089
56517,525;301,178
56517,81;302,262
56518,095;303,341
56518,38;304,414
56518,665;305,481
56518,95;306,54
56519,235;307,591
56519,52;308,634
56519,805;309,668
56520,09;310,692
56520,375;311,705
56520,66;312,708
56520,945;313,699
56521,23;314,677
56521,515;315,642
56521,8;316,594
56522,085;317,532
56522,37;318,454
56522,655;319,361
56522,94;320,252
56523,225;321,126
56523,51;321,983
56523,795;322,822
56524,08;323,641
56524,365;324,442
56524,65;325,222
56524,935;325,982
56525,22;326,721
56525,505;327,437
56525,79;328,131
56526,075;328,802
56526,36;329,449
56526,645;330,072
56526,93;330,669
56527,215;331,241
56527,5;331,786
56527,785;332,304
56528,07;332,795
56528,355;333,259
56528,64;333,697
56528,925;334,109
56529,21;334,497
56529,495;334,861
56529,78;335,203
56530,065;335,522
56530,35;335,819
56530,635;336,096
56530,92;336,353
56531,205;336,59
56531,49;336,809
56531,775;337,011
56532,06;337,195
56532,345;337,364
56532,63;337,517
56532,915;337,655
56533,2;337,779
56533,485;337,891
56533,77;337,99
56534,055;338,077
56534,34;338,154
56534,625;338,22
56534,91;338,277
56535,195;338,326
56535,48;338,367
56535,765;338,401
56536,05;338,429
56536,335;338,451
56536,62;338,468
56536,905;338,482
56537,19;338,492
56537,475;338,5
56537,76;338,506
56538,045;338,511
56538,33;338,516
56538,615;338,522
56538,9;338,529
56539,185;338,538
56539,47;338,55
56539,755;338,566
56540,04;338,586
56540,325;338,612
56540,61;338,643
56540,895;338,681
56541,18;338,727
56541,465;338,781
56541,75;338,843
56542,035;338,916
56542,32;338,999
56542,605;339,093
56542,89;339,2
56543,175;339,319
56543,46;339,452
56543,745;339,599
56544,03;339,761
56544,315;339,939
56544,6;340,134
56544,885;340,346
56545,17;340,575
56545,455;340,822
56545,74;341,085
56546,025;341,366
56546,31;341,664
56546,595;341,979
56546,88;342,311
56547,165;342,66
56547,45;343,025
56547,735;343,407
56548,02;343,806
56548,305;344,222
56548,59;344,654
56548,875;345,102
56549,16;345,567
56549,445;346,048
56549,73;346,546
56550,015;347,059
56550,3;347,589
56550,585;348,135
56550,87;348,697
56551,155;349,274
56551,44;349,868
56551,725;350,477
56552,01;351,103
56552,295;351,743
56552,58;352,4
56552,865;353,072
56553,15;353,759
56553,435;354,462
56553,72;355,18
56554,005;355,913
56554,29;356,662
56554,575;357,425
56554,86;358,204
56555,145;358,998
56555,43;359,806
56555,715;360,63
56556;361,468
56556,285;362,321
56556,57;363,189
56556,855;364,071
56557,14;364,968
56557,425;365,879
56557,71;366,805
56557,995;367,744
56558,28;368,699
56558,565;369,667
56558,85;370,65
56559,135;371,646
56559,42;372,657
56559,705;373,681
56559,99;374,719
56560,275;375,771
56560,56;376,837
56560,845;377,917
56561,13;379,01
56561,415;380,116
56561,7;381,236
56561,985;382,369
56562,27;383,514
56562,555;384,67
56562,84;385,836
56563,125;387,012
56563,41;388,197
56563,695;389,39
56563,98;390,591
56564,265;391,798
56564,55;393,012
56564,835;394,23
56565,12;395,453
56565,405;396,68
56565,69;397,909
56565,975;399,141
56566,26;400,373
56566,545;401,607
56566,83;402,84
56567,115;404,073
56567,4;405,303
56567,685;406,532
56567,97;407,757
56568,255;408,978
56568,54;410,195
56568,825;411,406
56569,11;412,611
56569,395;413,808
56569,68;414,999
56569,965;416,18
56570,25;417,353
56570,535;418,515
56570,82;419,666
56571,105;420,806
56571,39;421,934
56571,675;423,049
56571,96;424,15
56572,245;425,236
56572,53;426,307
56572,815;427,362
56573,1;428,4
56573,385;429,421
56573,67;430,423
56573,955;431,406
56574,24;432,369
56574,525;433,311
56574,81;434,232
56575,095;435,131
56575,38;436,007
56575,665;436,859
56575,95;437,687
56576,235;438,49
56576,52;439,267
56576,805;440,017
56577,09;440,739
56577,375;441,434
56577,66;442,099
56577,945;442,734
56578,23;443,34
56578,515;443,913
56578,8;444,457
56579,085;444,971
56579,37;445,456
56579,655;445,914
56579,94;446,344
56580,225;446,75
56580,51;447,13
56580,795;447,487
56581,08;447,821
56581,365;448,133
56581,65;448,424
56581,935;448,695
56582,22;448,948
56582,505;449,182
56582,79;449,399
56583,075;449,601
56583,36;449,787
56583,645;449,959
56583,93;450,119
56584,215;450,266
56584,5;450,401
56584,785;450,527
56585,07;450,643
56585,355;450,752
56585,64;450,852
56585,925;450,947
56586,21;451,036
56586,495;451,121
56586,78;451,202
56587,065;451,281
56587,35;451,359
56587,635;451,435
56587,92;451,513
56588,205;451,592
56588,49;451,673
56588,775;451,757
56589,06;451,846
56589,345;451,94
56589,63;452,041
56589,915;452,148
56590,2;452,264
56590,485;452,389
56590,77;452,525
56591,055;452,671
56591,34;452,829
56591,625;453,001
56591,91;453,186
56592,195;453,387
56592,48;453,603
56592,765;453,837
56593,05;454,088
56593,335;454,358
56593,62;454,648
56593,905;454,959
56594,19;455,291
56594,475;455,647
56594,76;456,026
56595,045;456,429
56595,33;456,859
56595,615;457,313
56595,9;457,793
56596,185;458,298
56596,47;458,827
56596,755;459,379
56597,04;459,955
56597,325;460,554
56597,61;461,175
56597,895;461,819
56598,18;462,484
56598,465;463,17
56598,75;463,877
56599,035;464,604
56599,32;465,351
56599,605;466,118
56599,89;466,904
56600,175;467,708
56600,46;468,53
56600,745;469,37
56601,03;470,228
56601,315;471,102
56601,6;471,993
56601,885;472,899
56602,17;473,822
56602,455;474,759
56602,74;475,711
56603,025;476,677
56603,31;477,657
56603,595;478,651
56603,88;479,657
56604,165;480,676
56604,45;481,707
56604,735;482,75
56605,02;483,804
56605,305;484,869
56605,59;485,944
56605,875;487,029
56606,16;488,123
56606,445;489,227
56606,73;490,339
56607,015;491,459
56607,3;492,587
56607,585;493,723
56607,87;494,865
56608,155;496,014
56608,44;497,169
56608,725;498,329
56609,01;499,495
56609,295;500,665
56609,58;501,839
56609,865;503,018
56610,15;504,199
56610,435;505,384
56610,72;506,571
56611,005;507,761
56611,29;508,952
56611,575;510,144
56611,86;511,337
56612,145;512,531
56612,43;513,725
56612,715;514,918
56613;516,112
56613,285;517,305
56613,57;518,497
56613,855;519,689
56614,14;520,88
56614,425;522,07
56614,71;523,259
56614,995;524,446
56615,28;525,632
56615,565;526,816
56615,85;527,999
56616,135;529,179
56616,42;530,357
56616,705;531,533
56616,99;532,706
56617,275;533,877
56617,56;535,044
56617,845;536,209
56618,13;537,371
56618,415;538,529
56618,7;539,683
56618,985;540,834
56619,27;541,981
56619,555;543,124
56619,84;544,263
56620,125;545,397
56620,41;546,527
56620,695;547,653
56620,98;548,773
56621,265;549,888
56621,55;550,998
56621,835;552,103
56622,12;553,203
56622,405;554,296
56622,69;555,384
56622,975;556,466
56623,26;557,541
56623,545;558,61
56623,83;559,673
56624,115;560,729
56624,4;561,778
56624,685;562,82
56624,97;563,855
56625,255;564,882
56625,54;565,902
56625,825;566,915
56626,11;567,919
56626,395;568,916
56626,68;569,904
56626,965;570,884
56627,25;571,855
56627,535;572,818
56627,82;573,772
56628,105;574,716
56628,39;575,652
56628,675;576,578
56628,96;577,495
56629,245;578,402
56629,53;579,3
56629,815;580,188
56630,1;581,067
56630,385;581,936
56630,67;582,796
56630,955;583,647
56631,24;584,488
56631,525;585,32
56631,81;586,142
56632,095;586,956
56632,38;587,76
56632,665;588,555
56632,95;589,341
56633,235;590,118
56633,52;590,886
56633,805;591,645
56634,09;592,395
56634,375;593,136
56634,66;593,868
56634,945;594,591
56635,23;595,305
56635,515;596,01
56635,8;596,707
56636,085;597,395
56636,37;598,074
56636,655;598,745
56636,94;599,406
56637,225;600,06
56637,51;600,704
56637,795;601,34
56638,08;601,968
56638,365;602,587
56638,65;603,198
56638,935;603,8
56639,22;604,394
56639,505;604,979
56639,79;605,556
56640,075;606,125
56640,36;606,686
56640,645;607,238
56640,93;607,783
56641,215;608,319
56641,5;608,847
56641,785;609,366
56642,07;609,878
56642,355;610,382
56642,64;610,878
56642,925;611,366
56643,21;611,846
56643,495;612,318
56643,78;612,782
56644,065;613,239
56644,35;613,688
56644,635;614,129
56644,92;614,562
56645,205;614,987
56645,49;615,405
56645,775;615,816
56646,06;616,219
56646,345;616,615
56646,63;617,004
56646,915;617,388
56647,2;617,765
56647,485;618,138
56647,77;618,506
56648,055;618,869
56648,34;619,229
56648,625;619,585
56648,91;619,937
56649,195;620,287
56649,48;620,635
56649,765;620,981
56650,05;621,326
56650,335;621,67
56650,62;622,013
56650,905;622,356
56651,19;622,699
56651,475;623,043
56651,76;623,388
56652,045;623,735
56652,33;624,083
56652,615;624,434
56652,9;624,788
56653,185;625,145
56653,47;625,506
56653,755;625,871
56654,04;626,241
56654,325;626,615
56654,61;626,995
56654,895;627,38
56655,18;627,772
56655,465;628,171
56655,75;628,576
56656,035;628,989
56656,32;629,41
56656,605;629,84
56656,89;630,278
56657,175;630,725
56657,46;631,182
56657,745;631,649
56658,03;632,127
56658,315;632,615
56658,6;633,115
56658,885;633,626
56659,17;634,15
56659,455;634,686
56659,74;635,235
56660,025;635,798
56660,31;636,375
56660,595;636,965
56660,88;637,571
56661,165;638,192
56661,45;638,828
56661,735;639,48
56662,02;640,149
56662,305;640,834
56662,59;641,537
56662,875;642,257
56663,16;642,995
56663,445;643,749
56663,73;644,52
56664,015;645,308
56664,3;646,112
56664,585;646,932
56664,87;647,769
56665,155;648,621
56665,44;649,488
56665,725;650,371
56666,01;651,27
56666,295;652,183
56666,58;653,111
56666,865;654,054
56667,15;655,011
56667,435;655,983
56667,72;656,968
56668,005;657,967
56668,29;658,98
56668,575;660,007
56668,86;661,047
56669,145;662,099
56669,43;663,165
56669,715;664,243
56670;665,334
56670,285;666,437
56670,57;667,552
56670,855;668,679
56671,14;669,817
56671,425;670,967
56671,71;672,129
56671,995;673,301
56672,28;674,484
56672,565;675,678
56672,85;676,883
56673,135;678,098
56673,42;679,323
56673,705;680,557
56673,99;681,802
56674,275;683,056
56674,56;684,319
56674,845;685,592
56675,13;686,873
56675,415;688,163
56675,7;689,462
56675,985;690,769
56676,27;692,084
56676,555;693,407
56676,84;694,738
56677,125;696,077
56677,41;697,422
56677,695;698,775
56677,98;700,135
56678,265;701,502
56678,55;702,875
56678,835;704,255
56679,12;705,64
56679,405;707,032
56679,69;708,43
56679,975;709,832
56680,26;711,238
56680,545;712,648
56680,83;714,061
56681,115;715,476
56681,4;716,892
56681,685;718,31
56681,97;719,727
56682,255;721,144
56682,54;722,56
56682,825;723,974
56683,11;725,386
56683,395;726,794
56683,68;728,198
56683,965;729,598
56684,25;730,993
56684,535;732,381
56684,82;733,763
56685,105;735,138
56685,39;736,505
56685,675;737,863
56685,96;739,212
56686,245;740,551
56686,53;741,879
56686,815;743,196
56687,1;744,501
56687,385;745,794
56687,67;747,072
56687,955;748,337
56688,24;749,588
56688,525;750,822
56688,81;752,041
56689,095;753,243
56689,38;754,428
56689,665;755,595
56689,95;756,742
56690,235;757,871
56690,52;758,979
56690,805;760,067
56691,09;761,133
56691,375;762,176
56691,66;763,198
56691,945;764,195
56692,23;765,169
56692,515;766,117
56692,8;767,04
56693,085;767,937
56693,37;768,807
56693,655;769,65
56693,94;770,464
56694,225;771,249
56694,51;772,005
56694,795;772,731
56695,08;773,425
56695,365;774,088
56695,65;774,719
56695,935;775,317
56696,22;775,881
56696,505;776,412
56696,79;776,909
56697,075;777,375
56697,36;777,81
56697,645;778,215
56697,93;778,59
56698,215;778,938
56698,5;779,258
56698,785;779,551
56699,07;779,819
56699,355;780,062
56699,64;780,282
56699,925;780,479
56700,21;780,653
56700,495;780,807
56700,78;780,941
56701,065;781,055
56701,35;781,151
56701,635;781,23
56701,92;781,292
56702,205;781,339
56702,49;781,371
56702,775;781,389
56703,06;781,395
56703,345;781,388
56703,63;781,371
56703,915;781,343
56704,2;781,306
56704,485;781,261
56704,77;781,208
56705,055;781,149
56705,34;781,084
56705,625;781,015
56705,91;780,942
56706,195;780,865
56706,48;780,787
56706,765;780,708
56707,05;780,629
56707,335;780,55
56707,62;780,473
56707,905;780,399
56708,19;780,328
56708,475;780,262
56708,76;780,2
56709,045;780,145
56709,33;780,097
56709,615;780,057
56709,9;780,026
56710,185;780,005
56710,47;779,995
56710,755;779,996
56711,04;780,01
56711,325;780,037
56711,61;780,078
56711,895;780,135
56712,18;780,208
56712,465;780,298
56712,75;780,406
56713,035;780,533
56713,32;780,679
56713,605;780,844
56713,89;781,027
56714,175;781,228
56714,46;781,446
56714,745;781,681
56715,03;781,932
56715,315;782,199
56715,6;782,48
56715,885;782,776
56716,17;783,086
56716,455;783,41
56716,74;783,746
56717,025;784,095
56717,31;784,456
56717,595;784,828
56717,88;785,21
56718,165;785,603
56718,45;786,005
56718,735;786,417
56719,02;786,837
56719,305;787,265
56719,59;787,701
56719,875;788,143
56720,16;788,592
56720,445;789,047
56720,73;789,508
56721,015;789,973
56721,3;790,442
56721,585;790,915
56721,87;791,391
56722,155;791,87
56722,44;792,351
56722,725;792,834
56723,01;793,317
56723,295;793,802
56723,58;794,286
56723,865;794,769
56724,15;795,251
56724,435;795,732
56724,72;796,21
56725,005;796,686
56725,29;797,159
56725,575;797,627
56725,86;798,091
56726,145;798,551
56726,43;799,005
56726,715;799,453
56727;799,894
56727,285;800,328
56727,57;800,755
56727,855;801,174
56728,14;801,584
56728,425;801,984
56728,71;802,375
56728,995;802,756
56729,28;803,126
56729,565;803,484
56729,85;803,831
56730,135;804,165
56730,42;804,487
56730,705;804,797
56730,99;805,095
56731,275;805,381
56731,56;805,656
56731,845;805,918
56732,13;806,169
56732,415;806,409
56732,7;806,637
56732,985;806,854
56733,27;807,059
56733,555;807,254
56733,84;807,437
56734,125;807,61
56734,41;807,772
56734,695;807,923
56734,98;808,064
56735,265;808,194
56735,55;808,313
56735,835;808,423
56736,12;808,522
56736,405;808,611
56736,69;808,69
56736,975;808,759
56737,26;808,819
56737,545;808,868
56737,83;808,908
56738,115;808,939
56738,4;808,96
56738,685;808,972
56738,97;870
56739,255;808,969
56739,54;808,953
56739,825;808,929
56740,11;808,896
56740,395;808,855
56740,68;808,804
56740,965;808,746
56741,25;808,678
56741,535;808,603
56741,82;808,519
56742,105;808,428
56742,39;808,328
56742,675;808,221
56742,96;808,105
56743,245;807,982
56743,53;807,852
56743,815;807,714
56744,1;807,568
56744,385;807,415
56744,67;807,255
56744,955;807,088
56745,24;806,914
56745,525;806,734
56745,81;806,546
56746,095;806,352
56746,38;806,151
56746,665;805,943
56746,95;805,73
56747,235;805,509
56747,52;805,283
56747,805;805,05
56748,09;804,811
56748,375;804,566
56748,66;804,314
56748,945;804,056
56749,23;803,792
56749,515;803,522
56749,8;803,246
56750,085;802,963
56750,37;802,675
56750,655;802,38
56750,94;802,08
56751,225;801,773
56751,51;801,46
56751,795;801,142
56752,08;800,817
56752,365;800,487
56752,65;800,15
56752,935;799,808
56753,22;799,46
56753,505;799,106
56753,79;798,747
56754,075;798,381
56754,36;798,01
56754,645;797,633
56754,93;797,251
56755,215;796,863
56755,5;796,469
56755,785;796,069
56756,07;795,664
56756,355;795,254
56756,64;794,837
56756,925;794,416
56757,21;793,989
56757,495;793,556
56757,78;793,118
56758,065;792,674
56758,35;792,225
56758,635;791,771
56758,92;791,312
56759,205;790,847
56759,49;790,377
56759,775;789,901
56760,06;789,42
56760,345;788,935
56760,63;788,443
56760,915;787,947
56761,2;787,446
56761,485;786,939
56761,77;786,428
56762,055;785,911
56762,34;785,389
56762,625;784,863
56762,91;784,331
56763,195;783,794
56763,48;783,253
56763,765;782,706
56764,05;782,155
56764,335;781,599
56764,62;781,038
56764,905;780,474
56765,19;779,904
56765,475;779,331
56765,76;778,753
56766,045;778,172
56766,33;777,586
56766,615;776,997
56766,9;776,405
56767,185;775,808
56767,47;775,209
56767,755;774,606
56768,04;774
56768,325;773,391
56768,61;772,779
56768,895;772,165
56769,18;771,547
56769,465;770,927
56769,75;770,305
56770,035;769,68
56770,32;769,054
56770,605;768,425
56770,89;767,794
56771,175;767,161
56771,46;766,527
56771,745;765,89
56772,03;765,253
56772,315;764,614
56772,6;763,974
56772,885;763,332
56773,17;762,69
56773,455;762,047
56773,74;761,403
56774,025;760,758
56774,31;760,113
56774,595;759,467
56774,88;758,821
56775,165;758,175
56775,45;757,528
56775,735;756,882
56776,02;756,236
56776,305;755,59
56776,59;754,944
56776,875;754,299
56777,16;753,655
56777,445;753,011
56777,73;752,369
56778,015;751,727
56778,3;751,086
56778,585;750,447
56778,87;749,808
56779,155;749,172
56779,44;748,537
56779,725;747,903
56780,01;747,271
56780,295;746,642
56780,58;746,014
56780,865;745,388
56781,15;744,764
56781,435;744,143
56781,72;743,523
56782,005;742,905
56782,29;742,29
56782,575;741,676
56782,86;741,064
56783,145;740,454
56783,43;739,846
56783,715;739,24
56784;738,636
56784,285;738,034
56784,57;737,434
56784,855;736,836
56785,14;736,24
56785,425;735,646
56785,71;735,053
56785,995;734,462
56786,28;733,874
56786,565;733,287
56786,85;732,702
56787,135;732,119
56787,42;731,538
56787,705;730,958
56787,99;730,381
56788,275;729,805
56788,56;729,231
56788,845;728,659
56789,13;728,089
56789,415;727,52
56789,7;726,954
56789,985;726,389
56790,27;725,826
56790,555;725,265
56790,84;724,705
56791,125;724,147
56791,41;723,591
56791,695;723,037
56791,98;722,484
56792,265;721,934
56792,55;721,385
56792,835;720,837
56793,12;720,291
56793,405;719,747
56793,69;719,205
56793,975;718,665
56794,26;718,126
56794,545;717,589
56794,83;717,053
56795,115;716,519
56795,4;715,987
56795,685;715,456
56795,97;714,927
56796,255;714,4
56796,54;713,874
56796,825;713,35
56797,11;712,827
56797,395;712,307
56797,68;711,787
56797,965;711,269
56798,25;710,753
56798,535;710,238
56798,82;709,725
56799,105;709,213
56799,39;708,702
56799,675;708,193
56799,96;707,685
56800,245;707,178
56800,53;706,672
56800,815;706,168
56801,1;705,665
56801,385;705,163
56801,67;704,662
56801,955;704,162
56802,24;703,663
56802,525;703,165
56802,81;702,668
56803,095;702,172
56803,38;701,677
56803,665;701,183
56803,95;700,689
56804,235;700,197
56804,52;699,705
56804,805;699,213
56805,09;698,723
56805,375;698,233
56805,66;697,744
56805,945;697,255
56806,23;696,767
56806,515;696,28
56806,8;695,792
56807,085;695,306
56807,37;694,82
56807,655;694,334
56807,94;693,848
56808,225;693,363
56808,51;692,878
56808,795;692,394
56809,08;691,909
56809,365;691,425
56809,65;690,941
56809,935;690,457
56810,22;689,973
56810,505;689,489
56810,79;689,005
56811,075;688,521
56811,36;688,037
56811,645;687,553
56811,93;687,069
56812,215;686,585
56812,5;686,1
56812,785;685,615
56813,07;685,13
56813,355;684,645
56813,64;684,16
56813,925;683,674
56814,21;683,187
56814,495;682,7
56814,78;682,213
56815,065;681,725
56815,35;681,236
56815,635;680,746
56815,92;680,255
56816,205;679,763
56816,49;679,27
56816,775;678,776
56817,06;678,28
56817,345;677,783
56817,63;677,284
56817,915;676,784
56818,2;676,281
56818,485;675,777
56818,77;675,271
56819,055;674,763
56819,34;674,253
56819,625;673,74
56819,91;673,225
56820,195;672,707
56820,48;672,187
56820,765;671,665
56821,05;671,139
56821,335;670,611
56821,62;670,08
56821,905;669,545
56822,19;669,008
56822,475;668,467
56822,76;667,923
56823,045;667,375
56823,33;666,824
56823,615;666,269
56823,9;665,71
56824,185;665,148
56824,47;664,581
56824,755;664,011
56825,04;663,436
56825,325;662,857
56825,61;662,274
56825,895;661,686
56826,18;661,094
56826,465;660,497
56826,75;659,895
56827,035;659,288
56827,32;658,677
56827,605;658,06
56827,89;657,438
56828,175;656,811
56828,46;656,179
56828,745;655,541
56829,03;654,898
56829,315;654,249
56829,6;653,594
56829,885;652,933
56830,17;652,267
56830,455;651,594
56830,74;650,916
56831,025;650,231
56831,31;649,539
56831,595;648,842
56831,88;648,139
56832,165;647,431
56832,45;646,717
56832,735;645,997
56833,02;645,273
56833,305;644,543
56833,59;643,809
56833,875;643,07
56834,16;642,326
56834,445;641,578
56834,73;640,825
56835,015;640,069
56835,3;639,308
56835,585;638,544
56835,87;637,776
56836,155;637,005
56836,44;636,23
56836,725;635,452
56837,01;634,672
56837,295;633,888
56837,58;633,102
56837,865;632,313
56838,15;631,522
56838,435;630,728
56838,72;629,933
56839,005;629,136
56839,29;628,337
56839,575;627,536
56839,86;626,734
56840,145;625,931
56840,43;625,126
56840,715;624,321
56841;623,515
56841,285;622,708
56841,57;621,901
56841,855;621,093
56842,14;620,285
56842,425;619,478
56842,71;618,67
56842,995;617,863
56843,28;617,056
56843,565;616,25
56843,85;615,444
56844,135;614,64
56844,42;613,836
56844,705;613,034
56844,99;612,233
56845,275;611,434
56845,56;610,637
56845,845;609,841
56846,13;609,048
56846,415;608,256
56846,7;607,467
56846,985;606,681
56847,27;605,897
56847,555;605,116
56847,84;604,338
56848,125;603,563
56848,41;602,791
56848,695;602,022
56848,98;601,256
56849,265;600,493
56849,55;599,734
56849,835;598,977
56850,12;598,223
56850,405;597,473
56850,69;596,726
56850,975;595,982
56851,26;595,241
56851,545;594,503
56851,83;593,769
56852,115;593,038
56852,4;592,31
56852,685;591,585
56852,97;590,863
56853,255;590,145
56853,54;589,43
56853,825;588,718
56854,11;588,01
56854,395;587,304
56854,68;586,603
56854,965;585,904
56855,25;585,209
56855,535;584,517
56855,82;583,829
56856,105;583,144
56856,39;582,462
56856,675;581,784
56856,96;581,11
56857,245;580,438
56857,53;579,771
56857,815;579,106
56858,1;578,445
56858,385;577,788
56858,67;577,134
56858,955;576,484
56859,24;575,837
56859,525;575,194
56859,81;574,554
56860,095;573,918
56860,38;573,286
56860,665;572,657
56860,95;572,031
56861,235;571,41
56861,52;570,792
56861,805;570,177
56862,09;569,567
56862,375;568,96
56862,66;568,356
56862,945;567,757
56863,23;567,161
56863,515;566,569
56863,8;565,98
56864,085;565,395
56864,37;564,815
56864,655;564,237
56864,94;563,664
56865,225;563,094
56865,51;562,528
56865,795;561,966
56866,08;561,407
56866,365;560,852
56866,65;560,3
56866,935;559,752
56867,22;559,207
56867,505;558,665
56867,79;558,126
56868,075;557,591
56868,36;557,059
56868,645;556,53
56868,93;556,004
56869,215;555,482
56869,5;554,962
56869,785;554,445
56870,07;553,931
56870,355;553,42
56870,64;552,911
56870,925;552,405
56871,21;551,902
56871,495;551,402
56871,78;550,904
56872,065;550,409
56872,35;549,916
56872,635;549,426
56872,92;548,938
56873,205;548,453
56873,49;547,969
56873,775;547,488
56874,06;547,01
56874,345;546,533
56874,63;546,059
56874,915;545,586
56875,2;545,116
56875,485;544,647
56875,77;544,181
56876,055;543,716
56876,34;543,253
56876,625;542,792
56876,91;542,333
56877,195;541,875
56877,48;541,419
56877,765;540,964
56878,05;540,511
56878,335;540,06
56878,62;539,61
56878,905;539,161
56879,19;538,713
56879,475;538,267
56879,76;537,822
56880,045;537,379
56880,33;536,936
56880,615;536,495
56880,9;536,054
56881,185;535,615
56881,47;535,176
56881,755;534,739
56882,04;534,302
56882,325;533,865
56882,61;533,429
56882,895;532,994
56883,18;532,558
56883,465;532,122
56883,75;531,686
56884,035;531,25
56884,32;530,814
56884,605;530,377
56884,89;529,939
56885,175;529,5
56885,46;529,06
56885,745;528,619
56886,03;528,177
56886,315;527,734
56886,6;527,288
56886,885;526,841
56887,17;526,393
56887,455;525,942
56887,74;525,489
56888,025;525,034
56888,31;524,576
56888,595;524,116
56888,88;523,653
56889,165;523,187
56889,45;522,718
56889,735;522,246
56890,02;521,77
56890,305;521,292
56890,59;520,809
56890,875;520,323
56891,16;519,833
56891,445;519,339
56891,73;518,841
56892,015;518,339
56892,3;517,832
56892,585;517,321
56892,87;516,805
56893,155;516,284
56893,44;515,758
56893,725;515,227
56894,01;514,69
56894,295;514,148
56894,58;513,601
56894,865;513,048
56895,15;512,489
56895,435;511,924
56895,72;511,353
56896,005;510,776
56896,29;510,192
56896,575;509,601
56896,86;509,004
56897,145;508,4
56897,43;507,789
56897,715;507,171
56898;506,546
56898,285;505,913
56898,57;505,273
56898,855;504,626
56899,14;503,972
56899,425;503,31
56899,71;502,643
56899,995;501,969
56900,28;501,288
56900,565;500,602
56900,85;499,91
56901,135;499,212
56901,42;498,509
56901,705;497,8
56901,99;497,086
56902,275;496,368
56902,56;495,645
56902,845;494,917
56903,13;494,185
56903,415;493,449
56903,7;492,709
56903,985;491,966
56904,27;491,219
56904,555;490,468
56904,84;489,714
56905,125;488,958
56905,41;488,199
56905,695;487,437
56905,98;486,673
56906,265;485,906
56906,55;485,138
56906,835;484,368
56907,12;483,596
56907,405;482,823
56907,69;482,049
56907,975;481,274
56908,26;480,498
56908,545;479,721
56908,83;478,944
56909,115;478,167
56909,4;477,389
56909,685;476,612
56909,97;475,835
56910,255;475,059
56910,54;474,283
56910,825;473,509
56911,11;472,735
56911,395;471,963
56911,68;471,192
56911,965;470,423
56912,25;469,656
56912,535;468,891
56912,82;468,129
56913,105;467,368
56913,39;466,611
56913,675;465,856
56913,96;465,104
56914,245;464,356
56914,53;463,611
56914,815;462,87
56915,1;462,132
56915,385;461,399
56915,67;460,669
56915,955;459,943
56916,24;459,222
56916,525;458,504
56916,81;457,79
56917,095;457,08
56917,38;456,374
56917,665;455,672
56917,95;454,974
56918,235;454,28
56918,52;453,59
56918,805;452,904
56919,09;452,222
56919,375;451,544
56919,66;450,87
56919,945;450,2
56920,23;449,534
56920,515;448,872
56920,8;448,214
56921,085;447,559
56921,37;446,909
56921,655;446,263
56921,94;445,621
56922,225;444,983
56922,51;444,349
56922,795;443,72
56923,08;443,094
56923,365;442,472
56923,65;441,854
56923,935;441,24
56924,22;440,631
56924,505;440,025
56924,79;439,424
56925,075;438,826
56925,36;438,233
56925,645;437,644
56925,93;437,058
56926,215;436,477
56926,5;435,9
56926,785;435,327
56927,07;434,759
56927,355;434,194
56927,64;433,633
56927,925;433,077
56928,21;432,524
56928,495;431,976
56928,78;431,432
56929,065;430,892
56929,35;430,356
56929,635;429,824
56929,92;429,297
56930,205;428,773
56930,49;428,254
56930,775;427,739
56931,06;427,228
56931,345;426,721
56931,63;426,218
56931,915;425,719
56932,2;425,225
56932,485;424,735
56932,77;424,249
56933,055;423,768
56933,34;423,291
56933,625;422,819
56933,91;422,351
56934,195;421,888
56934,48;421,43
56934,765;420,977
56935,05;420,528
56935,335;420,085
56935,62;419,646
56935,905;419,213
56936,19;418,784
56936,475;418,361
56936,76;417,943
56937,045;417,531
56937,33;417,124
56937,615;416,723
56937,9;416,327
56938,185;415,937
56938,47;415,552
56938,755;415,174
56939,04;414,801
56939,325;414,434
56939,61;414,073
56939,895;413,718
56940,18;413,369
56940,465;413,027
56940,75;412,691
56941,035;412,361
56941,32;412,037
56941,605;411,72
56941,89;411,41
56942,175;411,106
56942,46;410,809
56942,745;410,518
56943,03;410,235
56943,315;409,958
56943,6;409,688
56943,885;409,425
56944,17;409,17
56944,455;408,921
56944,74;408,68
56945,025;408,446
56945,31;408,22
56945,595;408,001
56945,88;407,789
56946,165;407,585
56946,45;407,389
56946,735;407,2
56947,02;407,019
56947,305;406,846
56947,59;406,681
56947,875;406,524
56948,16;406,375
56948,445;406,235
56948,73;406,102
56949,015;405,978
56949,3;405,861
56949,585;405,754
56949,87;405,654
56950,155;405,563
56950,44;405,48
56950,725;405,405
56951,01;405,339
56951,295;405,281
56951,58;405,232
56951,865;405,191
56952,15;405,158
56952,435;405,134
56952,72;405,118
56953,005;405,111
56953,29;405,112
56953,575;405,122
56953,86;405,14
56954,145;405,167
56954,43;405,202
56954,715;405,246
56955;405,299
56955,285;405,36
56955,57;405,429
56955,855;405,507
56956,14;405,594
56956,425;405,69
56956,71;405,794
56956,995;405,907
56957,28;406,028
56957,565;406,158
56957,85;406,297
56958,135;406,445
56958,42;406,601
56958,705;406,767
56958,99;406,941
56959,275;407,123
56959,56;407,315
56959,845;407,515
56960,13;407,724
56960,415;407,943
56960,7;408,169
56960,985;408,405
56961,27;408,65
56961,555;408,904
56961,84;409,166
56962,125;409,438
56962,41;409,718
56962,695;410,008
56962,98;410,306
56963,265;410,613
56963,55;410,93
56963,835;411,255
56964,12;411,59
56964,405;411,934
56964,69;412,286
56964,975;412,648
56965,26;413,019
56965,545;413,399
56965,83;413,788
56966,115;414,186
56966,4;414,592
56966,685;415,007
56966,97;415,43
56967,255;415,86
56967,54;416,298
56967,825;416,744
56968,11;417,197
56968,395;417,656
56968,68;418,122
56968,965;418,594
56969,25;419,072
56969,535;419,557
56969,82;420,046
56970,105;420,541
56970,39;421,041
56970,675;421,546
56970,96;422,056
56971,245;422,569
56971,53;423,087
56971,815;423,609
56972,1;424,134
56972,385;424,662
56972,67;425,194
56972,955;425,728
56973,24;426,265
56973,525;426,804
56973,81;427,346
56974,095;427,889
56974,38;428,433
56974,665;428,979
56974,95;429,526
56975,235;430,074
56975,52;430,623
56975,805;431,171
56976,09;431,72
56976,375;432,269
56976,66;432,817
56976,945;433,364
56977,23;433,911
56977,515;434,456
56977,8;435
56978,085;435,542
56978,37;436,082
56978,655;436,62
56978,94;437,155
56979,225;437,688
56979,51;438,218
56979,795;438,745
56980,08;439,268
56980,365;439,788
56980,65;440,303
56980,935;440,815
56981,22;441,322
56981,505;441,824
56981,79;442,321
56982,075;442,813
56982,36;443,3
56982,645;443,781
56982,93;444,257
56983,215;444,727
56983,5;445,193
56983,785;445,653
56984,07;446,109
56984,355;446,561
56984,64;447,008
56984,925;447,451
56985,21;447,891
56985,495;448,326
56985,78;448,759
56986,065;449,188
56986,35;449,614
56986,635;450,037
56986,92;450,457
56987,205;450,875
56987,49;451,29
56987,775;451,704
56988,06;452,115
56988,345;452,525
56988,63;452,933
56988,915;453,34
56989,2;453,746
56989,485;454,151
56989,77;454,555
56990,055;454,959
56990,34;455,362
56990,625;455,765
56990,91;456,168
56991,195;456,572
56991,48;456,975
56991,765;457,38
56992,05;457,785
56992,335;458,191
56992,62;458,599
56992,905;459,007
56993,19;459,418
56993,475;459,83
56993,76;460,244
56994,045;460,66
56994,33;461,079
56994,615;461,501
56994,9;461,925
56995,185;462,352
56995,47;462,782
56995,755;463,215
56996,04;463,652
56996,325;464,093
56996,61;464,538
56996,895;464,987
56997,18;465,44
56997,465;465,897
56997,75;466,36
56998,035;466,827
56998,32;467,299
56998,605;467,777
56998,89;468,26
56999,175;468,749
56999,46;469,244
56999,745;469,744
57000,03;470,25
57000,315;470,762
57000,6;471,28
57000,885;471,804
57001,17;472,333
57001,455;472,868
57001,74;473,409
57002,025;473,956
57002,31;474,508
57002,595;475,066
57002,88;475,63
57003,165;476,199
57003,45;476,774
57003,735;477,354
57004,02;477,94
57004,305;478,532
57004,59;479,129
57004,875;479,732
57005,16;480,34
57005,445;480,954
57005,73;481,573
57006,015;482,198
57006,3;482,828
57006,585;483,464
57006,87;484,105
57007,155;484,752
57007,44;485,404
57007,725;486,062
57008,01;486,724
57008,295;487,393
57008,58;488,066
57008,865;488,745
57009,15;489,429
57009,435;490,119
57009,72;490,814
57010,005;491,514
57010,29;492,219
57010,575;492,93
57010,86;493,646
57011,145;494,367
57011,43;495,093
57011,715;495,824
57012;496,561
57012,285;497,303
57012,57;498,049
57012,855;498,801
57013,14;499,559
57013,425;500,321
57013,71;501,088
57013,995;501,86
57014,28;502,638
57014,565;503,42
57014,85;504,208
57015,135;505
57015,42;505,797
57015,705;506,6
57015,99;507,407
57016,275;508,219
57016,56;509,036
57016,845;509,858
57017,13;510,684
57017,415;511,514
57017,7;512,349
57017,985;513,188
57018,27;514,031
57018,555;514,877
57018,84;515,727
57019,125;516,581
57019,41;517,438
57019,695;518,298
57019,98;519,161
57020,265;520,028
57020,55;520,897
57020,835;521,768
57021,12;522,642
57021,405;523,519
57021,69;524,398
57021,975;525,278
57022,26;526,161
57022,545;527,046
57022,83;527,932
57023,115;528,819
57023,4;529,708
57023,685;530,598
57023,97;531,49
57024,255;532,382
57024,54;533,275
57024,825;534,169
57025,11;535,063
57025,395;535,957
57025,68;536,852
57025,965;537,747
57026,25;538,641
57026,535;539,536
57026,82;540,43
57027,105;541,323
57027,39;542,216
57027,675;543,109
57027,96;544
57028,245;544,89
57028,53;545,779
57028,815;546,667
57029,1;547,553
57029,385;548,437
57029,67;549,32
57029,955;550,201
57030,24;551,079
57030,525;551,956
57030,81;552,83
57031,095;553,702
57031,38;554,571
57031,665;555,437
57031,95;556,3
57032,235;557,16
57032,52;558,017
57032,805;558,871
57033,09;559,721
57033,375;560,567
57033,66;561,41
57033,945;562,249
57034,23;563,085
57034,515;563,916
57034,8;564,744
57035,085;565,567
57035,37;566,386
57035,655;567,201
57035,94;568,012
57036,225;568,818
57036,51;569,62
57036,795;570,418
57037,08;571,21
57037,365;571,998
57037,65;572,782
57037,935;573,56
57038,22;574,334
57038,505;575,102
57038,79;575,866
57039,075;576,624
57039,36;577,377
57039,645;578,125
57039,93;578,867
57040,215;579,604
57040,5;580,335
57040,785;581,061
57041,07;581,78
57041,355;582,494
57041,64;583,203
57041,925;583,905
57042,21;584,601
57042,495;585,291
57042,78;585,975
57043,065;586,652
57043,35;587,324
57043,635;587,988
57043,92;588,647
57044,205;589,298
57044,49;589,943
57044,775;590,581
57045,06;591,213
57045,345;591,837
57045,63;592,455
57045,915;593,065
57046,2;593,668
57046,485;594,264
57046,77;594,853
57047,055;595,434
57047,34;596,008
57047,625;596,574
57047,91;597,133
57048,195;597,684
57048,48;598,227
57048,765;598,762
57049,05;599,29
57049,335;599,809
57049,62;600,32
57049,905;600,823
57050,19;601,318
57050,475;601,805
57050,76;602,285
57051,045;602,757
57051,33;603,222
57051,615;603,68
57051,9;604,13
57052,185;604,575
57052,47;605,012
57052,755;605,444
57053,04;605,869
57053,325;606,288
57053,61;606,702
57053,895;607,11
57054,18;607,512
57054,465;607,91
57054,75;608,302
57055,035;608,69
57055,32;609,073
57055,605;609,452
57055,89;609,826
57056,175;610,196
57056,46;610,563
57056,745;610,926
57057,03;611,285
57057,315;611,641
57057,6;611,994
57057,885;612,344
57058,17;612,691
57058,455;613,036
57058,74;613,378
57059,025;613,719
57059,31;614,057
57059,595;614,393
57059,88;614,728
57060,165;615,062
57060,45;615,394
57060,735;615,725
57061,02;616,056
57061,305;616,386
57061,59;616,715
57061,875;617,044
57062,16;617,373
57062,445;617,702
57062,73;618,032
57063,015;618,362
57063,3;618,692
57063,585;619,024
57063,87;619,356
57064,155;619,69
57064,44;620,025
57064,725;620,362
57065,01;620,701
57065,295;621,041
57065,58;621,384
57065,865;621,73
57066,15;622,077
57066,435;622,428
57066,72;622,781
57067,005;623,137
57067,29;623,495
57067,575;623,855
57067,86;624,216
57068,145;624,577
57068,43;624,938
57068,715;625,299
57069;625,659
57069,285;626,017
57069,57;626,374
57069,855;626,728
57070,14;627,079
57070,425;627,426
57070,71;627,77
57070,995;628,11
57071,28;628,444
57071,565;628,773
57071,85;629,096
57072,135;629,413
57072,42;629,723
57072,705;630,025
57072,99;630,32
57073,275;630,606
57073,56;630,883
57073,845;631,151
57074,13;631,409
57074,415;631,657
57074,7;631,893
57074,985;632,119
57075,27;632,332
57075,555;632,533
57075,84;632,721
57076,125;632,896
57076,41;633,057
57076,695;633,204
57076,98;633,335
57077,265;633,452
57077,55;633,552
57077,835;633,636
57078,12;633,704
57078,405;633,754
57078,69;633,786
57078,975;633,799
57079,26;633,794
57079,545;633,77
57079,83;633,726
57080,115;633,661
57080,4;633,576
57080,685;633,469
57080,97;633,34
57081,255;633,189
57081,54;633,016
57081,825;632,819
57082,11;632,598
57082,395;632,352
57082,68;632,082
57082,965;631,787
57083,25;631,466
57083,535;631,119
57083,82;630,745
57084,105;630,347
57084,39;629,923
57084,675;629,476
57084,96;629,004
57085,245;628,51
57085,53;627,993
57085,815;627,454
57086,1;626,893
57086,385;626,312
57086,67;625,711
57086,955;625,09
57087,24;624,449
57087,525;623,791
57087,81;623,114
57088,095;622,42
57088,38;621,709
57088,665;620,982
57088,95;620,239
57089,235;619,481
57089,52;618,709
57089,805;617,922
57090,09;617,122
57090,375;616,31
57090,66;615,485
57090,945;614,648
57091,23;613,8
57091,515;612,942
57091,8;612,074
57092,085;611,196
57092,37;610,31
57092,655;609,415
57092,94;608,512
57093,225;607,603
57093,51;606,687
57093,795;605,765
57094,08;604,837
57094,365;603,905
57094,65;602,968
57094,935;602,028
57095,22;601,084
57095,505;600,139
57095,79;599,191
57096,075;598,241
57096,36;597,291
57096,645;596,341
57096,93;595,39
57097,215;594,441
57097,5;593,493
57097,785;592,547
57098,07;591,604
57098,355;590,664
57098,64;589,728
57098,925;588,795
57099,21;587,868
57099,495;586,946
57099,78;586,031
57100,065;585,121
57100,35;584,219
57100,635;583,324
57100,92;582,436
57101,205;581,554
57101,49;580,679
57101,775;579,809
57102,06;578,945
57102,345;578,086
57102,63;577,232
57102,915;576,382
57103,2;575,537
57103,485;574,697
57103,77;573,859
57104,055;573,025
57104,34;572,195
57104,625;571,367
57104,91;570,541
57105,195;569,718
57105,48;568,897
57105,765;568,077
57106,05;567,259
57106,335;566,442
57106,62;565,625
57106,905;564,808
57107,19;563,992
57107,475;563,176
57107,76;562,358
57108,045;561,541
57108,33;560,721
57108,615;559,901
57108,9;559,079
57109,185;558,254
57109,47;557,427
57109,755;556,598
57110,04;555,766
57110,325;554,93
57110,61;554,091
57110,895;553,247
57111,18;552,4
57111,465;551,548
57111,75;550,691
57112,035;549,829
57112,32;548,962
57112,605;548,089
57112,89;547,21
57113,175;546,325
57113,46;545,432
57113,745;544,533
57114,03;543,627
57114,315;542,713
57114,6;541,792
57114,885;540,862
57115,17;539,923
57115,455;538,976
57115,74;538,02
57116,025;537,055
57116,31;536,079
57116,595;535,094
57116,88;534,098
57117,165;533,092
57117,45;532,075
57117,735;531,047
57118,02;530,009
57118,305;528,96
57118,59;527,9
57118,875;526,829
57119,16;525,747
57119,445;524,654
57119,73;523,551
57120,015;522,436
57120,3;521,311
57120,585;520,175
57120,87;519,027
57121,155;517,869
57121,44;516,7
57121,725;515,519
57122,01;514,328
57122,295;513,125
57122,58;511,912
57122,865;510,687
57123,15;509,451
57123,435;508,204
57123,72;506,946
57124,005;505,677
57124,29;504,396
57124,575;503,104
57124,86;501,801
57125,145;500,487
57125,43;499,161
57125,715;497,824
57126;496,476
57126,285;495,116
57126,57;493,745
57126,855;492,363
57127,14;490,969
57127,425;489,563
57127,71;488,147
57127,995;486,718
57128,28;485,279
57128,565;483,827
57128,85;482,365
57129,135;480,89
57129,42;479,404
57129,705;477,907
57129,99;476,397
57130,275;474,877
57130,56;473,344
57130,845;471,8
57131,13;470,244
57131,415;468,677
57131,7;467,097
57131,985;465,506
57132,27;463,903
57132,555;462,289
57132,84;460,662
57133,125;459,024
57133,41;457,374
57133,695;455,711
57133,98;454,037
57134,265;452,352
57134,55;450,655
57134,835;448,948
57135,12;447,231
57135,405;445,505
57135,69;443,769
57135,975;442,026
57136,26;440,274
57136,545;438,516
57136,83;436,75
57137,115;434,979
57137,4;433,202
57137,685;431,42
57137,97;429,634
57138,255;427,843
57138,54;426,049
57138,825;424,253
57139,11;422,454
57139,395;420,653
57139,68;418,851
57139,965;417,048
57140,25;415,246
57140,535;413,444
57140,82;411,642
57141,105;409,843
57141,39;408,045
57141,675;406,25
57141,96;404,458
57142,245;402,67
57142,53;400,886
57142,815;399,107
57143,1;397,333
57143,385;395,566
57143,67;393,804
57143,955;392,05
57144,24;390,303
57144,525;388,564
57144,81;386,834
57145,095;385,114
57145,38;383,402
57145,665;381,702
57145,95;380,011
57146,235;378,333
57146,52;376,666
57146,805;375,012
57147,09;373,371
57147,375;371,743
57147,66;370,129
57147,945;368,53
57148,23;366,947
57148,515;365,379
57148,8;363,827
57149,085;362,292
57149,37;360,775
57149,655;359,275
57149,94;357,794
57150,225;356,332
57150,51;354,89
57150,795;353,467
57151,08;352,065
57151,365;350,681
57151,65;349,316
57151,935;347,968
57152,22;346,637
57152,505;345,321
57152,79;344,02
57153,075;342,732
57153,36;341,458
57153,645;340,196
57153,93;338,945
57154,215;337,704
57154,5;336,473
57154,785;335,25
57155,07;334,035
57155,355;332,827
57155,64;331,625
57155,925;330,428
57156,21;329,235
57156,495;328,045
57156,78;326,858
57157,065;325,673
57157,35;324,488
57157,635;323,304
57157,92;322,118
57158,205;320,93
57158,49;319,74
57158,775;318,546
57159,06;317,347
57159,345;316,144
57159,63;314,934
57159,915;313,716
57160,2;312,491
57160,485;311,257
57160,77;310,014
57161,055;308,759
57161,34;307,494
57161,625;306,215
57161,91;304,924
57162,195;303,619
57162,48;302,298
57162,765;300,962
57163,05;299,609
57163,335;298,239
57163,62;296,85
57163,905;295,442
57164,19;294,013
57164,475;292,564
57164,76;291,093
57165,045;289,598
57165,33;288,08
57165,615;286,538
57165,9;284,97
57166,185;283,376
57166,47;281,755
57166,755;280,105
57167,04;278,427
57167,325;276,719
57167,61;274,981
57167,895;273,211
57168,18;271,413
57168,465;269,586
57168,75;267,733
57169,035;265,854
57169,32;263,951
57169,605;262,024
57169,89;260,076
57170,175;258,107
57170,46;256,118
57170,745;254,112
57171,03;252,088
57171,315;250,049
57171,6;247,996
57171,885;245,929
57172,17;243,851
57172,455;241,762
57172,74;239,663
57173,025;237,556
57173,31;235,442
57173,595;233,323
57173,88;231,199
57174,165;229,072
57174,45;226,943
57174,735;224,813
57175,02;222,683
57175,305;220,556
57175,59;218,431
57175,875;216,311
57176,16;214,196
57176,445;212,088
57176,73;209,988
57177,015;207,897
57177,3;205,816
57177,585;203,747
57177,87;201,691
57178,155;199,65
57178,44;197,624
57178,725;195,614
57179,01;193,622
57179,295;191,65
57179,58;189,698
57179,865;187,768
57180,15;185,86
57180,435;183,977
57180,72;182,119
57181,005;180,287
57181,29;178,484
57181,575;176,709
57181,86;174,965
57182,145;173,253
57182,43;171,573
57182,715;169,928
57183;168,318
57183,285;166,744
57183,57;165,208
57183,855;163,712
57184,14;162,255
57184,425;160,84
57184,71;159,467
57184,995;158,135
57185,28;156,843
57185,565;155,59
57185,85;154,375
57186,135;153,196
57186,42;152,054
57186,705;150,947
57186,99;149,874
57187,275;148,834
57187,56;147,826
57187,845;146,849
57188,13;145,902
57188,415;144,984
57188,7;144,094
57188,985;143,232
57189,27;142,395
57189,555;141,584
57189,84;140,797
57190,125;140,032
57190,41;139,291
57190,695;138,57
57190,98;137,869
57191,265;137,188
57191,55;136,525
57191,835;135,879
57192,12;135,249
57192,405;134,635
57192,69;134,034
57192,975;133,447
57193,26;132,873
57193,545;132,309
57193,83;131,756
57194,115;131,213
57194,4;130,677
57194,685;130,149
57194,97;129,627
57195,255;129,111
57195,54;128,599
57195,825;128,09
57196,11;127,584
57196,395;127,079
57196,68;126,575
57196,965;126,07
57197,25;125,563
57197,535;125,054
57197,82;124,542
57198,105;124,024
57198,39;123,502
57198,675;122,973
57198,96;122,436
57199,245;121,891
57199,53;121,336
57199,815;120,771
57200,1;120,194
57200,385;119,605
57200,67;119,003
57200,955;118,386
57201,24;117,754
57201,525;117,106
57201,81;116,442
57202,095;115,764
57202,38;115,07
57202,665;114,363
57202,95;113,642
57203,235;112,907
57203,52;112,16
57203,805;111,4
57204,09;110,628
57204,375;109,845
57204,66;109,05
57204,945;108,245
57205,23;107,43
57205,515;106,605
57205,8;105,77
57206,085;104,927
57206,37;104,075
57206,655;103,215
57206,94;102,347
57207,225;101,472
57207,51;100,591
57207,795;99,703
57208,08;98,809
57208,365;97,91
57208,65;97,006
57208,935;96,098
57209,22;95,185
57209,505;94,269
57209,79;93,349
57210,075;92,427
57210,36;91,502
57210,645;90,576
57210,93;89,648
57211,215;88,718
57211,5;87,789
57211,785;86,859
57212,07;85,93
57212,355;85,001
57212,64;84,073
57212,925;83,147
57213,21;82,223
57213,495;81,302
57213,78;80,383
57214,065;79,468
57214,35;78,557
57214,635;77,65
57214,92;76,747
57215,205;75,85
57215,49;74,958
57215,775;74,073
57216,06;73,193
57216,345;72,321
57216,63;71,456
57216,915;70,598
57217,2;69,749
57217,485;68,909
57217,77;68,077
57218,055;67,255
57218,34;66,443
57218,625;65,641
57218,91;64,849
57219,195;64,066
57219,48;63,295
57219,765;62,533
57220,05;61,781
57220,335;61,041
57220,62;60,31
57220,905;59,59
57221,19;58,881
57221,475;58,182
57221,76;57,494
57222,045;56,817
57222,33;56,151
57222,615;55,496
57222,9;54,853
57223,185;54,22
57223,47;53,598
57223,755;52,988
57224,04;52,389
57224,325;51,802
57224,61;51,227
57224,895;50,662
57225,18;50,11
57225,465;49,57
57225,75;49,041
57226,035;48,524
57226,32;48,02
57226,605;47,527
57226,89;47,047
57227,175;46,578
57227,46;46,123
57227,745;45,679
57228,03;45,248
57228,315;44,83
57228,6;44,424
57228,885;44,031
57229,17;43,651
57229,455;43,284
57229,74;42,929
57230,025;42,588
57230,31;42,26
57230,595;41,945
57230,88;41,643
57231,165;41,355
57231,45;41,08
57231,735;40,818
57232,02;40,57
57232,305;40,336
57232,59;40,116
57232,875;39,909
57233,16;39,716
57233,445;39,537
57233,73;39,372
57234,015;39,221
57234,3;39,085
57234,585;38,963
57234,87;38,855
57235,155;38,761
57235,44;38,682
57235,725;38,617
57236,01;38,565
57236,295;38,528
57236,58;38,504
57236,865;0
57237,15;38,497
57237,435;38,514
57237,72;38,543
57238,005;38,586
57238,29;38,641
57238,575;38,709
57238,86;38,79
57239,145;38,883
57239,43;38,988
57239,715;39,105
57240;39,235
57240,285;39,376
57240,57;39,529
57240,855;39,693
57241,14;39,869
57241,425;40,056
57241,71;40,255
57241,995;40,464
57242,28;40,684
57242,565;40,915
57242,85;41,156
57243,135;41,408
57243,42;41,67
57243,705;41,942
57243,99;42,224
57244,275;42,516
57244,56;42,818
57244,845;43,129
57245,13;43,45
57245,415;43,78
57245,7;44,119
57245,985;44,468
57246,27;44,825
57246,555;45,19
57246,84;45,565
57247,125;45,947
57247,41;46,339
57247,695;46,738
57247,98;47,145
57248,265;47,56
57248,55;47,983
57248,835;48,413
57249,12;48,851
57249,405;49,297
57249,69;49,749
57249,975;50,208
57250,26;50,675
57250,545;51,148
57250,83;51,627
57251,115;52,113
57251,4;52,605
57251,685;53,104
57251,97;53,609
57252,255;54,119
57252,54;54,635
57252,825;55,156
57253,11;55,682
57253,395;56,212
57253,68;56,747
57253,965;57,287
57254,25;57,83
57254,535;58,377
57254,82;58,927
57255,105;59,48
57255,39;60,037
57255,675;60,595
57255,96;61,157
57256,245;61,72
57256,53;62,285
57256,815;62,852
57257,1;63,42
57257,385;63,989
57257,67;64,559
57257,955;65,129
57258,24;65,699
57258,525;66,27
57258,81;66,84
57259,095;67,41
57259,38;67,979
57259,665;68,547
57259,95;69,113
57260,235;69,678
57260,52;70,241
57260,805;70,802
57261,09;71,361
57261,375;71,917
57261,66;72,47
57261,945;73,02
57262,23;73,566
57262,515;74,109
57262,8;74,648
57263,085;75,183
57263,37;75,713
57263,655;76,238
57263,94;76,759
57264,225;77,274
57264,51;77,783
57264,795;78,287
57265,08;78,785
57265,365;79,277
57265,65;79,762
57265,935;80,24
57266,22;80,711
57266,505;81,175
57266,79;81,631
57267,075;82,079
57267,36;82,519
57267,645;82,951
57267,93;83,374
57268,215;83,788
57268,5;84,192
57268,785;84,588
57269,07;84,974
57269,355;85,352
57269,64;85,721
57269,925;86,082
57270,21;86,435
57270,495;86,78
57270,78;87,118
57271,065;87,449
57271,35;87,773
57271,635;88,091
57271,92;88,403
57272,205;88,709
57272,49;89,009
57272,775;89,304
57273,06;89,594
57273,345;89,88
57273,63;90,161
57273,915;90,439
57274,2;90,712
57274,485;90,983
57274,77;91,25
57275,055;91,514
57275,34;91,776
57275,625;92,036
57275,91;92,294
57276,195;92,55
57276,48;92,805
57276,765;93,059
57277,05;93,312
57277,335;93,565
57277,62;93,818
57277,905;94,071
57278,19;94,325
57278,475;94,579
57278,76;94,835
57279,045;95,092
57279,33;95,351
57279,615;95,611
57279,9;95,874
57280,185;96,14
57280,47;96,409
57280,755;96,681
57281,04;96,956
57281,325;97,236
57281,61;97,519
57281,895;97,807
57282,18;98,1
57282,465;98,397
57282,75;98,7
57283,035;99,009
57283,32;99,324
57283,605;99,645
57283,89;99,972
57284,175;100,307
57284,46;100,648
57284,745;100,997
57285,03;101,354
57285,315;101,719
57285,6;102,092
57285,885;102,474
57286,17;102,863
57286,455;103,26
57286,74;103,666
57287,025;104,079
57287,31;104,499
57287,595;104,927
57287,88;105,361
57288,165;105,803
57288,45;106,252
57288,735;106,708
57289,02;107,17
57289,305;107,638
57289,59;108,113
57289,875;108,594
57290,16;109,081
57290,445;109,574
57290,73;110,073
57291,015;110,577
57291,3;111,086
57291,585;111,601
57291,87;112,121
57292,155;112,646
57292,44;113,175
57292,725;113,71
57293,01;114,248
57293,295;114,792
57293,58;115,339
57293,865;115,89
57294,15;116,446
57294,435;117,005
57294,72;117,567
57295,005;118,133
57295,29;118,703
57295,575;119,275
57295,86;119,851
57296,145;120,429
57296,43;121,01
57296,715;121,594
57297;122,18
57297,285;122,769
57297,57;123,359
57297,855;123,952
57298,14;124,546
57298,425;125,142
57298,71;125,739
57298,995;126,338
57299,28;126,938
57299,565;127,539
57299,85;128,141
57300,135;128,744
57300,42;129,347
57300,705;129,951
57300,99;130,555
57301,275;131,16
57301,56;131,764
57301,845;132,368
57302,13;132,972
57302,415;133,576
57302,7;134,179
57302,985;134,781
57303,27;135,382
57303,555;135,983
57303,84;136,582
57304,125;137,18
57304,41;137,777
57304,695;138,372
57304,98;138,965
57305,265;139,557
57305,55;140,147
57305,835;140,734
57306,12;141,319
57306,405;141,902
57306,69;142,483
57306,975;143,06
57307,26;143,635
57307,545;144,207
57307,83;144,776
57308,115;145,342
57308,4;145,904
57308,685;146,463
57308,97;147,018
57309,255;147,57
57309,54;148,117
57309,825;148,661
57310,11;149,2
57310,395;149,735
57310,68;150,265
57310,965;150,791
57311,25;151,312
57311,535;151,828
57311,82;152,339
57312,105;152,845
57312,39;153,346
57312,675;153,841
57312,96;154,331
57313,245;154,815
57313,53;155,293
57313,815;155,765
57314,1;156,231
57314,385;156,69
57314,67;157,143
57314,955;157,59
57315,24;158,03
57315,525;158,463
57315,81;158,889
57316,095;159,308
57316,38;159,72
57316,665;160,124
57316,95;160,521
57317,235;160,91
57317,52;161,291
57317,805;161,664
57318,09;162,029
57318,375;162,386
57318,66;162,735
57318,945;163,075
57319,23;163,406
57319,515;163,729
57319,8;164,044
57320,085;164,351
57320,37;164,651
57320,655;164,943
57320,94;165,228
57321,225;165,507
57321,51;165,779
57321,795;166,046
57322,08;166,307
57322,365;166,562
57322,65;166,812
57322,935;167,058
57323,22;167,299
57323,505;167,535
57323,79;167,768
57324,075;167,998
57324,36;168,224
57324,645;168,447
57324,93;168,667
57325,215;168,885
57325,5;169,101
57325,785;169,315
57326,07;169,528
57326,355;169,74
57326,64;169,95
57326,925;170,16
57327,21;170,37
57327,495;170,58
57327,78;170,791
57328,065;171,002
57328,35;171,214
57328,635;171,427
57328,92;171,642
57329,205;171,858
57329,49;172,077
57329,775;172,298
57330,06;172,522
57330,345;172,749
57330,63;172,98
57330,915;173,214
57331,2;173,452
57331,485;173,695
57331,77;173,942
57332,055;174,194
57332,34;174,451
57332,625;174,714
57332,91;174,983
57333,195;175,257
57333,48;175,538
57333,765;175,826
57334,05;176,121
57334,335;176,423
57334,62;176,733
57334,905;177,05
57335,19;177,376
57335,475;177,711
57335,76;178,054
57336,045;178,407
57336,33;178,768
57336,615;179,138
57336,9;179,518
57337,185;179,905
57337,47;180,301
57337,755;180,706
57338,04;181,118
57338,325;181,539
57338,61;181,967
57338,895;182,403
57339,18;182,846
57339,465;183,296
57339,75;183,753
57340,035;184,218
57340,32;184,689
57340,605;185,166
57340,89;185,65
57341,175;186,141
57341,46;186,637
57341,745;187,139
57342,03;187,647
57342,315;188,161
57342,6;188,679
57342,885;189,204
57343,17;189,733
57343,455;190,267
57343,74;190,806
57344,025;191,349
57344,31;191,897
57344,595;192,449
57344,88;193,005
57345,165;193,564
57345,45;194,128
57345,735;194,695
57346,02;195,266
57346,305;195,839
57346,59;196,416
57346,875;196,996
57347,16;197,578
57347,445;198,163
57347,73;198,75
57348,015;199,34
57348,3;199,931
57348,585;200,525
57348,87;201,12
57349,155;201,716
57349,44;202,314
57349,725;202,913
57350,01;203,514
57350,295;204,115
57350,58;204,716
57350,865;205,319
57351,15;205,921
57351,435;206,524
57351,72;207,127
57352,005;207,73
57352,29;208,332
57352,575;208,934
57352,86;209,535
57353,145;210,136
57353,43;210,735
57353,715;211,334
57354;211,931
57354,285;212,528
57354,57;213,123
57354,855;213,717
57355,14;214,309
57355,425;214,9
57355,71;215,489
57355,995;216,077
57356,28;216,663
57356,565;217,246
57356,85;217,828
57357,135;218,408
57357,42;218,985
57357,705;219,56
57357,99;220,133
57358,275;220,703
57358,56;221,27
57358,845;221,835
57359,13;222,397
57359,415;222,956
57359,7;223,513
57359,985;224,066
57360,27;224,615
57360,555;225,162
57360,84;225,705
57361,125;226,245
57361,41;226,781
57361,695;227,314
57361,98;227,842
57362,265;228,367
57362,55;228,888
57362,835;229,405
57363,12;229,918
57363,405;230,426
57363,69;230,93
57363,975;231,43
57364,26;231,925
57364,545;232,415
57364,83;232,901
57365,115;233,382
57365,4;233,858
57365,685;234,329
57365,97;234,795
57366,255;235,256
57366,54;235,711
57366,825;236,161
57367,11;236,605
57367,395;237,044
57367,68;237,477
57367,965;237,904
57368,25;238,326
57368,535;238,741
57368,82;239,15
57369,105;239,554
57369,39;239,95
57369,675;240,341
57369,96;240,725
57370,245;241,103
57370,53;241,476
57370,815;241,842
57371,1;242,203
57371,385;242,559
57371,67;242,91
57371,955;243,256
57372,24;243,598
57372,525;243,935
57372,81;244,268
57373,095;244,597
57373,38;244,922
57373,665;245,244
57373,95;245,562
57374,235;245,877
57374,52;246,189
57374,805;246,499
57375,09;246,806
57375,375;247,111
57375,66;247,413
57375,945;247,714
57376,23;248,013
57376,515;248,311
57376,8;248,607
57377,085;248,902
57377,37;249,197
57377,655;249,49
57377,94;249,784
57378,225;250,077
57378,51;250,37
57378,795;250,664
57379,08;250,958
57379,365;251,252
57379,65;251,547
57379,935;251,844
57380,22;252,141
57380,505;252,441
57380,79;252,741
57381,075;253,044
57381,36;253,349
57381,645;253,656
57381,93;253,966
57382,215;254,278
57382,5;254,593
57382,785;254,912
57383,07;255,234
57383,355;255,559
57383,64;255,888
57383,925;256,221
57384,21;256,559
57384,495;256,9
57384,78;257,247
57385,065;257,598
57385,35;257,954
57385,635;258,316
57385,92;258,682
57386,205;259,055
57386,49;259,434
57386,775;259,818
57387,06;260,208
57387,345;260,604
57387,63;261,006
57387,915;261,413
57388,2;261,826
57388,485;262,245
57388,77;262,669
57389,055;263,098
57389,34;263,532
57389,625;263,972
57389,91;264,417
57390,195;264,867
57390,48;265,322
57390,765;265,782
57391,05;266,247
57391,335;266,716
57391,62;267,191
57391,905;267,67
57392,19;268,153
57392,475;268,641
57392,76;269,134
57393,045;269,631
57393,33;270,132
57393,615;270,637
57393,9;271,147
57394,185;271,661
57394,47;272,178
57394,755;272,7
57395,04;273,225
57395,325;273,755
57395,61;274,288
57395,895;274,825
57396,18;275,365
57396,465;275,909
57396,75;276,456
57397,035;277,007
57397,32;277,561
57397,605;278,118
57397,89;278,679
57398,175;279,242
57398,46;279,809
57398,745;280,379
57399,03;280,951
57399,315;281,526
57399,6;282,104
57399,885;282,685
57400,17;283,268
57400,455;283,854
57400,74;284,443
57401,025;285,033
57401,31;285,626
57401,595;286,222
57401,88;286,819
57402,165;287,419
57402,45;288,02
57402,735;288,624
57403,02;289,23
57403,305;289,837
57403,59;290,446
57403,875;291,057
57404,16;291,668
57404,445;292,281
57404,73;292,895
57405,015;293,509
57405,3;294,123
57405,585;294,738
57405,87;295,353
57406,155;295,967
57406,44;296,58
57406,725;297,193
57407,01;297,805
57407,295;298,415
57407,58;299,025
57407,865;299,632
57408,15;300,238
57408,435;300,841
57408,72;301,442
57409,005;302,041
57409,29;302,636
57409,575;303,229
57409,86;303,818
57410,145;304,404
57410,43;304,986
57410,715;305,565
57411;306,139
57411,285;306,709
57411,57;307,274
57411,855;307,834
57412,14;308,389
57412,425;308,939
57412,71;309,484
57412,995;310,023
57413,28;310,555
57413,565;311,082
57413,85;311,602
57414,135;312,116
57414,42;312,623
57414,705;313,123
57414,99;313,615
57415,275;314,1
57415,56;314,577
57415,845;315,046
57416,13;315,507
57416,415;315,96
57416,7;316,404
57416,985;316,839
57417,27;317,265
57417,555;317,681
57417,84;318,089
57418,125;318,486
57418,41;318,873
57418,695;319,25
57418,98;319,617
57419,265;319,973
57419,55;320,318
57419,835;320,652
57420,12;320,975
57420,405;321,286
57420,69;321,587
57420,975;321,877
57421,26;322,157
57421,545;322,427
57421,83;322,687
57422,115;322,939
57422,4;323,182
57422,685;323,417
57422,97;323,644
57423,255;323,863
57423,54;324,076
57423,825;324,281
57424,11;324,481
57424,395;324,674
57424,68;324,862
57424,965;325,045
57425,25;325,223
57425,535;325,396
57425,82;325,566
57426,105;325,732
57426,39;325,895
57426,675;326,054
57426,96;326,212
57427,245;326,367
57427,53;326,521
57427,815;326,673
57428,1;326,824
57428,385;326,975
57428,67;327,126
57428,955;327,277
57429,24;327,428
57429,525;327,581
57429,81;327,734
57430,095;327,89
57430,38;328,048
57430,665;328,208
57430,95;328,371
57431,235;328,537
57431,52;328,708
57431,805;328,882
57432,09;329,06
57432,375;329,244
57432,66;329,432
57432,945;329,627
57433,23;329,827
57433,515;330,034
57433,8;330,247
57434,085;330,467
57434,37;330,695
57434,655;330,931
57434,94;331,175
57435,225;331,428
57435,51;331,69
57435,795;331,962
57436,08;332,243
57436,365;332,534
57436,65;332,836
57436,935;333,149
57437,22;333,473
57437,505;333,808
57437,79;334,154
57438,075;334,51
57438,36;334,877
57438,645;335,253
57438,93;335,64
57439,215;336,036
57439,5;336,442
57439,785;336,857
57440,07;337,281
57440,355;337,714
57440,64;338,155
57440,925;338,605
57441,21;339,064
57441,495;339,53
57441,78;340,004
57442,065;340,486
57442,35;340,975
57442,635;341,471
57442,92;341,974
57443,205;342,484
57443,49;343
57443,775;343,523
57444,06;344,052
57444,345;344,587
57444,63;345,127
57444,915;345,674
57445,2;346,225
57445,485;346,781
57445,77;347,343
57446,055;347,909
57446,34;348,479
57446,625;349,054
57446,91;349,633
57447,195;350,215
57447,48;350,801
57447,765;351,391
57448,05;351,984
57448,335;352,58
57448,62;353,178
57448,905;353,78
57449,19;354,383
57449,475;354,989
57449,76;355,597
57450,045;356,206
57450,33;356,817
57450,615;357,429
57450,9;358,043
57451,185;358,657
57451,47;359,272
57451,755;359,888
57452,04;360,503
57452,325;361,119
57452,61;361,735
57452,895;362,35
57453,18;362,965
57453,465;363,579
57453,75;364,192
57454,035;364,804
57454,32;365,415
57454,605;366,024
57454,89;366,632
57455,175;367,239
57455,46;367,844
57455,745;368,447
57456,03;369,049
57456,315;369,649
57456,6;370,247
57456,885;370,844
57457,17;371,438
57457,455;372,03
57457,74;372,62
57458,025;373,208
57458,31;373,794
57458,595;374,377
57458,88;374,958
57459,165;375,537
57459,45;376,113
57459,735;376,686
57460,02;377,256
57460,305;377,824
57460,59;378,389
57460,875;378,95
57461,16;379,509
57461,445;380,065
57461,73;380,617
57462,015;381,166
57462,3;381,712
57462,585;382,255
57462,87;382,794
57463,155;383,329
57463,44;383,861
57463,725;384,389
57464,01;384,913
57464,295;385,434
57464,58;385,95
57464,865;386,463
57465,15;386,971
57465,435;387,475
57465,72;387,975
57466,005;388,471
57466,29;388,962
57466,575;389,449
57466,86;389,931
57467,145;390,409
57467,43;390,882
57467,715;391,35
57468;391,814
57468,285;392,272
57468,57;392,726
57468,855;393,174
57469,14;393,617
57469,425;394,055
57469,71;394,488
57469,995;394,915
57470,28;395,337
57470,565;395,754
57470,85;396,164
57471,135;396,57
57471,42;396,97
57471,705;397,366
57471,99;397,756
57472,275;398,142
57472,56;398,523
57472,845;398,9
57473,13;399,273
57473,415;399,642
57473,7;400,007
57473,985;400,369
57474,27;400,727
57474,555;401,082
57474,84;401,434
57475,125;401,783
57475,41;402,13
57475,695;402,473
57475,98;402,815
57476,265;403,154
57476,55;403,492
57476,835;403,827
57477,12;404,161
57477,405;404,494
57477,69;404,825
57477,975;405,155
57478,26;405,484
57478,545;405,813
57478,83;406,141
57479,115;406,468
57479,4;406,795
57479,685;407,123
57479,97;407,45
57480,255;407,778
57480,54;408,106
57480,825;408,435
57481,11;408,765
57481,395;409,096
57481,68;409,428
57481,965;409,761
57482,25;410,096
57482,535;410,433
57482,82;410,772
57483,105;411,112
57483,39;411,456
57483,675;411,801
57483,96;412,149
57484,245;412,5
57484,53;412,854
57484,815;413,211
57485,1;413,572
57485,385;413,936
57485,67;414,304
57485,955;414,675
57486,24;415,051
57486,525;415,431
57486,81;415,815
57487,095;416,204
57487,38;416,598
57487,665;416,997
57487,95;417,4
57488,235;417,809
57488,52;418,222
57488,805;418,64
57489,09;419,062
57489,375;419,489
57489,66;419,921
57489,945;420,357
57490,23;420,798
57490,515;421,244
57490,8;421,693
57491,085;422,147
57491,37;422,606
57491,655;423,069
57491,94;423,536
57492,225;424,007
57492,51;424,482
57492,795;424,961
57493,08;425,445
57493,365;425,932
57493,65;426,424
57493,935;426,919
57494,22;427,418
57494,505;427,921
57494,79;428,428
57495,075;428,939
57495,36;429,453
57495,645;429,971
57495,93;430,493
57496,215;431,018
57496,5;431,546
57496,785;432,078
57497,07;432,614
57497,355;433,153
57497,64;433,695
57497,925;434,24
57498,21;434,789
57498,495;435,341
57498,78;435,896
57499,065;436,454
57499,35;437,016
57499,635;437,58
57499,92;438,147
57500,205;438,717
57500,49;439,29
57500,775;439,866
57501,06;440,445
57501,345;441,026
57501,63;441,61
57501,915;442,197
57502,2;442,787
57502,485;443,378
57502,77;443,973
57503,055;444,57
57503,34;445,169
57503,625;445,771
57503,91;446,375
57504,195;446,981
57504,48;447,59
57504,765;448,2
57505,05;448,813
57505,335;449,426
57505,62;450,041
57505,905;450,657
57506,19;451,274
57506,475;451,891
57506,76;452,509
57507,045;453,126
57507,33;453,743
57507,615;454,36
57507,9;454,976
57508,185;455,591
57508,47;456,205
57508,755;456,817
57509,04;457,428
57509,325;458,036
57509,61;458,642
57509,895;459,246
57510,18;459,847
57510,465;460,445
57510,75;461,04
57511,035;461,632
57511,32;462,219
57511,605;462,803
57511,89;463,383
57512,175;463,958
57512,46;464,528
57512,745;465,094
57513,03;465,654
57513,315;466,209
57513,6;466,758
57513,885;467,301
57514,17;467,838
57514,455;468,368
57514,74;468,892
57515,025;469,409
57515,31;469,918
57515,595;470,421
57515,88;470,915
57516,165;471,402
57516,45;471,88
57516,735;472,35
57517,02;472,812
57517,305;473,264
57517,59;473,707
57517,875;474,141
57518,16;474,565
57518,445;474,98
57518,73;475,384
57519,015;475,778
57519,3;476,161
57519,585;476,533
57519,87;476,894
57520,155;477,244
57520,44;477,581
57520,725;477,908
57521,01;478,222
57521,295;478,523
57521,58;478,813
57521,865;479,091
57522,15;479,359
57522,435;479,616
57522,72;479,863
57523,005;480,101
57523,29;480,33
57523,575;480,55
57523,86;480,763
57524,145;480,968
57524,43;481,166
57524,715;481,358
57525;481,543
57525,285;481,724
57525,57;481,899
57525,855;482,07
57526,14;482,237
57526,425;482,4
57526,71;482,56
57526,995;482,718
57527,28;482,874
57527,565;483,028
57527,85;483,182
57528,135;483,334
57528,42;483,487
57528,705;483,64
57528,99;483,795
57529,275;483,95
57529,56;484,108
57529,845;484,268
57530,13;484,431
57530,415;484,597
57530,7;484,767
57530,985;484,942
57531,27;485,122
57531,555;485,307
57531,84;485,498
57532,125;485,695
57532,41;485,899
57532,695;486,111
57532,98;486,33
57533,265;486,558
57533,55;486,795
57533,835;487,041
57534,12;487,297
57534,405;487,563
57534,69;487,84
57534,975;488,128
57535,26;488,428
57535,545;488,741
57535,83;489,066
57536,115;489,405
57536,4;489,757
57536,685;490,124
57536,97;490,506
57537,255;490,902
57537,54;491,315
57537,825;491,744
57538,11;492,189
57538,395;492,651
57538,68;493,128
57538,965;493,619
57539,25;494,124
57539,535;494,643
57539,82;495,173
57540,105;495,715
57540,39;496,268
57540,675;496,831
57540,96;497,403
57541,245;497,984
57541,53;498,573
57541,815;499,168
57542,1;499,77
57542,385;500,377
57542,67;500,989
57542,955;501,605
57543,24;502,225
57543,525;502,846
57543,81;503,47
57544,095;504,094
57544,38;504,719
57544,665;505,343
57544,95;505,966
57545,235;506,587
57545,52;507,205
57545,805;507,819
57546,09;508,429
57546,375;509,034
57546,66;509,633
57546,945;510,226
57547,23;510,811
57547,515;511,388
57547,8;511,957
57548,085;512,516
57548,37;513,064
57548,655;513,601
57548,94;514,126
57549,225;514,639
57549,51;515,139
57549,795;515,624
57550,08;516,094
57550,365;516,549
57550,65;516,987
57550,935;517,408
57551,22;517,811
57551,505;518,196
57551,79;518,561
57552,075;518,906
57552,36;519,23
57552,645;519,532
57552,93;519,812
57553,215;520,068
57553,5;520,301
57553,785;520,509
57554,07;520,691
57554,355;520,848
57554,64;520,977
57554,925;521,078
57555,21;521,152
57555,495;521,197
57555,78;521,214
57556,065;521,202
57556,35;521,161
57556,635;521,091
57556,92;520,991
57557,205;520,861
57557,49;520,702
57557,775;520,512
57558,06;520,292
57558,345;520,042
57558,63;519,76
57558,915;519,447
57559,2;519,103
57559,485;518,727
57559,77;518,32
57560,055;517,88
57560,34;517,408
57560,625;516,903
57560,91;516,365
57561,195;515,795
57561,48;515,191
57561,765;514,553
57562,05;513,882
57562,335;513,177
57562,62;512,437
57562,905;511,663
57563,19;510,854
57563,475;510,01
57563,76;509,131
57564,045;508,217
57564,33;507,267
57564,615;506,281
57564,9;505,258
57565,185;504,199
57565,47;503,104
57565,755;501,972
57566,04;500,802
57566,325;499,596
57566,61;498,351
57566,895;497,069
57567,18;495,749
57567,465;494,39
57567,75;492,993
57568,035;491,556
57568,32;490,081
57568,605;488,567
57568,89;487,013
57569,175;485,419
57569,46;483,785
57569,745;482,111
57570,03;480,397
57570,315;478,642
57570,6;476,845
57570,885;475,008
57571,17;473,129
57571,455;471,209
57571,74;469,246
57572,025;467,243
57572,31;465,202
57572,595;463,122
57572,88;461,007
57573,165;458,858
57573,45;456,676
57573,735;454,464
57574,02;452,222
57574,305;449,953
57574,59;447,658
57574,875;445,338
57575,16;442,996
57575,445;440,633
57575,73;438,25
57576,015;435,85
57576,3;433,433
57576,585;431,003
57576,87;428,559
57577,155;426,104
57577,44;423,639
57577,725;421,167
57578,01;418,688
57578,295;416,205
57578,58;413,719
57578,865;411,231
57579,15;408,743
57579,435;406,258
57579,72;403,775
57580,005;401,298
57580,29;398,828
57580,575;396,367
57580,86;393,915
57581,145;391,475
57581,43;389,048
57581,715;386,637
57582;384,241
57582,285;381,865
57582,57;379,508
57582,855;377,172
57583,14;374,86
57583,425;372,573
57583,71;370,312
57583,995;368,079
57584,28;365,875
57584,565;363,703
57584,85;361,565
57585,135;359,46
57585,42;357,392
57585,705;355,362
57585,99;353,371
57586,275;351,422
57586,56;349,515
57586,845;347,653
57587,13;345,836
57587,415;344,068
57587,7;342,348
57587,985;340,68
57588,27;339,065
57588,555;337,503
57588,84;335,995
57589,125;334,539
57589,41;333,135
57589,695;331,779
57589,98;330,472
57590,265;329,212
57590,55;327,998
57590,835;326,827
57591,12;325,699
57591,405;324,613
57591,69;323,567
57591,975;322,559
57592,26;321,588
57592,545;320,654
57592,83;319,754
57593,115;318,887
57593,4;318,052
57593,685;317,247
57593,97;316,472
57594,255;315,724
57594,54;315,003
57594,825;314,306
57595,11;313,634
57595,395;312,983
57595,68;312,354
57595,965;311,743
57596,25;311,152
57596,535;310,576
57596,82;310,017
57597,105;309,471
57597,39;308,938
57597,675;308,417
57597,96;307,905
57598,245;307,402
57598,53;306,907
57598,815;306,417
57599,1;305,931
57599,385;305,449
57599,67;304,969
57599,955;304,489
57600,24;304,008
57600,525;303,525
57600,81;303,038
57601,095;302,546
57601,38;302,048
57601,665;301,541
57601,95;301,026
57602,235;300,5
57602,52;299,963
57602,805;299,412
57603,09;298,846
57603,375;298,265
57603,66;297,666
57603,945;297,049
57604,23;296,411
57604,515;295,752
57604,8;295,07
57605,085;294,364
57605,37;293,633
57605,655;292,876
57605,94;292,093
57606,225;291,285
57606,51;290,452
57606,795;289,594
57607,08;288,711
57607,365;287,804
57607,65;286,873
57607,935;285,918
57608,22;284,94
57608,505;283,938
57608,79;282,913
57609,075;281,865
57609,36;280,795
57609,645;279,702
57609,93;278,587
57610,215;277,45
57610,5;276,291
57610,785;275,112
57611,07;273,91
57611,355;272,688
57611,64;271,446
57611,925;270,182
57612,21;268,899
57612,495;267,596
57612,78;266,273
57613,065;264,93
57613,35;263,569
57613,635;262,188
57613,92;260,789
57614,205;259,371
57614,49;257,935
57614,775;256,481
57615,06;255,009
57615,345;253,52
57615,63;252,013
57615,915;250,49
57616,2;248,949
57616,485;247,393
57616,77;245,82
57617,055;244,23
57617,34;242,626
57617,625;241,005
57617,91;239,369
57618,195;237,719
57618,48;236,053
57618,765;234,373
57619,05;232,678
57619,335;230,97
57619,62;229,248
57619,905;227,512
57620,19;225,762
57620,475;224
57620,76;222,225
57621,045;220,437
57621,33;218,637
57621,615;216,824
57621,9;215
57622,185;213,164
57622,47;211,318
57622,755;209,46
57623,04;207,593
57623,325;205,717
57623,61;203,833
57623,895;201,94
57624,18;200,041
57624,465;198,136
57624,75;196,225
57625,035;194,309
57625,32;192,388
57625,605;190,464
57625,89;188,538
57626,175;186,609
57626,46;184,678
57626,745;182,747
57627,03;180,816
57627,315;178,885
57627,6;176,955
57627,885;175,028
57628,17;173,103
57628,455;171,181
57628,74;169,263
57629,025;167,35
57629,31;165,443
57629,595;163,541
57629,88;161,646
57630,165;159,759
57630,45;157,88
57630,735;156,009
57631,02;154,148
57631,305;152,297
57631,59;150,457
57631,875;148,629
57632,16;146,813
57632,445;145,009
57632,73;143,22
57633,015;141,444
57633,3;139,684
57633,585;137,939
57633,87;136,211
57634,155;134,5
57634,44;132,806
57634,725;131,131
57635,01;129,475
57635,295;127,839
57635,58;126,223
57635,865;124,628
57636,15;123,056
57636,435;121,505
57636,72;119,978
57637,005;118,475
57637,29;116,997
57637,575;115,544
57637,86;114,116
57638,145;112,716
57638,43;111,342
57638,715;109,997
57639;108,681
57639,285;107,393
57639,57;106,135
57639,855;104,904
57640,14;103,703
57640,425;102,53
57640,71;101,385
57640,995;100,268
57641,28;99,178
57641,565;98,117
57641,85;97,083
57642,135;96,077
57642,42;95,098
57642,705;94,146
57642,99;93,221
57643,275;92,323
57643,56;91,451
57643,845;90,606
57644,13;89,788
57644,415;88,995
57644,7;88,229
57644,985;87,488
57645,27;86,773
57645,555;86,084
57645,84;85,421
57646,125;84,782
57646,41;84,169
57646,695;83,581
57646,98;83,017
57647,265;82,478
57647,55;81,964
57647,835;81,474
57648,12;81,008
57648,405;80,567
57648,69;80,149
57648,975;79,755
57649,26;79,384
57649,545;79,038
57649,83;78,714
57650,115;78,413
57650,4;78,136
57650,685;77,881
57650,97;77,649
57651,255;77,44
57651,54;77,253
57651,825;77,088
57652,11;76,945
57652,395;76,824
57652,68;76,725
57652,965;76,648
57653,25;76,591
57653,535;76,557
57653,82;20
57654,105;76,551
57654,39;76,579
57654,675;76,628
57654,96;76,697
57655,245;76,787
57655,53;76,897
57655,815;77,027
57656,1;77,178
57656,385;77,347
57656,67;77,535
57656,955;77,743
57657,24;77,968
57657,525;78,212
57657,81;78,472
57658,095;78,751
57658,38;79,045
57658,665;79,357
57658,95;79,684
57659,235;80,027
57659,52;80,385
57659,805;80,758
57660,09;81,145
57660,375;81,547
57660,66;81,962
57660,945;82,391
57661,23;82,832
57661,515;83,286
57661,8;83,753
57662,085;84,231
57662,37;84,721
57662,655;85,221
57662,94;85,732
57663,225;86,254
57663,51;86,786
57663,795;87,327
57664,08;87,877
57664,365;88,436
57664,65;89,003
57664,935;89,578
57665,22;90,161
57665,505;90,751
57665,79;91,348
57666,075;91,952
57666,36;92,561
57666,645;93,177
57666,93;93,797
57667,215;94,423
57667,5;95,053
57667,785;95,687
57668,07;96,325
57668,355;96,967
57668,64;97,611
57668,925;98,258
57669,21;98,908
57669,495;99,559
57669,78;100,212
57670,065;100,866
57670,35;101,521
57670,635;102,176
57670,92;102,831
57671,205;103,486
57671,49;104,14
57671,775;104,793
57672,06;105,444
57672,345;106,093
57672,63;106,74
57672,915;107,385
57673,2;108,027
57673,485;108,666
57673,77;109,303
57674,055;109,937
57674,34;110,568
57674,625;111,197
57674,91;111,823
57675,195;112,446
57675,48;113,067
57675,765;113,684
57676,05;114,299
57676,335;114,911
57676,62;115,52
57676,905;116,126
57677,19;116,729
57677,475;117,329
57677,76;117,926
57678,045;118,52
57678,33;119,111
57678,615;119,699
57678,9;120,284
57679,185;120,865
57679,47;121,444
57679,755;122,019
57680,04;122,591
57680,325;123,16
57680,61;123,725
57680,895;124,287
57681,18;124,846
57681,465;125,401
57681,75;125,954
57682,035;126,502
57682,32;127,047
57682,605;127,589
57682,89;128,127
57683,175;128,662
57683,46;129,193
57683,745;129,72
57684,03;130,244
57684,315;130,764
57684,6;131,281
57684,885;131,794
57685,17;132,303
57685,455;132,808
57685,74;133,31
57686,025;133,807
57686,31;134,301
57686,595;134,791
57686,88;135,278
57687,165;135,76
57687,45;136,238
57687,735;136,712
57688,02;137,183
57688,305;137,649
57688,59;138,111
57688,875;138,569
57689,16;139,023
57689,445;139,473
57689,73;139,919
57690,015;140,361
57690,3;140,799
57690,585;141,233
57690,87;141,664
57691,155;142,092
57691,44;142,516
57691,725;142,938
57692,01;143,357
57692,295;143,773
57692,58;144,186
57692,865;144,598
57693,15;145,007
57693,435;145,414
57693,72;145,819
57694,005;146,223
57694,29;146,625
57694,575;147,025
57694,86;147,425
57695,145;147,823
57695,43;148,221
57695,715;148,618
57696;149,014
57696,285;149,41
57696,57;149,806
57696,855;150,202
57697,14;150,597
57697,425;150,994
57697,71;151,39
57697,995;151,787
57698,28;152,185
57698,565;152,584
57698,85;152,983
57699,135;153,384
57699,42;153,787
57699,705;154,191
57699,99;154,596
57700,275;155,004
57700,56;155,414
57700,845;155,825
57701,13;156,24
57701,415;156,656
57701,7;157,076
57701,985;157,498
57702,27;157,923
57702,555;158,352
57702,84;158,784
57703,125;159,219
57703,41;159,658
57703,695;160,101
57703,98;160,547
57704,265;160,998
57704,55;161,453
57704,835;161,913
57705,12;162,377
57705,405;162,847
57705,69;163,321
57705,975;163,8
57706,26;164,284
57706,545;164,774
57706,83;165,269
57707,115;165,77
57707,4;166,275
57707,685;166,786
57707,97;167,302
57708,255;167,824
57708,54;168,35
57708,825;168,881
57709,11;169,417
57709,395;169,958
57709,68;170,504
57709,965;171,055
57710,25;171,611
57710,535;172,171
57710,82;172,736
57711,105;173,306
57711,39;173,88
57711,675;174,459
57711,96;175,042
57712,245;175,63
57712,53;176,222
57712,815;176,818
57713,1;177,419
57713,385;178,024
57713,67;178,633
57713,955;179,246
57714,24;179,864
57714,525;180,486
57714,81;181,111
57715,095;181,741
57715,38;182,374
57715,665;183,011
57715,95;183,653
57716,235;184,298
57716,52;184,946
57716,805;185,599
57717,09;186,255
57717,375;186,914
57717,66;187,577
57717,945;188,244
57718,23;188,914
57718,515;189,588
57718,8;190,265
57719,085;190,945
57719,37;191,628
57719,655;192,315
57719,94;193,005
57720,225;193,698
57720,51;194,394
57720,795;195,093
57721,08;195,795
57721,365;196,5
57721,65;197,208
57721,935;197,918
57722,22;198,632
57722,505;199,348
57722,79;200,067
57723,075;200,789
57723,36;201,513
57723,645;202,239
57723,93;202,968
57724,215;203,699
57724,5;204,432
57724,785;205,166
57725,07;205,902
57725,355;206,639
57725,64;207,377
57725,925;208,117
57726,21;208,857
57726,495;209,598
57726,78;210,339
57727,065;211,08
57727,35;211,822
57727,635;212,563
57727,92;213,304
57728,205;214,045
57728,49;214,785
57728,775;215,524
57729,06;216,262
57729,345;216,999
57729,63;217,735
57729,915;218,469
57730,2;219,201
57730,485;219,932
57730,77;220,66
57731,055;221,386
57731,34;222,11
57731,625;222,831
57731,91;223,55
57732,195;224,265
57732,48;224,977
57732,765;225,686
57733,05;226,392
57733,335;227,093
57733,62;227,791
57733,905;228,485
57734,19;229,175
57734,475;229,86
57734,76;230,541
57735,045;231,217
57735,33;231,887
57735,615;232,553
57735,9;233,214
57736,185;233,869
57736,47;234,518
57736,755;235,162
57737,04;235,8
57737,325;236,431
57737,61;237,056
57737,895;237,675
57738,18;238,286
57738,465;238,891
57738,75;239,489
57739,035;240,08
57739,32;240,663
57739,605;241,238
57739,89;241,806
57740,175;242,366
57740,46;242,918
57740,745;243,463
57741,03;244,001
57741,315;244,531
57741,6;245,056
57741,885;245,574
57742,17;246,085
57742,455;246,592
57742,74;247,092
57743,025;247,587
57743,31;248,078
57743,595;248,563
57743,88;249,044
57744,165;249,521
57744,45;249,994
57744,735;250,463
57745,02;250,929
57745,305;251,392
57745,59;251,851
57745,875;252,309
57746,16;252,763
57746,445;253,216
57746,73;253,667
57747,015;254,117
57747,3;254,565
57747,585;255,012
57747,87;255,458
57748,155;255,904
57748,44;256,35
57748,725;256,795
57749,01;257,241
57749,295;257,688
57749,58;258,135
57749,865;258,584
57750,15;259,034
57750,435;259,485
57750,72;259,939
57751,005;260,394
57751,29;260,852
57751,575;261,313
57751,86;261,777
57752,145;262,243
57752,43;262,714
57752,715;263,188
57753;263,666
57753,285;264,149
57753,57;264,636
57753,855;265,127
57754,14;265,624
57754,425;266,127
57754,71;266,635
57754,995;267,148
57755,28;267,668
57755,565;268,195
57755,85;268,728
57756,135;269,268
57756,42;269,815
57756,705;270,369
57756,99;270,932
57757,275;271,501
57757,56;272,078
57757,845;272,662
57758,13;273,251
57758,415;273,847
57758,7;274,449
57758,985;275,056
57759,27;275,668
57759,555;276,285
57759,84;276,907
57760,125;277,533
57760,41;278,162
57760,695;278,795
57760,98;279,431
57761,265;280,07
57761,55;280,711
57761,835;281,355
57762,12;282
57762,405;282,647
57762,69;283,296
57762,975;283,945
57763,26;284,594
57763,545;285,244
57763,83;285,894
57764,115;286,543
57764,4;287,192
57764,685;287,84
57764,97;288,486
57765,255;289,13
57765,54;289,773
57765,825;290,413
57766,11;291,05
57766,395;291,685
57766,68;292,316
57766,965;292,943
57767,25;293,566
57767,535;294,185
57767,82;294,8
57768,105;295,409
57768,39;296,013
57768,675;296,612
57768,96;297,204
57769,245;297,791
57769,53;298,371
57769,815;298,943
57770,1;299,509
57770,385;300,067
57770,67;300,617
57770,955;301,159
57771,24;301,692
57771,525;302,217
57771,81;302,732
57772,095;303,238
57772,38;303,734
57772,665;304,22
57772,95;304,695
57773,235;305,16
57773,52;305,613
57773,805;306,055
57774,09;306,486
57774,375;306,906
57774,66;307,316
57774,945;307,716
57775,23;308,106
57775,515;308,488
57775,8;308,86
57776,085;309,225
57776,37;309,581
57776,655;309,93
57776,94;310,271
57777,225;310,606
57777,51;310,935
57777,795;311,257
57778,08;311,574
57778,365;311,886
57778,65;312,192
57778,935;312,495
57779,22;312,793
57779,505;313,088
57779,79;313,379
57780,075;313,668
57780,36;313,954
57780,645;314,238
57780,93;314,521
57781,215;314,802
57781,5;315,082
57781,785;315,362
57782,07;315,642
57782,355;315,921
57782,64;316,202
57782,925;316,484
57783,21;316,767
57783,495;317,052
57783,78;317,339
57784,065;317,629
57784,35;317,922
57784,635;318,218
57784,92;318,518
57785,205;318,822
57785,49;319,131
57785,775;319,445
57786,06;319,764
57786,345;320,089
57786,63;320,42
57786,915;320,758
57787,2;321,102
57787,485;321,454
57787,77;321,814
57788,055;322,182
57788,34;322,558
57788,625;322,943
57788,91;323,338
57789,195;323,742
57789,48;324,156
57789,765;324,581
57790,05;325,017
57790,335;325,464
57790,62;325,922
57790,905;326,392
57791,19;326,873
57791,475;327,365
57791,76;327,869
57792,045;328,382
57792,33;328,907
57792,615;329,441
57792,9;329,986
57793,185;330,54
57793,47;331,104
57793,755;331,678
57794,04;332,261
57794,325;332,853
57794,61;333,453
57794,895;334,063
57795,18;334,68
57795,465;335,306
57795,75;335,94
57796,035;336,582
57796,32;337,231
57796,605;337,888
57796,89;338,552
57797,175;339,223
57797,46;339,9
57797,745;340,585
57798,03;341,275
57798,315;341,972
57798,6;342,675
57798,885;343,383
57799,17;344,097
57799,455;344,817
57799,74;345,541
57800,025;346,271
57800,31;347,005
57800,595;347,744
57800,88;348,487
57801,165;349,234
57801,45;349,985
57801,735;350,74
57802,02;351,498
57802,305;352,259
57802,59;353,024
57802,875;353,792
57803,16;354,562
57803,445;355,335
57803,73;356,11
57804,015;356,887
57804,3;357,665
57804,585;358,446
57804,87;359,228
57805,155;360,011
57805,44;360,796
57805,725;361,581
57806,01;362,367
57806,295;363,153
57806,58;363,939
57806,865;364,726
57807,15;365,512
57807,435;366,298
57807,72;367,083
57808,005;367,868
57808,29;368,652
57808,575;369,434
57808,86;370,216
57809,145;370,997
57809,43;371,776
57809,715;372,554
57810;373,33
57810,285;374,104
57810,57;374,877
57810,855;375,647
57811,14;376,415
57811,425;377,181
57811,71;377,944
57811,995;378,705
57812,28;379,463
57812,565;380,218
57812,85;380,97
57813,135;381,719
57813,42;382,465
57813,705;383,207
57813,99;383,946
57814,275;384,681
57814,56;385,412
57814,845;386,14
57815,13;386,863
57815,415;387,582
57815,7;388,296
57815,985;389,006
57816,27;389,712
57816,555;390,412
57816,84;391,108
57817,125;391,798
57817,41;392,484
57817,695;393,164
57817,98;393,838
57818,265;394,507
57818,55;395,17
57818,835;395,827
57819,12;396,479
57819,405;397,124
57819,69;397,763
57819,975;398,395
57820,26;399,021
57820,545;399,64
57820,83;400,252
57821,115;400,857
57821,4;401,455
57821,685;402,046
57821,97;402,629
57822,255;403,205
57822,54;403,773
57822,825;404,334
57823,11;404,886
57823,395;405,43
57823,68;405,966
57823,965;406,494
57824,25;407,013
57824,535;407,524
57824,82;408,027
57825,105;408,523
57825,39;409,011
57825,675;409,492
57825,96;409,966
57826,245;410,434
57826,53;410,896
57826,815;411,352
57827,1;411,803
57827,385;412,248
57827,67;412,689
57827,955;413,126
57828,24;413,558
57828,525;413,986
57828,81;414,411
57829,095;414,833
57829,38;415,251
57829,665;415,667
57829,95;416,081
57830,235;416,493
57830,52;416,904
57830,805;417,313
57831,09;417,721
57831,375;418,128
57831,66;418,535
57831,945;418,942
57832,23;419,349
57832,515;419,757
57832,8;420,166
57833,085;420,576
57833,37;420,988
57833,655;421,401
57833,94;421,817
57834,225;422,235
57834,51;422,656
57834,795;423,08
57835,08;423,508
57835,365;423,939
57835,65;424,374
57835,935;424,814
57836,22;425,259
57836,505;425,708
57836,79;426,163
57837,075;426,624
57837,36;427,091
57837,645;427,564
57837,93;428,043
57838,215;428,53
57838,5;429,024
57838,785;429,525
57839,07;430,034
57839,355;430,552
57839,64;431,078
57839,925;431,613
57840,21;432,157
57840,495;432,71
57840,78;433,274
57841,065;433,847
57841,35;434,431
57841,635;435,023
57841,92;435,625
57842,205;436,236
57842,49;436,855
57842,775;437,481
57843,06;438,115
57843,345;438,756
57843,63;439,404
57843,915;440,058
57844,2;440,717
57844,485;441,382
57844,77;442,052
57845,055;442,726
57845,34;443,404
57845,625;444,086
57845,91;444,772
57846,195;445,46
57846,48;446,15
57846,765;446,842
57847,05;447,536
57847,335;448,231
57847,62;448,927
57847,905;449,623
57848,19;450,319
57848,475;451,014
57848,76;451,709
57849,045;452,402
57849,33;453,093
57849,615;453,782
57849,9;454,469
57850,185;455,152
57850,47;455,832
57850,755;456,508
57851,04;457,18
57851,325;457,847
57851,61;458,509
57851,895;459,165
57852,18;459,816
57852,465;460,46
57852,75;461,097
57853,035;461,727
57853,32;462,35
57853,605;462,964
57853,89;463,57
57854,175;464,167
57854,46;464,754
57854,745;465,332
57855,03;465,9
57855,315;466,457
57855,6;467,003
57855,885;467,538
57856,17;468,061
57856,455;468,572
57856,74;469,07
57857,025;469,555
57857,31;470,027
57857,595;470,484
57857,88;470,928
57858,165;471,357
57858,45;471,772
57858,735;472,175
57859,02;472,564
57859,305;472,942
57859,59;473,308
57859,875;473,663
57860,16;474,007
57860,445;474,341
57860,73;474,666
57861,015;474,981
57861,3;475,288
57861,585;475,587
57861,87;475,878
57862,155;476,162
57862,44;476,44
57862,725;476,711
57863,01;476,977
57863,295;477,238
57863,58;477,494
57863,865;477,746
57864,15;477,995
57864,435;478,241
57864,72;478,484
57865,005;478,725
57865,29;478,964
57865,575;479,203
57865,86;479,441
57866,145;479,679
57866,43;479,917
57866,715;480,157
57867;480,398
57867,285;480,64
57867,57;480,886
57867,855;481,135
57868,14;481,387
57868,425;481,643
57868,71;481,903
57868,995;482,169
57869,28;482,44
57869,565;482,717
57869,85;483,001
57870,135;483,292
57870,42;483,59
57870,705;483,897
57870,99;484,212
57871,275;484,536
57871,56;484,87
57871,845;485,214
57872,13;485,568
57872,415;485,934
57872,7;486,311
57872,985;486,7
57873,27;487,102
57873,555;487,517
57873,84;487,946
57874,125;488,389
57874,41;488,846
57874,695;489,319
57874,98;489,806
57875,265;490,309
57875,55;490,825
57875,835;491,356
57876,12;491,901
57876,405;492,458
57876,69;493,029
57876,975;493,612
57877,26;494,207
57877,545;494,814
57877,83;495,432
57878,115;496,061
57878,4;496,701
57878,685;497,35
57878,97;498,01
57879,255;498,679
57879,54;499,357
57879,825;500,044
57880,11;500,739
57880,395;501,442
57880,68;502,153
57880,965;502,871
57881,25;503,595
57881,535;504,326
57881,82;505,063
57882,105;505,805
57882,39;506,553
57882,675;507,306
57882,96;508,063
57883,245;508,824
57883,53;509,589
57883,815;510,357
57884,1;511,128
57884,385;511,902
57884,67;512,678
57884,955;513,456
57885,24;514,235
57885,525;515,016
57885,81;515,797
57886,095;516,578
57886,38;517,359
57886,665;518,14
57886,95;518,92
57887,235;519,698
57887,52;520,475
57887,805;521,25
57888,09;522,023
57888,375;522,793
57888,66;523,56
57888,945;524,323
57889,23;525,083
57889,515;525,838
57889,8;526,588
57890,085;527,334
57890,37;528,074
57890,655;528,808
57890,94;529,536
57891,225;530,258
57891,51;530,972
57891,795;531,68
57892,08;532,38
57892,365;533,073
57892,65;533,759
57892,935;534,437
57893,22;535,108
57893,505;535,771
57893,79;536,428
57894,075;537,076
57894,36;537,717
57894,645;538,35
57894,93;538,976
57895,215;539,594
57895,5;540,204
57895,785;540,806
57896,07;541,401
57896,355;541,987
57896,64;542,566
57896,925;543,136
57897,21;543,699
57897,495;544,253
57897,78;544,8
57898,065;545,338
57898,35;545,867
57898,635;546,389
57898,92;546,902
57899,205;547,407
57899,49;547,903
57899,775;548,391
57900,06;548,87
57900,345;549,341
57900,63;549,803
57900,915;550,256
57901,2;550,701
57901,485;551,137
57901,77;551,564
57902,055;551,982
57902,34;552,391
57902,625;552,792
57902,91;553,183
57903,195;553,565
57903,48;553,938
57903,765;554,302
57904,05;554,657
57904,335;555,002
57904,62;555,339
57904,905;555,665
57905,19;555,983
57905,475;556,291
57905,76;556,589
57906,045;556,878
57906,33;557,157
57906,615;557,427
57906,9;557,687
57907,185;557,937
57907,47;558,178
57907,755;558,409
57908,04;558,629
57908,325;558,84
57908,61;559,041
57908,895;559,232
57909,18;559,414
57909,465;559,586
57909,75;559,749
57910,035;559,903
57910,32;560,047
57910,605;560,183
57910,89;560,31
57911,175;560,429
57911,46;560,539
57911,745;560,64
57912,03;560,734
57912,315;560,819
57912,6;560,897
57912,885;560,967
57913,17;561,029
57913,455;561,084
57913,74;561,132
57914,025;561,172
57914,31;561,205
57914,595;561,232
57914,88;561,252
57915,165;561,265
57915,45;561,272
57915,735;561,272
57916,02;561,267
57916,305;561,255
57916,59;561,238
57916,875;561,214
57917,16;561,186
57917,445;561,151
57917,73;561,112
57918,015;561,067
57918,3;561,018
57918,585;560,963
57918,87;560,904
57919,155;560,84
57919,44;560,772
57919,725;560,7
57920,01;560,623
57920,295;560,543
57920,58;560,458
57920,865;560,37
57921,15;560,279
57921,435;560,184
57921,72;560,085
57922,005;559,984
57922,29;559,879
57922,575;559,772
57922,86;559,662
57923,145;559,55
57923,43;559,435
57923,715;559,318
57924;559,198
57924,285;559,077
57924,57;558,954
57924,855;558,829
57925,14;558,703
57925,425;558,576
57925,71;558,446
57925,995;558,316
57926,28;558,184
57926,565;558,052
57926,85;557,917
57927,135;557,782
57927,42;557,646
57927,705;557,509
57927,99;557,371
57928,275;557,232
57928,56;557,092
57928,845;556,951
57929,13;556,809
57929,415;556,667
57929,7;556,524
57929,985;556,381
57930,27;556,237
57930,555;556,092
57930,84;555,947
57931,125;555,802
57931,41;555,656
57931,695;555,511
57931,98;555,364
57932,265;555,218
57932,55;555,072
57932,835;554,925
57933,12;554,779
57933,405;554,632
57933,69;554,486
57933,975;554,339
57934,26;554,193
57934,545;554,047
57934,83;553,902
57935,115;553,757
57935,4;553,612
57935,685;553,468
57935,97;553,324
57936,255;553,18
57936,54;553,038
57936,825;552,896
57937,11;552,754
57937,395;552,614
57937,68;552,474
57937,965;552,335
57938,25;552,197
57938,535;552,06
57938,82;551,924
57939,105;551,789
57939,39;551,655
57939,675;551,523
57939,96;551,391
57940,245;551,261
57940,53;551,133
57940,815;551,005
57941,1;550,879
57941,385;550,755
57941,67;550,632
57941,955;550,511
57942,24;550,391
57942,525;550,273
57942,81;550,155
57943,095;550,039
57943,38;549,924
57943,665;549,809
57943,95;549,695
57944,235;549,582
57944,52;549,468
57944,805;549,354
57945,09;549,24
57945,375;549,125
57945,66;549,01
57945,945;548,894
57946,23;548,777
57946,515;548,659
57946,8;548,54
57947,085;548,419
57947,37;548,296
57947,655;548,171
57947,94;548,045
57948,225;547,915
57948,51;547,784
57948,795;547,65
57949,08;547,513
57949,365;547,373
57949,65;547,23
57949,935;547,083
57950,22;546,933
57950,505;546,779
57950,79;546,621
57951,075;546,459
57951,36;546,293
57951,645;546,122
57951,93;545,946
57952,215;545,766
57952,5;545,581
57952,785;545,39
57953,07;545,194
57953,355;544,993
57953,64;544,785
57953,925;544,572
57954,21;544,353
57954,495;544,127
57954,78;543,895
57955,065;543,656
57955,35;543,41
57955,635;543,157
57955,92;542,897
57956,205;542,629
57956,49;542,354
57956,775;542,071
57957,06;541,78
57957,345;541,481
57957,63;541,174
57957,915;540,858
57958,2;540,533
57958,485;540,199
57958,77;539,857
57959,055;539,505
57959,34;539,144
57959,625;538,774
57959,91;538,395
57960,195;538,007
57960,48;537,611
57960,765;537,206
57961,05;536,793
57961,335;536,371
57961,62;535,94
57961,905;535,502
57962,19;535,055
57962,475;534,601
57962,76;534,138
57963,045;533,668
57963,33;533,19
57963,615;532,704
57963,9;532,211
57964,185;531,71
57964,47;531,203
57964,755;530,687
57965,04;530,165
57965,325;529,636
57965,61;529,099
57965,895;528,556
57966,18;528,006
57966,465;527,45
57966,75;526,887
57967,035;526,317
57967,32;525,742
57967,605;525,159
57967,89;524,571
57968,175;523,977
57968,46;523,377
57968,745;522,771
57969,03;522,159
57969,315;521,541
57969,6;520,918
57969,885;520,29
57970,17;519,656
57970,455;519,017
57970,74;518,373
57971,025;517,723
57971,31;517,069
57971,595;516,41
57971,88;515,746
57972,165;515,077
57972,45;514,404
57972,735;513,726
57973,02;513,044
57973,305;512,358
57973,59;511,667
57973,875;510,973
57974,16;510,274
57974,445;509,572
57974,73;508,866
57975,015;508,156
57975,3;507,442
57975,585;506,725
57975,87;506,005
57976,155;505,281
57976,44;504,555
57976,725;503,825
57977,01;503,093
57977,295;502,358
57977,58;501,621
57977,865;500,882
57978,15;500,141
57978,435;499,398
57978,72;498,653
57979,005;497,907
57979,29;497,159
57979,575;496,41
57979,86;495,661
57980,145;494,91
57980,43;494,159
57980,715;493,407
57981;492,656
57981,285;491,904
57981,57;491,152
57981,855;490,4
57982,14;489,648
57982,425;488,898
57982,71;488,147
57982,995;487,398
57983,28;486,65
57983,565;485,903
57983,85;485,158
57984,135;484,414
57984,42;483,672
57984,705;482,932
57984,99;482,193
57985,275;481,458
57985,56;480,724
57985,845;479,993
57986,13;479,265
57986,415;478,54
57986,7;477,819
57986,985;477,1
57987,27;476,385
57987,555;475,673
57987,84;474,966
57988,125;474,262
57988,41;473,562
57988,695;472,867
57988,98;472,176
57989,265;471,49
57989,55;470,809
57989,835;470,133
57990,12;469,462
57990,405;468,796
57990,69;468,136
57990,975;467,481
57991,26;466,833
57991,545;466,19
57991,83;465,554
57992,115;464,924
57992,4;464,3
57992,685;463,684
57992,97;463,073
57993,255;462,469
57993,54;461,871
57993,825;461,279
57994,11;460,693
57994,395;460,112
57994,68;459,537
57994,965;458,967
57995,25;458,401
57995,535;457,84
57995,82;457,284
57996,105;456,732
57996,39;456,185
57996,675;455,641
57996,96;455,101
57997,245;454,565
57997,53;454,032
57997,815;453,502
57998,1;452,975
57998,385;452,451
57998,67;451,929
57998,955;451,41
57999,24;450,893
57999,525;450,378
57999,81;449,865
58000,095;449,354
58000,38;448,843
58000,665;448,335
58000,95;447,827
58001,235;447,32
58001,52;446,813
58001,805;446,307
58002,09;445,801
58002,375;445,296
58002,66;444,79
58002,945;444,283
58003,23;443,777
58003,515;443,269
58003,8;442,761
58004,085;442,251
58004,37;441,74
58004,655;441,228
58004,94;440,713
58005,225;440,197
58005,51;439,679
58005,795;439,159
58006,08;438,636
58006,365;438,11
58006,65;437,581
58006,935;437,05
58007,22;436,515
58007,505;435,976
58007,79;435,434
58008,075;434,888
58008,36;434,338
58008,645;433,784
58008,93;433,225
58009,215;432,662
58009,5;432,094
58009,785;431,521
58010,07;430,943
58010,355;430,362
58010,64;429,775
58010,925;429,185
58011,21;428,591
58011,495;427,993
58011,78;427,391
58012,065;426,786
58012,35;426,177
58012,635;425,565
58012,92;424,95
58013,205;424,331
58013,49;423,71
58013,775;423,087
58014,06;422,46
58014,345;421,832
58014,63;421,2
58014,915;420,567
58015,2;419,932
58015,485;419,295
58015,77;418,656
58016,055;418,016
58016,34;417,374
58016,625;416,731
58016,91;416,087
58017,195;415,441
58017,48;414,795
58017,765;414,148
58018,05;413,501
58018,335;412,853
58018,62;412,204
58018,905;411,556
58019,19;410,907
58019,475;410,259
58019,76;409,611
58020,045;408,963
58020,33;408,316
58020,615;407,67
58020,9;407,024
58021,185;406,379
58021,47;405,736
58021,755;405,093
58022,04;404,452
58022,325;403,813
58022,61;403,175
58022,895;402,539
58023,18;401,905
58023,465;401,273
58023,75;400,644
58024,035;400,016
58024,32;399,392
58024,605;398,77
58024,89;398,15
58025,175;397,534
58025,46;396,921
58025,745;396,311
58026,03;395,704
58026,315;395,101
58026,6;394,501
58026,885;393,905
58027,17;393,313
58027,455;392,725
58027,74;392,14
58028,025;391,56
58028,31;390,984
58028,595;390,411
58028,88;389,843
58029,165;389,28
58029,45;388,72
58029,735;388,165
58030,02;387,615
58030,305;387,069
58030,59;386,528
58030,875;385,992
58031,16;385,46
58031,445;384,934
58031,73;384,412
58032,015;383,896
58032,3;383,384
58032,585;382,878
58032,87;382,377
58033,155;381,882
58033,44;381,392
58033,725;380,908
58034,01;380,429
58034,295;379,956
58034,58;379,489
58034,865;379,027
58035,15;378,572
58035,435;378,122
58035,72;377,679
58036,005;377,242
58036,29;376,811
58036,575;376,386
58036,86;375,968
58037,145;375,557
58037,43;375,151
58037,715;374,753
58038;374,361
58038,285;373,976
58038,57;373,598
58038,855;373,227
58039,14;372,863
58039,425;372,506
58039,71;372,156
58039,995;371,813
58040,28;371,478
58040,565;371,151
58040,85;370,83
58041,135;370,518
58041,42;370,213
58041,705;369,915
58041,99;369,626
58042,275;369,344
58042,56;369,071
58042,845;368,805
58043,13;368,548
58043,415;368,298
58043,7;368,055
58043,985;367,82
58044,27;367,591
58044,555;367,368
58044,84;367,15
58045,125;366,937
58045,41;366,73
58045,695;366,526
58045,98;366,326
58046,265;366,13
58046,55;365,936
58046,835;365,745
58047,12;365,557
58047,405;365,369
58047,69;365,183
58047,975;364,998
58048,26;364,812
58048,545;364,627
58048,83;364,441
58049,115;364,254
58049,4;364,066
58049,685;363,875
58049,97;363,683
58050,255;363,487
58050,54;363,289
58050,825;363,086
58051,11;362,88
58051,395;362,669
58051,68;362,453
58051,965;362,231
58052,25;362,004
58052,535;361,771
58052,82;361,53
58053,105;361,283
58053,39;361,028
58053,675;360,765
58053,96;360,493
58054,245;360,212
58054,53;359,922
58054,815;359,623
58055,1;359,313
58055,385;358,992
58055,67;358,66
58055,955;358,317
58056,24;357,962
58056,525;357,594
58056,81;357,213
58057,095;356,819
58057,38;356,411
58057,665;355,989
58057,95;355,553
58058,235;355,101
58058,52;354,634
58058,805;354,151
58059,09;353,651
58059,375;353,135
58059,66;352,601
58059,945;352,05
58060,23;351,481
58060,515;350,896
58060,8;350,295
58061,085;349,678
58061,37;349,046
58061,655;348,4
58061,94;347,741
58062,225;347,068
58062,51;346,383
58062,795;345,686
58063,08;344,978
58063,365;344,259
58063,65;343,53
58063,935;342,792
58064,22;342,044
58064,505;341,289
58064,79;340,526
58065,075;339,756
58065,36;338,979
58065,645;338,197
58065,93;337,41
58066,215;336,617
58066,5;335,821
58066,785;335,022
58067,07;334,22
58067,355;333,415
58067,64;332,609
58067,925;331,802
58068,21;330,995
58068,495;330,188
58068,78;329,381
58069,065;328,577
58069,35;327,774
58069,635;326,974
58069,92;326,177
58070,205;325,384
58070,49;324,595
58070,775;323,812
58071,06;323,034
58071,345;322,262
58071,63;321,498
58071,915;320,741
58072,2;319,991
58072,485;319,251
58072,77;318,52
58073,055;317,799
58073,34;317,088
58073,625;316,389
58073,91;315,701
58074,195;315,026
58074,48;314,363
58074,765;313,714
58075,05;313,079
58075,335;312,459
58075,62;311,854
58075,905;311,265
58076,19;310,693
58076,475;310,138
58076,76;309,601
58077,045;309,081
58077,33;308,579
58077,615;308,094
58077,9;307,626
58078,185;307,174
58078,47;306,739
58078,755;306,321
58079,04;305,918
58079,325;305,531
58079,61;305,159
58079,895;304,802
58080,18;304,46
58080,465;304,133
58080,75;303,821
58081,035;303,522
58081,32;303,237
58081,605;302,966
58081,89;302,708
58082,175;302,463
58082,46;302,231
58082,745;302,012
58083,03;301,805
58083,315;301,609
58083,6;301,426
58083,885;301,254
58084,17;301,094
58084,455;300,944
58084,74;300,806
58085,025;300,677
58085,31;300,559
58085,595;300,451
58085,88;300,353
58086,165;300,264
58086,45;300,184
58086,735;300,113
58087,02;300,051
58087,305;299,998
58087,59;299,952
58087,875;299,915
58088,16;299,885
58088,445;299,862
58088,73;299,847
58089,015;299,838
58089,3;299,836
58089,585;299,841
58089,87;299,851
58090,155;299,868
58090,44;299,89
58090,725;299,917
58091,01;299,949
58091,295;299,986
58091,58;300,028
58091,865;300,074
58092,15;300,124
58092,435;300,178
58092,72;300,235
58093,005;300,296
58093,29;300,36
58093,575;300,426
58093,86;300,495
58094,145;300,566
58094,43;300,64
58094,715;300,717
58095;300,795
58095,285;300,876
58095,57;300,96
58095,855;301,045
58096,14;301,133
58096,425;301,222
58096,71;301,313
58096,995;301,407
58097,28;301,502
58097,565;301,599
58097,85;301,697
58098,135;301,797
58098,42;301,899
58098,705;302,002
58098,99;302,107
58099,275;302,213
58099,56;302,32
58099,845;302,428
58100,13;302,538
58100,415;302,649
58100,7;302,76
58100,985;302,873
58101,27;302,986
58101,555;303,101
58101,84;303,216
58102,125;303,331
58102,41;303,448
58102,695;303,565
58102,98;303,682
58103,265;303,8
58103,55;303,918
58103,835;304,036
58104,12;304,155
58104,405;304,274
58104,69;304,392
58104,975;304,511
58105,26;304,63
58105,545;304,749
58105,83;304,867
58106,115;304,985
58106,4;305,103
58106,685;305,22
58106,97;305,337
58107,255;305,454
58107,54;305,57
58107,825;305,685
58108,11;305,8
58108,395;305,913
58108,68;306,026
58108,965;306,138
58109,25;306,249
58109,535;306,359
58109,82;306,468
58110,105;306,575
58110,39;306,682
58110,675;306,787
58110,96;306,891
58111,245;306,993
58111,53;307,095
58111,815;307,196
58112,1;307,296
58112,385;307,395
58112,67;307,493
58112,955;307,59
58113,24;307,687
58113,525;307,783
58113,81;307,879
58114,095;307,974
58114,38;308,068
58114,665;308,163
58114,95;308,257
58115,235;308,35
58115,52;308,444
58115,805;308,538
58116,09;308,631
58116,375;308,725
58116,66;308,818
58116,945;308,912
58117,23;309,006
58117,515;309,1
58117,8;309,195
58118,085;309,29
58118,37;309,386
58118,655;309,482
58118,94;309,578
58119,225;309,676
58119,51;309,774
58119,795;309,873
58120,08;309,972
58120,365;310,073
58120,65;310,175
58120,935;310,277
58121,22;310,381
58121,505;310,486
58121,79;310,592
58122,075;310,7
58122,36;310,809
58122,645;310,919
58122,93;311,031
58123,215;311,144
58123,5;311,259
58123,785;311,376
58124,07;311,494
58124,355;311,614
58124,64;311,736
58124,925;311,861
58125,21;311,987
58125,495;312,115
58125,78;312,245
58126,065;312,377
58126,35;312,512
58126,635;312,649
58126,92;312,789
58127,205;312,93
58127,49;313,075
58127,775;313,221
58128,06;313,37
58128,345;313,521
58128,63;313,675
58128,915;313,83
58129,2;313,987
58129,485;314,146
58129,77;314,307
58130,055;314,47
58130,34;314,634
58130,625;314,8
58130,91;314,967
58131,195;315,136
58131,48;315,306
58131,765;315,477
58132,05;315,649
58132,335;315,823
58132,62;315,997
58132,905;316,173
58133,19;316,349
58133,475;316,526
58133,76;316,703
58134,045;316,882
58134,33;317,06
58134,615;317,239
58134,9;317,419
58135,185;317,599
58135,47;317,778
58135,755;317,959
58136,04;318,139
58136,325;318,319
58136,61;318,499
58136,895;318,678
58137,18;318,858
58137,465;319,037
58137,75;319,215
58138,035;319,393
58138,32;319,571
58138,605;319,747
58138,89;319,923
58139,175;320,098
58139,46;320,273
58139,745;320,446
58140,03;320,618
58140,315;320,789
58140,6;320,958
58140,885;321,127
58141,17;321,293
58141,455;321,459
58141,74;321,623
58142,025;321,785
58142,31;321,945
58142,595;322,104
58142,88;322,26
58143,165;322,415
58143,45;322,568
58143,735;322,718
58144,02;322,867
58144,305;323,013
58144,59;323,156
58144,875;323,298
58145,16;323,438
58145,445;323,575
58145,73;323,711
58146,015;323,844
58146,3;323,976
58146,585;324,106
58146,87;324,233
58147,155;324,36
58147,44;324,484
58147,725;324,606
58148,01;324,727
58148,295;324,846
58148,58;324,964
58148,865;325,08
58149,15;325,195
58149,435;325,308
58149,72;325,419
58150,005;325,53
58150,29;325,639
58150,575;325,746
58150,86;325,853
58151,145;325,958
58151,43;326,062
58151,715;326,165
58152;326,267
58152,285;326,367
58152,57;326,467
58152,855;326,566
58153,14;326,664
58153,425;326,761
58153,71;326,857
58153,995;326,953
58154,28;327,047
58154,565;327,141
58154,85;327,235
58155,135;327,327
58155,42;327,42
58155,705;327,511
58155,99;327,603
58156,275;327,693
58156,56;327,784
58156,845;327,874
58157,13;327,963
58157,415;328,053
58157,7;328,142
58157,985;328,231
58158,27;328,32
58158,555;328,409
58158,84;328,498
58159,125;328,586
58159,41;328,675
58159,695;328,764
58159,98;328,853
58160,265;328,942
58160,55;329,031
58160,835;329,121
58161,12;329,211
58161,405;329,301
58161,69;329,391
58161,975;329,482
58162,26;329,572
58162,545;329,663
58162,83;329,754
58163,115;329,844
58163,4;329,935
58163,685;330,026
58163,97;330,116
58164,255;330,207
58164,54;330,297
58164,825;330,387
58165,11;330,477
58165,395;330,566
58165,68;330,655
58165,965;330,744
58166,25;330,833
58166,535;330,921
58166,82;331,008
58167,105;331,096
58167,39;331,182
58167,675;331,268
58167,96;331,354
58168,245;331,439
58168,53;331,523
58168,815;331,606
58169,1;331,689
58169,385;331,771
58169,67;331,852
58169,955;331,933
58170,24;332,012
58170,525;332,091
58170,81;332,168
58171,095;332,245
58171,38;332,321
58171,665;332,395
58171,95;332,469
58172,235;332,541
58172,52;332,612
58172,805;332,682
58173,09;332,751
58173,375;332,819
58173,66;332,885
58173,945;332,95
58174,23;333,013
58174,515;333,075
58174,8;333,136
58175,085;333,195
58175,37;333,253
58175,655;333,309
58175,94;333,363
58176,225;333,416
58176,51;333,468
58176,795;333,517
58177,08;333,565
58177,365;333,611
58177,65;333,655
58177,935;333,698
58178,22;333,739
58178,505;333,778
58178,79;333,815
58179,075;333,851
58179,36;333,886
58179,645;333,919
58179,93;333,951
58180,215;333,982
58180,5;334,012
58180,785;334,041
58181,07;334,069
58181,355;334,096
58181,64;334,122
58181,925;334,147
58182,21;334,172
58182,495;334,197
58182,78;334,22
58183,065;334,244
58183,35;334,267
58183,635;334,29
58183,92;334,312
58184,205;334,335
58184,49;334,357
58184,775;334,38
58185,06;334,403
58185,345;334,426
58185,63;334,449
58185,915;334,473
58186,2;334,497
58186,485;334,521
58186,77;334,547
58187,055;334,573
58187,34;334,599
58187,625;334,627
58187,91;334,655
58188,195;334,685
58188,48;334,715
58188,765;334,747
58189,05;334,779
58189,335;334,814
58189,62;334,849
58189,905;334,886
58190,19;334,925
58190,475;334,965
58190,76;335,007
58191,045;335,05
58191,33;335,095
58191,615;335,143
58191,9;335,192
58192,185;335,244
58192,47;335,297
58192,755;335,353
58193,04;335,411
58193,325;335,471
58193,61;335,534
58193,895;335,6
58194,18;335,668
58194,465;335,739
58194,75;335,812
58195,035;335,888
58195,32;335,966
58195,605;336,047
58195,89;336,13
58196,175;336,214
58196,46;336,3
58196,745;336,388
58197,03;336,477
58197,315;336,567
58197,6;336,658
58197,885;336,75
58198,17;336,843
58198,455;336,936
58198,74;337,029
58199,025;337,123
58199,31;337,216
58199,595;337,31
58199,88;337,403
58200,165;337,495
58200,45;337,587
58200,735;337,678
58201,02;337,768
58201,305;337,857
58201,59;337,944
58201,875;338,03
58202,16;338,114
58202,445;338,196
58202,73;338,276
58203,015;338,354
58203,3;338,43
58203,585;338,503
58203,87;338,573
58204,155;338,64
58204,44;338,705
58204,725;338,766
58205,01;338,823
58205,295;338,877
58205,58;338,927
58205,865;338,974
58206,15;339,016
58206,435;339,054
58206,72;339,087
58207,005;339,116
58207,29;339,141
58207,575;339,16
58207,86;339,174
58208,145;339,183
58208,43;339,186
58208,715;339,184
58209;339,176
58209,285;339,162
58209,57;339,141
58209,855;339,115
58210,14;339,082
58210,425;339,042
58210,71;338,996
58210,995;338,942
58211,28;338,882
58211,565;338,814
58211,85;338,739
58212,135;338,657
58212,42;338,567
58212,705;338,47
58212,99;338,365
58213,275;338,254
58213,56;338,135
58213,845;338,009
58214,13;337,875
58214,415;337,734
58214,7;337,586
58214,985;337,431
58215,27;337,268
58215,555;337,098
58215,84;336,92
58216,125;336,736
58216,41;336,544
58216,695;336,344
58216,98;336,138
58217,265;335,924
58217,55;335,702
58217,835;335,474
58218,12;335,238
58218,405;334,994
58218,69;334,744
58218,975;334,486
58219,26;334,221
58219,545;333,948
58219,83;333,668
58220,115;333,381
58220,4;333,086
58220,685;332,784
58220,97;332,475
58221,255;332,158
58221,54;331,834
58221,825;331,502
58222,11;331,164
58222,395;330,818
58222,68;330,464
58222,965;330,103
58223,25;329,735
58223,535;329,36
58223,82;328,977
58224,105;328,586
58224,39;328,189
58224,675;327,784
58224,96;327,372
58225,245;326,952
58225,53;326,525
58225,815;326,09
58226,1;325,648
58226,385;325,199
58226,67;324,743
58226,955;324,279
58227,24;323,807
58227,525;323,329
58227,81;322,843
58228,095;322,349
58228,38;321,848
58228,665;321,34
58228,95;320,824
58229,235;320,302
58229,52;319,772
58229,805;319,235
58230,09;318,691
58230,375;318,14
58230,66;317,582
58230,945;317,017
58231,23;316,445
58231,515;315,867
58231,8;315,282
58232,085;314,69
58232,37;314,091
58232,655;313,486
58232,94;312,874
58233,225;312,256
58233,51;311,631
58233,795;311
58234,08;310,363
58234,365;309,72
58234,65;309,07
58234,935;308,414
58235,22;307,752
58235,505;307,084
58235,79;306,41
58236,075;305,73
58236,36;305,044
58236,645;304,352
58236,93;303,655
58237,215;302,952
58237,5;302,243
58237,785;301,528
58238,07;300,808
58238,355;300,083
58238,64;299,352
58238,925;298,615
58239,21;297,874
58239,495;297,126
58239,78;296,374
58240,065;295,617
58240,35;294,854
58240,635;294,086
58240,92;293,313
58241,205;292,536
58241,49;291,753
58241,775;290,965
58242,06;290,173
58242,345;289,376
58242,63;288,574
58242,915;287,767
58243,2;286,956
58243,485;286,14
58243,77;285,32
58244,055;284,496
58244,34;283,667
58244,625;282,833
58244,91;281,995
58245,195;281,154
58245,48;280,308
58245,765;279,458
58246,05;278,605
58246,335;277,748
58246,62;276,888
58246,905;276,026
58247,19;275,16
58247,475;274,292
58247,76;273,422
58248,045;272,55
58248,33;271,676
58248,615;270,8
58248,9;269,923
58249,185;269,045
58249,47;268,166
58249,755;267,286
58250,04;266,405
58250,325;265,524
58250,61;264,643
58250,895;263,762
58251,18;262,882
58251,465;262,002
58251,75;261,123
58252,035;260,244
58252,32;259,367
58252,605;258,491
58252,89;257,617
58253,175;256,745
58253,46;255,875
58253,745;255,007
58254,03;254,142
58254,315;253,279
58254,6;252,419
58254,885;251,562
58255,17;250,709
58255,455;249,859
58255,74;249,013
58256,025;248,171
58256,31;247,334
58256,595;246,5
58256,88;245,672
58257,165;244,848
58257,45;244,029
58257,735;243,216
58258,02;242,408
58258,305;241,606
58258,59;240,81
58258,875;240,02
58259,16;239,236
58259,445;238,459
58259,73;237,689
58260,015;236,926
58260,3;236,17
58260,585;235,421
58260,87;234,68
58261,155;233,948
58261,44;233,223
58261,725;232,506
58262,01;231,798
58262,295;231,098
58262,58;230,406
58262,865;229,721
58263,15;229,043
58263,435;228,371
58263,72;227,704
58264,005;227,043
58264,29;226,387
58264,575;225,736
58264,86;225,088
58265,145;224,444
58265,43;223,803
58265,715;223,164
58266;222,528
58266,285;221,893
58266,57;221,26
58266,855;220,627
58267,14;219,995
58267,425;219,362
58267,71;218,729
58267,995;218,095
58268,28;217,459
58268,565;216,821
58268,85;216,181
58269,135;215,538
58269,42;214,892
58269,705;214,241
58269,99;213,587
58270,275;212,927
58270,56;212,263
58270,845;211,593
58271,13;210,916
58271,415;210,234
58271,7;209,544
58271,985;208,846
58272,27;208,141
58272,555;207,427
58272,84;206,705
58273,125;205,973
58273,41;205,231
58273,695;204,48
58273,98;203,717
58274,265;202,943
58274,55;202,158
58274,835;201,36
58275,12;200,551
58275,405;199,728
58275,69;198,891
58275,975;198,041
58276,26;197,176
58276,545;196,297
58276,83;195,402
58277,115;194,492
58277,4;193,565
58277,685;192,622
58277,97;191,661
58278,255;190,683
58278,54;189,687
58278,825;188,673
58279,11;187,641
58279,395;186,591
58279,68;185,525
58279,965;184,443
58280,25;183,345
58280,535;182,232
58280,82;181,106
58281,105;179,965
58281,39;178,812
58281,675;177,647
58281,96;176,47
58282,245;175,282
58282,53;174,083
58282,815;172,875
58283,1;171,657
58283,385;170,432
58283,67;169,198
58283,955;167,957
58284,24;166,709
58284,525;165,455
58284,81;164,196
58285,095;162,932
58285,38;161,664
58285,665;160,393
58285,95;159,118
58286,235;157,842
58286,52;156,564
58286,805;155,285
58287,09;154,005
58287,375;152,726
58287,66;151,448
58287,945;150,171
58288,23;148,896
58288,515;147,624
58288,8;146,356
58289,085;145,092
58289,37;143,832
58289,655;142,578
58289,94;141,329
58290,225;140,087
58290,51;138,853
58290,795;137,626
58291,08;136,407
58291,365;135,198
58291,65;133,998
58291,935;132,809
58292,22;131,63
58292,505;130,463
58292,79;129,309
58293,075;128,167
58293,36;127,039
58293,645;125,924
58293,93;124,825
58294,215;123,741
58294,5;122,673
58294,785;121,621
58295,07;120,587
58295,355;119,57
58295,64;118,572
58295,925;117,592
58296,21;116,63
58296,495;115,686
58296,78;114,76
58297,065;113,85
58297,35;112,957
58297,635;112,081
58297,92;111,221
58298,205;110,377
58298,49;109,548
58298,775;108,735
58299,06;107,936
58299,345;107,153
58299,63;106,383
58299,915;105,628
58300,2;104,887
58300,485;104,159
58300,77;103,444
58301,055;102,742
58301,34;102,052
58301,625;101,375
58301,91;100,709
58302,195;100,056
58302,48;99,413
58302,765;98,782
58303,05;98,161
58303,335;97,551
58303,62;96,951
58303,905;96,36
58304,19;95,78
58304,475;95,208
58304,76;94,645
58305,045;94,091
58305,33;93,545
58305,615;93,007
58305,9;92,477
58306,185;91,954
58306,47;91,438
58306,755;90,929
58307,04;90,427
58307,325;89,93
58307,61;89,44
58307,895;88,955
58308,18;88,475
58308,465;88
58308,75;87,53
58309,035;87,064
58309,32;86,602
58309,605;86,144
58309,89;85,69
58310,175;85,238
58310,46;84,789
58310,745;84,343
58311,03;83,899
58311,315;83,457
58311,6;83,017
58311,885;82,577
58312,17;82,139
58312,455;81,702
58312,74;81,265
58313,025;80,829
58313,31;80,394
58313,595;79,96
58313,88;79,527
58314,165;79,096
58314,45;78,666
58314,735;78,237
58315,02;77,811
58315,305;77,386
58315,59;76,962
58315,875;76,541
58316,16;76,122
58316,445;75,706
58316,73;75,291
58317,015;74,879
58317,3;74,47
58317,585;74,064
58317,87;73,66
58318,155;73,259
58318,44;72,862
58318,725;72,467
58319,01;72,076
58319,295;71,689
58319,58;71,305
58319,865;70,924
58320,15;70,548
58320,435;70,175
58320,72;69,806
58321,005;69,442
58321,29;69,082
58321,575;68,726
58321,86;68,375
58322,145;68,028
58322,43;67,686
58322,715;67,349
58323;67,017
58323,285;66,69
58323,57;66,368
58323,855;66,051
58324,14;65,74
58324,425;65,435
58324,71;65,135
58324,995;64,841
58325,28;64,553
58325,565;64,271
58325,85;63,996
58326,135;63,726
58326,42;63,463
58326,705;63,207
58326,99;62,957
58327,275;62,713
58327,56;62,477
58327,845;62,248
58328,13;62,026
58328,415;61,811
58328,7;61,603
58328,985;61,403
58329,27;61,21
58329,555;61,026
58329,84;60,849
58330,125;60,68
58330,41;60,519
58330,695;60,367
58330,98;60,223
58331,265;60,087
58331,55;59,961
58331,835;59,843
58332,12;59,735
58332,405;59,635
58332,69;59,545
58332,975;59,465
58333,26;59,394
58333,545;59,333
58333,83;59,282
58334,115;59,24
58334,4;59,21
58334,685;59,189
58334,97;59,18
58335,255;59,18
58335,54;59,192
58335,825;59,215
58336,11;59,249
58336,395;59,294
58336,68;59,35
58336,965;59,418
58337,25;59,498
58337,535;59,59
58337,82;59,694
58338,105;59,809
58338,39;59,938
58338,675;60,078
58338,96;60,232
58339,245;60,398
58339,53;60,577
58339,815;60,769
58340,1;60,974
58340,385;61,193
58340,67;61,425
58340,955;61,671
58341,24;61,93
58341,525;62,204
58341,81;62,491
58342,095;62,793
58342,38;63,109
58342,665;63,44
58342,95;63,786
58343,235;64,146
58343,52;64,521
58343,805;64,912
58344,09;65,318
58344,375;65,739
58344,66;66,175
58344,945;66,628
58345,23;67,096
58345,515;67,581
58345,8;68,081
58346,085;68,598
58346,37;69,131
58346,655;69,679
58346,94;70,243
58347,225;70,821
58347,51;71,414
58347,795;72,02
58348,08;72,639
58348,365;73,272
58348,65;73,916
58348,935;74,573
58349,22;75,24
58349,505;75,919
58349,79;76,608
58350,075;77,308
58350,36;78,016
58350,645;78,734
58350,93;79,46
58351,215;80,195
58351,5;80,937
58351,785;81,686
58352,07;82,442
58352,355;83,204
58352,64;83,972
58352,925;84,745
58353,21;85,524
58353,495;86,306
58353,78;87,092
58354,065;87,882
58354,35;88,675
58354,635;89,47
58354,92;90,268
58355,205;91,066
58355,49;91,866
58355,775;92,667
58356,06;93,468
58356,345;94,268
58356,63;95,068
58356,915;95,866
58357,2;96,663
58357,485;97,458
58357,77;98,249
58358,055;99,038
58358,34;99,823
58358,625;100,605
58358,91;101,381
58359,195;102,153
58359,48;102,919
58359,765;103,679
58360,05;104,433
58360,335;105,18
58360,62;105,92
58360,905;106,652
58361,19;107,375
58361,475;108,09
58361,76;108,796
58362,045;109,492
58362,33;110,178
58362,615;110,853
58362,9;111,518
58363,185;112,171
58363,47;112,813
58363,755;113,444
58364,04;114,066
58364,325;114,676
58364,61;115,277
58364,895;115,868
58365,18;116,45
58365,465;117,022
58365,75;117,585
58366,035;118,14
58366,32;118,685
58366,605;119,222
58366,89;119,751
58367,175;120,272
58367,46;120,786
58367,745;121,291
58368,03;121,79
58368,315;122,281
58368,6;122,766
58368,885;123,244
58369,17;123,715
58369,455;124,181
58369,74;124,64
58370,025;125,094
58370,31;125,542
58370,595;125,985
58370,88;126,423
58371,165;126,856
58371,45;127,285
58371,735;127,709
58372,02;128,129
58372,305;128,545
58372,59;128,958
58372,875;129,367
58373,16;129,772
58373,445;130,175
58373,73;130,575
58374,015;130,973
58374,3;131,368
58374,585;131,761
58374,87;132,152
58375,155;132,541
58375,44;132,929
58375,725;133,316
58376,01;133,702
58376,295;134,087
58376,58;134,472
58376,865;134,856
58377,15;135,24
58377,435;135,625
58377,72;136,01
58378,005;136,395
58378,29;136,781
58378,575;137,168
58378,86;137,557
58379,145;137,947
58379,43;138,339
58379,715;138,733
58380;139,128
58380,285;139,527
58380,57;139,927
58380,855;140,33
58381,14;140,735
58381,425;141,143
58381,71;141,554
58381,995;141,968
58382,28;142,385
58382,565;142,805
58382,85;143,228
58383,135;143,654
58383,42;144,084
58383,705;144,517
58383,99;144,954
58384,275;145,395
58384,56;145,84
58384,845;146,288
58385,13;146,741
58385,415;147,198
58385,7;147,659
58385,985;148,125
58386,27;148,595
58386,555;149,069
58386,84;149,549
58387,125;150,033
58387,41;150,522
58387,695;151,016
58387,98;151,516
58388,265;152,02
58388,55;152,53
58388,835;153,046
58389,12;153,567
58389,405;154,094
58389,69;154,626
58389,975;155,165
58390,26;155,709
58390,545;156,26
58390,83;156,817
58391,115;157,38
58391,4;157,95
58391,685;158,526
58391,97;159,109
58392,255;159,699
58392,54;160,296
58392,825;160,9
58393,11;161,51
58393,395;162,128
58393,68;162,754
58393,965;163,387
58394,25;164,027
58394,535;164,675
58394,82;165,331
58395,105;165,994
58395,39;166,666
58395,675;167,345
58395,96;168,033
58396,245;168,73
58396,53;169,434
58396,815;170,147
58397,1;170,868
58397,385;171,598
58397,67;172,335
58397,955;173,08
58398,24;173,833
58398,525;174,594
58398,81;175,361
58399,095;176,136
58399,38;176,919
58399,665;177,708
58399,95;178,504
58400,235;179,307
58400,52;180,116
58400,805;180,932
58401,09;181,754
58401,375;182,582
58401,66;183,416
58401,945;184,256
58402,23;185,101
58402,515;185,952
58402,8;186,809
58403,085;187,671
58403,37;188,538
58403,655;189,41
58403,94;190,286
58404,225;191,168
58404,51;192,054
58404,795;192,944
58405,08;193,839
58405,365;194,738
58405,65;195,641
58405,935;196,547
58406,22;197,458
58406,505;198,372
58406,79;199,289
58407,075;200,209
58407,36;201,133
58407,645;202,06
58407,93;202,989
58408,215;203,921
58408,5;204,856
58408,785;205,793
58409,07;206,733
58409,355;207,674
58409,64;208,618
58409,925;209,563
58410,21;210,51
58410,495;211,459
58410,78;212,409
58411,065;213,36
58411,35;214,313
58411,635;215,266
58411,92;216,221
58412,205;217,176
58412,49;218,131
58412,775;219,087
58413,06;220,043
58413,345;220,999
58413,63;221,956
58413,915;222,912
58414,2;223,867
58414,485;224,822
58414,77;225,776
58415,055;226,728
58415,34;227,679
58415,625;228,628
58415,91;229,576
58416,195;230,521
58416,48;231,464
58416,765;232,404
58417,05;233,341
58417,335;234,276
58417,62;235,206
58417,905;236,134
58418,19;237,057
58418,475;237,977
58418,76;238,892
58419,045;239,802
58419,33;240,708
58419,615;241,609
58419,9;242,505
58420,185;243,395
58420,47;244,28
58420,755;245,158
58421,04;246,031
58421,325;246,897
58421,61;247,756
58421,895;248,609
58422,18;249,454
58422,465;250,292
58422,75;251,123
58423,035;251,945
58423,32;252,76
58423,605;253,566
58423,89;254,364
58424,175;255,154
58424,46;255,934
58424,745;256,705
58425,03;257,466
58425,315;258,218
58425,6;258,96
58425,885;259,692
58426,17;260,413
58426,455;261,124
58426,74;261,823
58427,025;262,512
58427,31;263,19
58427,595;263,855
58427,88;264,51
58428,165;265,152
58428,45;265,781
58428,735;266,399
58429,02;267,003
58429,305;267,595
58429,59;268,173
58429,875;268,738
58430,16;269,289
58430,445;269,826
58430,73;270,35
58431,015;270,861
58431,3;271,36
58431,585;271,846
58431,87;272,32
58432,155;272,782
58432,44;273,233
58432,725;273,673
58433,01;274,102
58433,295;274,521
58433,58;274,93
58433,865;275,33
58434,15;275,72
58434,435;276,101
58434,72;276,474
58435,005;276,838
58435,29;277,194
58435,575;277,543
58435,86;277,885
58436,145;278,22
58436,43;278,548
58436,715;278,871
58437;279,187
58437,285;279,498
58437,57;279,803
58437,855;280,104
58438,14;280,401
58438,425;280,693
58438,71;280,981
58438,995;281,266
58439,28;281,548
58439,565;281,828
58439,85;282,104
58440,135;282,379
58440,42;282,652
58440,705;282,924
58440,99;283,195
58441,275;283,465
58441,56;283,734
58441,845;284,004
58442,13;284,274
58442,415;284,544
58442,7;284,816
58442,985;285,089
58443,27;285,364
58443,555;285,641
58443,84;285,92
58444,125;286,202
58444,41;286,487
58444,695;286,775
58444,98;287,068
58445,265;287,364
58445,55;287,665
58445,835;287,971
58446,12;288,282
58446,405;288,598
58446,69;288,92
58446,975;289,248
58447,26;289,583
58447,545;289,924
58447,83;290,271
58448,115;290,623
58448,4;290,981
58448,685;291,344
58448,97;291,713
58449,255;292,086
58449,54;292,463
58449,825;292,845
58450,11;293,232
58450,395;293,622
58450,68;294,015
58450,965;294,412
58451,25;294,813
58451,535;295,216
58451,82;295,622
58452,105;296,031
58452,39;296,442
58452,675;296,855
58452,96;297,27
58453,245;297,686
58453,53;298,104
58453,815;298,524
58454,1;298,944
58454,385;299,364
58454,67;299,786
58454,955;300,207
58455,24;300,629
58455,525;301,051
58455,81;301,472
58456,095;301,892
58456,38;302,312
58456,665;302,73
58456,95;303,147
58457,235;303,563
58457,52;303,977
58457,805;304,389
58458,09;304,799
58458,375;305,206
58458,66;305,611
58458,945;306,012
58459,23;306,411
58459,515;306,806
58459,8;307,198
58460,085;307,586
58460,37;307,97
58460,655;308,349
58460,94;308,725
58461,225;309,095
58461,51;309,46
58461,795;309,821
58462,08;310,176
58462,365;310,525
58462,65;310,869
58462,935;311,206
58463,22;311,537
58463,505;311,862
58463,79;312,18
58464,075;312,491
58464,36;312,795
58464,645;313,093
58464,93;313,384
58465,215;313,668
58465,5;313,945
58465,785;314,216
58466,07;314,481
58466,355;314,74
58466,64;314,992
58466,925;315,238
58467,21;315,478
58467,495;315,712
58467,78;315,94
58468,065;316,162
58468,35;316,378
58468,635;316,588
58468,92;316,793
58469,205;316,992
58469,49;317,186
58469,775;317,375
58470,06;317,558
58470,345;317,735
58470,63;317,908
58470,915;318,075
58471,2;318,237
58471,485;318,395
58471,77;318,547
58472,055;318,695
58472,34;318,837
58472,625;318,975
58472,91;319,109
58473,195;319,238
58473,48;319,362
58473,765;319,482
58474,05;319,598
58474,335;319,709
58474,62;319,817
58474,905;319,92
58475,19;320,019
58475,475;320,114
58475,76;320,206
58476,045;320,293
58476,33;320,377
58476,615;320,457
58476,9;320,534
58477,185;320,607
58477,47;320,676
58477,755;320,742
58478,04;320,805
58478,325;320,865
58478,61;320,922
58478,895;320,975
58479,18;321,026
58479,465;321,073
58479,75;321,118
58480,035;321,16
58480,32;321,199
58480,605;321,236
58480,89;321,27
58481,175;321,302
58481,46;321,33
58481,745;321,356
58482,03;321,379
58482,315;321,398
58482,6;321,414
58482,885;321,427
58483,17;321,436
58483,455;321,442
58483,74;321,444
58484,025;321,442
58484,31;321,436
58484,595;321,426
58484,88;321,412
58485,165;321,393
58485,45;321,37
58485,735;321,342
58486,02;321,31
58486,305;321,273
58486,59;321,231
58486,875;321,183
58487,16;321,131
58487,445;321,073
58487,73;321,01
58488,015;320,942
58488,3;320,867
58488,585;320,787
58488,87;320,702
58489,155;320,61
58489,44;320,512
58489,725;320,407
58490,01;320,297
58490,295;320,18
58490,58;320,056
58490,865;319,926
58491,15;319,788
58491,435;319,644
58491,72;319,493
58492,005;319,335
58492,29;319,169
58492,575;318,996
58492,86;318,815
58493,145;318,627
58493,43;318,431
58493,715;318,227
58494;318,015
58494,285;317,794
58494,57;317,566
58494,855;317,329
58495,14;317,084
58495,425;316,83
58495,71;316,567
58495,995;316,296
58496,28;316,015
58496,565;315,726
58496,85;315,427
58497,135;315,119
58497,42;314,802
58497,705;314,475
58497,99;314,139
58498,275;313,793
58498,56;313,439
58498,845;313,076
58499,13;312,704
58499,415;312,325
58499,7;311,937
58499,985;311,541
58500,27;311,137
58500,555;310,727
58500,84;310,308
58501,125;309,883
58501,41;309,451
58501,695;309,013
58501,98;308,567
58502,265;308,116
58502,55;307,659
58502,835;307,196
58503,12;306,727
58503,405;306,253
58503,69;305,774
58503,975;305,29
58504,26;304,801
58504,545;304,308
58504,83;303,81
58505,115;303,308
58505,4;302,802
58505,685;302,293
58505,97;301,78
58506,255;301,263
58506,54;300,744
58506,825;300,222
58507,11;299,697
58507,395;299,169
58507,68;298,64
58507,965;298,108
58508,25;297,574
58508,535;297,039
58508,82;296,503
58509,105;295,965
58509,39;295,426
58509,675;294,887
58509,96;294,347
58510,245;293,806
58510,53;293,265
58510,815;292,725
58511,1;292,184
58511,385;291,645
58511,67;291,105
58511,955;290,567
58512,24;290,03
58512,525;289,494
58512,81;288,959
58513,095;288,426
58513,38;287,895
58513,665;287,367
58513,95;286,84
58514,235;286,316
58514,52;285,795
58514,805;285,277
58515,09;284,761
58515,375;284,248
58515,66;283,737
58515,945;283,229
58516,23;282,723
58516,515;282,219
58516,8;281,717
58517,085;281,218
58517,37;280,72
58517,655;280,225
58517,94;279,732
58518,225;279,24
58518,51;278,751
58518,795;278,263
58519,08;277,776
58519,365;277,292
58519,65;276,808
58519,935;276,327
58520,22;275,846
58520,505;275,367
58520,79;274,889
58521,075;274,413
58521,36;273,937
58521,645;273,463
58521,93;272,989
58522,215;272,517
58522,5;272,045
58522,785;271,574
58523,07;271,104
58523,355;270,634
58523,64;270,165
58523,925;269,697
58524,21;269,229
58524,495;268,761
58524,78;268,293
58525,065;267,826
58525,35;267,359
58525,635;266,892
58525,92;266,425
58526,205;265,958
58526,49;265,491
58526,775;265,023
58527,06;264,556
58527,345;264,088
58527,63;263,619
58527,915;263,15
58528,2;262,681
58528,485;262,211
58528,77;261,741
58529,055;261,269
58529,34;260,797
58529,625;260,324
58529,91;259,85
58530,195;259,375
58530,48;258,899
58530,765;258,422
58531,05;257,943
58531,335;257,463
58531,62;256,982
58531,905;256,5
58532,19;256,017
58532,475;255,533
58532,76;255,047
58533,045;254,561
58533,33;254,073
58533,615;253,585
58533,9;253,096
58534,185;252,606
58534,47;252,116
58534,755;251,625
58535,04;251,133
58535,325;250,641
58535,61;250,148
58535,895;249,655
58536,18;249,161
58536,465;248,667
58536,75;248,173
58537,035;247,678
58537,32;247,184
58537,605;246,689
58537,89;246,194
58538,175;245,699
58538,46;245,204
58538,745;244,71
58539,03;244,215
58539,315;243,721
58539,6;243,227
58539,885;242,733
58540,17;242,239
58540,455;241,746
58540,74;241,254
58541,025;240,762
58541,31;240,27
58541,595;239,779
58541,88;239,289
58542,165;238,8
58542,45;238,311
58542,735;237,824
58543,02;237,337
58543,305;236,851
58543,59;236,366
58543,875;235,882
58544,16;235,399
58544,445;234,918
58544,73;234,437
58545,015;233,958
58545,3;233,481
58545,585;233,004
58545,87;232,529
58546,155;232,056
58546,44;231,584
58546,725;231,114
58547,01;230,645
58547,295;230,178
58547,58;229,713
58547,865;229,249
58548,15;228,788
58548,435;228,328
58548,72;227,87
58549,005;227,414
58549,29;226,96
58549,575;226,508
58549,86;226,057
58550,145;225,608
58550,43;225,161
58550,715;224,716
58551;224,272
58551,285;223,83
58551,57;223,39
58551,855;222,951
58552,14;222,514
58552,425;222,079
58552,71;221,645
58552,995;221,213
58553,28;220,783
58553,565;220,354
58553,85;219,926
58554,135;219,5
58554,42;219,076
58554,705;218,653
58554,99;218,232
58555,275;217,812
58555,56;217,393
58555,845;216,976
58556,13;216,56
58556,415;216,146
58556,7;215,733
58556,985;215,322
58557,27;214,912
58557,555;214,503
58557,84;214,095
58558,125;213,689
58558,41;213,284
58558,695;212,88
58558,98;212,478
58559,265;212,077
58559,55;211,677
58559,835;211,278
58560,12;210,881
58560,405;210,484
58560,69;210,089
58560,975;209,695
58561,26;209,302
58561,545;208,91
58561,83;208,519
58562,115;208,13
58562,4;207,741
58562,685;207,353
58562,97;206,967
58563,255;206,581
58563,54;206,197
58563,825;205,813
58564,11;205,43
58564,395;205,048
58564,68;204,668
58564,965;204,288
58565,25;203,909
58565,535;203,53
58565,82;203,152
58566,105;202,775
58566,39;202,398
58566,675;202,021
58566,96;201,644
58567,245;201,267
58567,53;200,89
58567,815;200,513
58568,1;200,135
58568,385;199,757
58568,67;199,377
58568,955;198,998
58569,24;198,617
58569,525;198,235
58569,81;197,852
58570,095;197,468
58570,38;197,082
58570,665;196,695
58570,95;196,306
58571,235;195,915
58571,52;195,522
58571,805;195,128
58572,09;194,731
58572,375;194,332
58572,66;193,93
58572,945;193,526
58573,23;193,12
58573,515;192,71
58573,8;192,298
58574,085;191,882
58574,37;191,464
58574,655;191,042
58574,94;190,616
58575,225;190,188
58575,51;189,755
58575,795;189,319
58576,08;188,879
58576,365;188,435
58576,65;187,986
58576,935;187,534
58577,22;187,077
58577,505;186,616
58577,79;186,15
58578,075;185,679
58578,36;185,203
58578,645;184,722
58578,93;184,236
58579,215;183,745
58579,5;183,249
58579,785;182,747
58580,07;182,239
58580,355;181,726
58580,64;181,206
58580,925;180,681
58581,21;180,15
58581,495;179,612
58581,78;179,068
58582,065;178,518
58582,35;177,961
58582,635;177,399
58582,92;176,832
58583,205;176,259
58583,49;175,681
58583,775;175,098
58584,06;174,511
58584,345;173,919
58584,63;173,323
58584,915;172,723
58585,2;172,12
58585,485;171,513
58585,77;170,903
58586,055;170,29
58586,34;169,674
58586,625;169,055
58586,91;168,435
58587,195;167,812
58587,48;167,188
58587,765;166,562
58588,05;165,935
58588,335;165,306
58588,62;164,677
58588,905;164,047
58589,19;163,417
58589,475;162,787
58589,76;162,157
58590,045;161,527
58590,33;160,897
58590,615;160,269
58590,9;159,641
58591,185;159,015
58591,47;158,39
58591,755;157,767
58592,04;157,146
58592,325;156,527
58592,61;155,91
58592,895;155,296
58593,18;154,686
58593,465;154,078
58593,75;153,473
58594,035;152,872
58594,32;152,275
58594,605;151,683
58594,89;151,094
58595,175;150,51
58595,46;149,931
58595,745;149,356
58596,03;148,787
58596,315;148,224
58596,6;147,666
58596,885;147,114
58597,17;146,568
58597,455;146,029
58597,74;145,496
58598,025;144,971
58598,31;144,452
58598,595;143,941
58598,88;143,437
58599,165;142,94
58599,45;142,45
58599,735;141,967
58600,02;141,49
58600,305;141,019
58600,59;140,555
58600,875;140,096
58601,16;139,643
58601,445;139,196
58601,73;138,753
58602,015;138,316
58602,3;137,884
58602,585;137,456
58602,87;137,033
58603,155;136,613
58603,44;136,198
58603,725;135,787
58604,01;135,379
58604,295;134,974
58604,58;134,573
58604,865;134,174
58605,15;133,779
58605,435;133,386
58605,72;132,995
58606,005;132,606
58606,29;132,219
58606,575;131,834
58606,86;131,45
58607,145;131,068
58607,43;130,687
58607,715;130,306
58608;129,927
58608,285;129,547
58608,57;129,168
58608,855;128,789
58609,14;128,41
58609,425;128,031
58609,71;127,65
58609,995;127,27
58610,28;126,888
58610,565;126,504
58610,85;126,12
58611,135;125,734
58611,42;125,346
58611,705;124,955
58611,99;124,563
58612,275;124,168
58612,56;123,771
58612,845;123,37
58613,13;122,967
58613,415;122,56
58613,7;122,15
58613,985;121,736
58614,27;121,318
58614,555;120,896
58614,84;120,47
58615,125;120,039
58615,41;119,603
58615,695;119,163
58615,98;118,718
58616,265;118,268
58616,55;117,814
58616,835;117,356
58617,12;116,893
58617,405;116,427
58617,69;115,956
58617,975;115,482
58618,26;115,004
58618,545;114,522
58618,83;114,037
58619,115;113,548
58619,4;113,056
58619,685;112,561
58619,97;112,063
58620,255;111,562
58620,54;111,058
58620,825;110,552
58621,11;110,043
58621,395;109,532
58621,68;109,018
58621,965;108,502
58622,25;107,984
58622,535;107,464
58622,82;106,942
58623,105;106,418
58623,39;105,893
58623,675;105,366
58623,96;104,838
58624,245;104,309
58624,53;103,778
58624,815;103,247
58625,1;102,714
58625,385;102,181
58625,67;101,647
58625,955;101,112
58626,24;100,577
58626,525;100,041
58626,81;99,506
58627,095;98,97
58627,38;98,434
58627,665;97,899
58627,95;97,363
58628,235;96,828
58628,52;96,294
58628,805;95,76
58629,09;95,226
58629,375;94,694
58629,66;94,162
58629,945;93,632
58630,23;93,103
58630,515;92,575
58630,8;92,048
58631,085;91,523
58631,37;91
58631,655;90,478
58631,94;89,958
58632,225;89,441
58632,51;88,925
58632,795;88,411
58633,08;87,9
58633,365;87,39
58633,65;86,883
58633,935;86,378
58634,22;85,875
58634,505;85,375
58634,79;84,877
58635,075;84,381
58635,36;83,887
58635,645;83,396
58635,93;82,908
58636,215;82,421
58636,5;81,937
58636,785;81,456
58637,07;80,977
58637,355;80,501
58637,64;80,027
58637,925;79,556
58638,21;79,087
58638,495;78,622
58638,78;78,158
58639,065;77,698
58639,35;77,24
58639,635;76,785
58639,92;76,333
58640,205;75,884
58640,49;75,437
58640,775;74,994
58641,06;74,553
58641,345;74,115
58641,63;73,68
58641,915;73,249
58642,2;72,82
58642,485;72,394
58642,77;71,971
58643,055;71,552
58643,34;71,135
58643,625;70,722
58643,91;70,312
58644,195;69,905
58644,48;69,501
58644,765;69,101
58645,05;68,704
58645,335;68,31
58645,62;67,92
58645,905;67,533
58646,19;67,15
58646,475;66,769
58646,76;66,393
58647,045;66,02
58647,33;65,65
58647,615;65,284
58647,9;64,921
58648,185;64,563
58648,47;64,207
58648,755;63,856
58649,04;63,508
58649,325;63,164
58649,61;62,823
58649,895;62,487
58650,18;62,154
58650,465;61,825
58650,75;61,5
58651,035;61,179
58651,32;60,862
58651,605;60,549
58651,89;60,241
58652,175;59,936
58652,46;59,635
58652,745;59,339
58653,03;59,047
58653,315;58,759
58653,6;58,475
58653,885;58,196
58654,17;57,922
58654,455;57,651
58654,74;57,385
58655,025;57,124
58655,31;56,867
58655,595;56,615
58655,88;56,368
58656,165;56,125
58656,45;55,886
58656,735;55,653
58657,02;55,424
58657,305;55,201
58657,59;54,982
58657,875;54,768
58658,16;54,559
58658,445;54,355
58658,73;54,156
58659,015;53,962
58659,3;53,773
58659,585;53,589
58659,87;53,41
58660,155;53,237
58660,44;53,069
58660,725;52,906
58661,01;52,749
58661,295;52,597
58661,58;52,45
58661,865;52,309
58662,15;52,173
58662,435;52,043
58662,72;51,919
58663,005;51,8
58663,29;51,687
58663,575;51,579
58663,86;51,477
58664,145;51,381
58664,43;51,291
58664,715;51,207
58665;51,128
58665,285;51,056
58665,57;50,989
58665,855;50,928
58666,14;50,874
58666,425;50,826
58666,71;50,784
58666,995;50,748
58667,28;50,719
58667,565;50,696
58667,85;50,68
58668,135;50,671
58668,42;50,669
58668,705;50,673
58668,99;50,685
58669,275;50,704
58669,56;50,73
58669,845;50,763
58670,13;50,804
58670,415;50,853
58670,7;50,909
58670,985;50,972
58671,27;51,044
58671,555;51,124
58671,84;51,212
58672,125;51,307
58672,41;51,411
58672,695;51,524
58672,98;51,645
58673,265;51,774
58673,55;51,912
58673,835;52,059
58674,12;52,215
58674,405;52,379
58674,69;52,553
58674,975;52,735
58675,26;52,927
58675,545;53,129
58675,83;53,339
58676,115;53,56
58676,4;53,79
58676,685;54,029
58676,97;54,279
58677,255;54,538
58677,54;54,807
58677,825;55,087
58678,11;55,376
58678,395;55,676
58678,68;55,987
58678,965;56,308
58679,25;56,639
58679,535;56,982
58679,82;57,335
58680,105;57,699
58680,39;58,074
58680,675;58,46
58680,96;58,857
58681,245;59,266
58681,53;59,686
58681,815;60,117
58682,1;60,56
58682,385;61,015
58682,67;61,482
58682,955;61,96
58683,24;62,45
58683,525;62,951
58683,81;63,463
58684,095;63,985
58684,38;64,518
58684,665;65,061
58684,95;65,613
58685,235;66,175
58685,52;66,745
58685,805;67,325
58686,09;67,912
58686,375;68,508
58686,66;69,112
58686,945;69,723
58687,23;70,341
58687,515;70,967
58687,8;71,599
58688,085;72,237
58688,37;72,881
58688,655;73,53
58688,94;74,185
58689,225;74,846
58689,51;75,51
58689,795;76,18
58690,08;76,853
58690,365;77,53
58690,65;78,211
58690,935;78,895
58691,22;79,582
58691,505;80,272
58691,79;80,963
58692,075;81,657
58692,36;82,352
58692,645;83,049
58692,93;83,747
58693,215;84,446
58693,5;85,145
58693,785;85,844
58694,07;86,543
58694,355;87,242
58694,64;87,94
58694,925;88,636
58695,21;89,332
58695,495;90,025
58695,78;90,717
58696,065;91,407
58696,35;92,093
58696,635;92,777
58696,92;93,458
58697,205;94,135
58697,49;94,808
58697,775;95,477
58698,06;96,142
58698,345;96,802
58698,63;97,457
58698,915;98,107
58699,2;98,751
58699,485;99,388
58699,77;100,02
58700,055;100,646
58700,34;101,266
58700,625;101,88
58700,91;102,489
58701,195;103,092
58701,48;103,691
58701,765;104,284
58702,05;104,873
58702,335;105,457
58702,62;106,036
58702,905;106,611
58703,19;107,183
58703,475;107,75
58703,76;108,313
58704,045;108,873
58704,33;109,43
58704,615;109,983
58704,9;110,533
58705,185;111,08
58705,47;111,625
58705,755;112,167
58706,04;112,707
58706,325;113,244
58706,61;113,78
58706,895;114,313
58707,18;114,845
58707,465;115,376
58707,75;115,905
58708,035;116,433
58708,32;116,96
58708,605;117,486
58708,89;118,011
58709,175;118,536
58709,46;119,061
58709,745;119,586
58710,03;120,11
58710,315;120,635
58710,6;121,161
58710,885;121,687
58711,17;122,213
58711,455;122,741
58711,74;123,27
58712,025;123,8
58712,31;124,331
58712,595;124,864
58712,88;125,399
58713,165;125,936
58713,45;126,474
58713,735;127,016
58714,02;127,559
58714,305;128,106
58714,59;128,655
58714,875;129,207
58715,16;129,762
58715,445;130,321
58715,73;130,883
58716,015;131,449
58716,3;132,019
58716,585;132,593
58716,87;133,171
58717,155;133,753
58717,44;134,34
58717,725;134,932
58718,01;135,529
58718,295;136,131
58718,58;136,739
58718,865;137,352
58719,15;137,97
58719,435;138,595
58719,72;139,226
58720,005;139,863
58720,29;140,507
58720,575;141,157
58720,86;141,815
58721,145;142,479
58721,43;143,151
58721,715;143,83
58722;144,517
58722,285;145,212
58722,57;145,914
58722,855;146,625
58723,14;147,345
58723,425;148,073
58723,71;148,81
58723,995;149,555
58724,28;150,31
58724,565;151,075
58724,85;151,849
58725,135;152,633
58725,42;153,426
58725,705;154,23
58725,99;155,044
58726,275;155,869
58726,56;156,704
58726,845;157,551
58727,13;158,408
58727,415;159,277
58727,7;160,157
58727,985;161,049
58728,27;161,953
58728,555;162,868
58728,84;163,796
58729,125;164,737
58729,41;165,69
58729,695;166,656
58729,98;167,635
58730,265;168,627
58730,55;169,632
58730,835;170,651
58731,12;171,684
58731,405;172,731
58731,69;173,792
58731,975;174,867
58732,26;175,957
58732,545;177,061
58732,83;178,181
58733,115;179,315
58733,4;180,465
58733,685;181,629
58733,97;182,807
58734,255;183,999
58734,54;185,204
58734,825;186,421
58735,11;187,65
58735,395;188,891
58735,68;190,142
58735,965;191,403
58736,25;192,673
58736,535;193,953
58736,82;195,24
58737,105;196,536
58737,39;197,839
58737,675;199,148
58737,96;200,464
58738,245;201,785
58738,53;203,111
58738,815;204,441
58739,1;205,775
58739,385;207,113
58739,67;208,453
58739,955;209,795
58740,24;211,139
58740,525;212,483
58740,81;213,828
58741,095;215,173
58741,38;216,517
58741,665;217,859
58741,95;219,2
58742,235;220,538
58742,52;221,873
58742,805;223,204
58743,09;224,532
58743,375;225,854
58743,66;227,171
58743,945;228,482
58744,23;229,787
58744,515;231,084
58744,8;232,374
58745,085;233,656
58745,37;234,929
58745,655;236,192
58745,94;237,446
58746,225;238,689
58746,51;239,921
58746,795;241,141
58747,08;242,349
58747,365;243,545
58747,65;244,727
58747,935;245,895
58748,22;247,048
58748,505;248,186
58748,79;249,309
58749,075;250,416
58749,36;251,505
58749,645;252,578
58749,93;253,632
58750,215;254,668
58750,5;255,686
58750,785;256,686
58751,07;257,668
58751,355;258,633
58751,64;259,581
58751,925;260,512
58752,21;261,427
58752,495;262,325
58752,78;263,208
58753,065;264,075
58753,35;264,926
58753,635;265,763
58753,92;266,585
58754,205;267,393
58754,49;268,186
58754,775;268,966
58755,06;269,732
58755,345;270,485
58755,63;271,225
58755,915;271,952
58756,2;272,667
58756,485;273,37
58756,77;274,061
58757,055;274,741
58757,34;275,409
58757,625;276,067
58757,91;276,714
58758,195;277,351
58758,48;277,977
58758,765;278,594
58759,05;279,201
58759,335;279,8
58759,62;280,389
58759,905;280,97
58760,19;281,543
58760,475;282,107
58760,76;282,664
58761,045;283,214
58761,33;283,756
58761,615;284,292
58761,9;284,821
58762,185;285,344
58762,47;285,861
58762,755;286,373
58763,04;286,879
58763,325;287,38
58763,61;287,876
58763,895;288,368
58764,18;288,856
58764,465;289,34
58764,75;289,82
58765,035;290,297
58765,32;290,771
58765,605;291,242
58765,89;291,711
58766,175;292,178
58766,46;292,643
58766,745;293,106
58767,03;293,568
58767,315;294,029
58767,6;294,49
58767,885;294,951
58768,17;295,411
58768,455;295,872
58768,74;296,334
58769,025;296,798
58769,31;297,262
58769,595;297,729
58769,88;298,198
58770,165;298,669
58770,45;299,144
58770,735;299,621
58771,02;300,103
58771,305;300,588
58771,59;301,078
58771,875;301,572
58772,16;302,071
58772,445;302,576
58772,73;303,086
58773,015;303,602
58773,3;304,125
58773,585;304,655
58773,87;305,191
58774,155;305,736
58774,44;306,288
58774,725;306,848
58775,01;307,416
58775,295;307,994
58775,58;308,58
58775,865;309,176
58776,15;309,782
58776,435;310,398
58776,72;311,025
58777,005;311,663
58777,29;312,312
58777,575;312,973
58777,86;313,645
58778,145;314,33
58778,43;315,028
58778,715;315,738
58779;316,462
58779,285;317,2
58779,57;317,952
58779,855;318,718
58780,14;319,499
58780,425;320,294
58780,71;321,106
58780,995;321,933
58781,28;322,776
58781,565;323,636
58781,85;324,513
58782,135;325,407
58782,42;326,318
58782,705;327,247
58782,99;328,195
58783,275;329,161
58783,56;330,146
58783,845;331,15
58784,13;332,173
58784,415;333,214
58784,7;334,273
58784,985;335,349
58785,27;336,443
58785,555;337,552
58785,84;338,677
58786,125;339,817
58786,41;340,972
58786,695;342,14
58786,98;343,323
58787,265;344,518
58787,55;345,726
58787,835;346,946
58788,12;348,177
58788,405;349,419
58788,69;350,672
58788,975;351,934
58789,26;353,206
58789,545;354,487
58789,83;355,775
58790,115;357,072
58790,4;358,376
58790,685;359,686
58790,97;361,003
58791,255;362,325
58791,54;363,652
58791,825;364,984
58792,11;366,32
58792,395;367,659
58792,68;369,001
58792,965;370,346
58793,25;371,693
58793,535;373,041
58793,82;374,39
58794,105;375,739
58794,39;377,088
58794,675;378,436
58794,96;379,783
58795,245;381,128
58795,53;382,471
58795,815;383,811
58796,1;385,148
58796,385;386,48
58796,67;387,809
58796,955;389,132
58797,24;390,45
58797,525;391,761
58797,81;393,066
58798,095;394,365
58798,38;395,655
58798,665;396,937
58798,95;398,211
58799,235;399,475
58799,52;400,73
58799,805;401,974
58800,09;403,208
58800,375;404,43
58800,66;405,641
58800,945;406,839
58801,23;408,026
58801,515;409,2
58801,8;410,362
58802,085;411,513
58802,37;412,651
58802,655;413,777
58802,94;414,89
58803,225;415,992
58803,51;417,081
58803,795;418,158
58804,08;419,223
58804,365;420,275
58804,65;421,315
58804,935;422,342
58805,22;423,357
58805,505;424,359
58805,79;425,349
58806,075;426,327
58806,36;427,291
58806,645;428,244
58806,93;429,183
58807,215;430,11
58807,5;431,024
58807,785;431,926
58808,07;432,814
58808,355;433,69
58808,64;434,553
58808,925;435,403
58809,21;436,241
58809,495;437,065
58809,78;437,877
58810,065;438,675
58810,35;439,46
58810,635;440,233
58810,92;440,992
58811,205;441,738
58811,49;442,471
58811,775;443,191
58812,06;443,898
58812,345;444,591
58812,63;445,271
58812,915;445,938
58813,2;446,592
58813,485;447,232
58813,77;447,859
58814,055;448,472
58814,34;449,072
58814,625;449,658
58814,91;450,231
58815,195;450,791
58815,48;451,336
58815,765;451,868
58816,05;452,387
58816,335;452,892
58816,62;453,383
58816,905;453,86
58817,19;454,324
58817,475;454,774
58817,76;455,21
58818,045;455,634
58818,33;456,047
58818,615;456,448
58818,9;456,838
58819,185;457,219
58819,47;457,59
58819,755;457,954
58820,04;458,309
58820,325;458,658
58820,61;459,001
58820,895;459,338
58821,18;459,67
58821,465;459,998
58821,75;460,322
58822,035;460,644
58822,32;460,964
58822,605;461,282
58822,89;461,6
58823,175;461,918
58823,46;462,237
58823,745;462,557
58824,03;462,88
58824,315;463,205
58824,6;463,534
58824,885;463,867
58825,17;464,206
58825,455;464,55
58825,74;464,9
58826,025;465,258
58826,31;465,624
58826,595;465,998
58826,88;466,381
58827,165;466,774
58827,45;467,178
58827,735;467,593
58828,02;468,021
58828,305;468,461
58828,59;468,915
58828,875;469,382
58829,16;469,865
58829,445;470,364
58829,73;470,878
58830,015;471,41
58830,3;471,959
58830,585;472,527
58830,87;473,114
58831,155;473,72
58831,44;474,348
58831,725;474,996
58832,01;475,666
58832,295;476,359
58832,58;477,076
58832,865;477,816
58833,15;478,581
58833,435;479,372
58833,72;480,189
58834,005;481,032
58834,29;481,903
58834,575;482,802
58834,86;483,727
58835,145;484,678
58835,43;485,654
58835,715;486,654
58836;487,678
58836,285;488,725
58836,57;489,794
58836,855;490,884
58837,14;491,995
58837,425;493,126
58837,71;494,277
58837,995;495,445
58838,28;496,632
58838,565;497,835
58838,85;499,055
58839,135;500,291
58839,42;501,541
58839,705;502,805
58839,99;504,082
58840,275;505,372
58840,56;506,674
58840,845;507,987
58841,13;509,311
58841,415;510,644
58841,7;511,986
58841,985;513,336
58842,27;514,693
58842,555;516,058
58842,84;517,428
58843,125;518,803
58843,41;520,183
58843,695;521,567
58843,98;522,954
58844,265;524,342
58844,55;525,733
58844,835;527,124
58845,12;528,516
58845,405;529,906
58845,69;531,296
58845,975;532,683
58846,26;534,067
58846,545;535,448
58846,83;536,824
58847,115;538,195
58847,4;539,56
58847,685;540,919
58847,97;542,271
58848,255;543,614
58848,54;544,949
58848,825;546,274
58849,11;547,589
58849,395;548,893
58849,68;550,185
58849,965;551,465
58850,25;552,732
58850,535;553,984
58850,82;555,222
58851,105;556,445
58851,39;557,652
58851,675;558,843
58851,96;560,018
58852,245;561,178
58852,53;562,321
58852,815;563,449
58853,1;564,56
58853,385;565,656
58853,67;566,735
58853,955;567,799
58854,24;568,846
58854,525;569,877
58854,81;570,891
58855,095;571,89
58855,38;572,872
58855,665;573,837
58855,95;574,786
58856,235;575,719
58856,52;576,635
58856,805;577,534
58857,09;578,417
58857,375;579,283
58857,66;580,132
58857,945;580,965
58858,23;581,78
58858,515;582,579
58858,8;583,361
58859,085;584,126
58859,37;584,874
58859,655;585,605
58859,94;586,319
58860,225;587,015
58860,51;587,695
58860,795;588,357
58861,08;589,002
58861,365;589,629
58861,65;590,239
58861,935;590,832
58862,22;591,407
58862,505;591,965
58862,79;592,505
58863,075;593,028
58863,36;593,532
58863,645;594,02
58863,93;594,489
58864,215;594,941
58864,5;595,374
58864,785;595,79
58865,07;596,188
58865,355;596,568
58865,64;596,93
58865,925;597,274
58866,21;597,6
58866,495;597,907
58866,78;598,197
58867,065;598,468
58867,35;598,72
58867,635;598,955
58867,92;599,171
58868,205;599,369
58868,49;599,55
58868,775;599,714
58869,06;599,863
58869,345;599,997
58869,63;600,116
58869,915;600,223
58870,2;600,316
58870,485;600,398
58870,77;600,469
58871,055;600,53
58871,34;600,581
58871,625;600,624
58871,91;600,658
58872,195;600,686
58872,48;600,707
58872,765;600,723
58873,05;600,734
58873,335;600,74
58873,62;600,744
58873,905;600,745
58874,19;600,744
58874,475;600,743
58874,76;600,741
58875,045;600,74
58875,33;600,74
58875,615;600,743
58875,9;600,748
58876,185;600,758
58876,47;600,771
58876,755;600,79
58877,04;600,816
58877,325;600,848
58877,61;600,887
58877,895;600,935
58878,18;600,993
58878,465;601,06
58878,75;601,138
58879,035;601,227
58879,32;601,329
58879,605;601,444
58879,89;601,573
58880,175;601,716
58880,46;601,875
58880,745;602,049
58881,03;602,241
58881,315;602,451
58881,6;602,679
58881,885;602,926
58882,17;603,194
58882,455;603,482
58882,74;603,792
58883,025;604,124
58883,31;604,48
58883,595;604,859
58883,88;605,263
58884,165;605,693
58884,45;606,149
58884,735;606,632
58885,02;607,141
58885,305;607,676
58885,59;608,233
58885,875;608,811
58886,16;609,409
58886,445;610,024
58886,73;610,654
58887,015;611,299
58887,3;611,955
58887,585;612,622
58887,87;613,296
58888,155;613,978
58888,44;614,663
58888,725;615,352
58889,01;616,041
58889,295;616,729
58889,58;617,415
58889,865;618,096
58890,15;618,771
58890,435;619,437
58890,72;620,093
58891,005;620,737
58891,29;621,368
58891,575;621,983
58891,86;622,58
58892,145;623,158
58892,43;623,715
58892,715;624,248
58893;624,757
58893,285;625,24
58893,57;625,694
58893,855;626,117
58894,14;626,508
58894,425;626,866
58894,71;627,187
58894,995;627,471
58895,28;627,715
58895,565;627,918
58895,85;628,078
58896,135;628,192
58896,42;628,26
58896,705;628,279
58896,99;628,247
58897,275;628,163
58897,56;628,025
58897,845;627,831
58898,13;627,579
58898,415;627,267
58898,7;626,893
58898,985;626,457
58899,27;625,954
58899,555;625,385
58899,84;624,747
58900,125;624,038
58900,41;623,256
58900,695;622,4
58900,98;621,468
58901,265;620,458
58901,55;619,367
58901,835;618,197
58902,12;616,95
58902,405;615,627
58902,69;614,233
58902,975;612,769
58903,26;611,238
58903,545;609,643
58903,83;607,987
58904,115;606,271
58904,4;604,5
58904,685;602,674
58904,97;600,798
58905,255;598,873
58905,54;596,903
58905,825;594,89
58906,11;592,836
58906,395;590,745
58906,68;588,618
58906,965;586,459
58907,25;584,27
58907,535;582,054
58907,82;579,813
58908,105;577,55
58908,39;575,268
58908,675;572,97
58908,96;570,657
58909,245;568,334
58909,53;566,001
58909,815;563,662
58910,1;561,32
58910,385;558,978
58910,67;556,637
58910,955;554,3
58911,24;551,971
58911,525;549,652
58911,81;547,345
58912,095;545,053
58912,38;542,778
58912,665;540,525
58912,95;538,294
58913,235;536,088
58913,52;533,912
58913,805;531,766
58914,09;529,653
58914,375;527,577
58914,66;525,54
58914,945;523,544
58915,23;521,592
58915,515;519,687
58915,8;517,832
58916,085;516,028
58916,37;514,28
58916,655;512,588
58916,94;510,957
58917,225;509,388
58917,51;507,885
58917,795;506,449
58918,08;505,085
58918,365;503,793
58918,65;502,575
58918,935;501,431
58919,22;500,357
58919,505;499,354
58919,79;498,418
58920,075;497,549
58920,36;496,744
58920,645;496,003
58920,93;495,323
58921,215;494,704
58921,5;494,143
58921,785;493,638
58922,07;493,189
58922,355;492,793
58922,64;492,449
58922,925;492,155
58923,21;491,911
58923,495;491,713
58923,78;491,561
58924,065;491,452
58924,35;491,386
58924,635;491,361
58924,92;491,374
58925,205;491,425
58925,49;491,512
58925,775;491,633
58926,06;491,787
58926,345;491,972
58926,63;492,186
58926,915;492,428
58927,2;492,696
58927,485;492,989
58927,77;493,304
58928,055;493,641
58928,34;493,998
58928,625;494,372
58928,91;494,764
58929,195;495,17
58929,48;495,589
58929,765;496,02
58930,05;496,462
58930,335;496,911
58930,62;497,368
58930,905;497,83
58931,19;498,295
58931,475;498,762
58931,76;499,23
58932,045;499,697
58932,33;500,16
58932,615;500,62
58932,9;501,073
58933,185;501,519
58933,47;501,955
58933,755;502,381
58934,04;502,794
58934,325;503,193
58934,61;503,576
58934,895;503,942
58935,18;504,289
58935,465;504,616
58935,75;504,924
58936,035;505,212
58936,32;505,482
58936,605;505,734
58936,89;505,967
58937,175;506,184
58937,46;506,383
58937,745;506,566
58938,03;506,732
58938,315;506,883
58938,6;507,019
58938,885;507,14
58939,17;507,246
58939,455;507,339
58939,74;507,418
58940,025;507,484
58940,31;507,538
58940,595;507,579
58940,88;507,608
58941,165;507,626
58941,45;507,633
58941,735;507,63
58942,02;507,616
58942,305;507,594
58942,59;507,561
58942,875;507,52
58943,16;507,471
58943,445;507,414
58943,73;507,35
58944,015;507,278
58944,3;507,2
58944,585;507,116
58944,87;507,025
58945,155;506,93
58945,44;506,83
58945,725;506,726
58946,01;506,617
58946,295;506,505
58946,58;506,39
58946,865;506,272
58947,15;506,152
58947,435;506,03
58947,72;505,907
58948,005;505,782
58948,29;505,658
58948,575;505,533
58948,86;505,408
58949,145;505,284
58949,43;505,162
58949,715;505,041
58950;504,922
58950,285;504,806
58950,57;504,693
58950,855;504,583
58951,14;504,477
58951,425;504,375
58951,71;504,278
58951,995;504,186
58952,28;504,099
58952,565;504,018
58952,85;503,942
58953,135;503,871
58953,42;503,804
58953,705;503,743
58953,99;503,687
58954,275;503,635
58954,56;503,587
58954,845;503,544
58955,13;503,505
58955,415;503,47
58955,7;503,439
58955,985;503,412
58956,27;503,389
58956,555;503,369
58956,84;503,353
58957,125;503,34
58957,41;503,331
58957,695;503,324
58957,98;503,321
58958,265;503,32
58958,55;503,323
58958,835;503,328
58959,12;503,335
58959,405;503,345
58959,69;503,357
58959,975;503,371
58960,26;503,387
58960,545;503,405
58960,83;503,425
58961,115;503,446
58961,4;503,469
58961,685;503,494
58961,97;503,519
58962,255;503,546
58962,54;503,574
58962,825;503,603
58963,11;503,633
58963,395;503,663
58963,68;503,694
58963,965;503,725
58964,25;503,757
58964,535;503,789
58964,82;503,82
58965,105;503,852
58965,39;503,884
58965,675;503,915
58965,96;503,946
58966,245;503,976
58966,53;504,006
58966,815;504,035
58967,1;504,063
58967,385;504,09
58967,67;504,116
58967,955;504,14
58968,24;504,163
58968,525;504,185
58968,81;504,205
58969,095;504,223
58969,38;504,239
58969,665;504,254
58969,95;504,267
58970,235;504,278
58970,52;504,288
58970,805;504,295
58971,09;504,301
58971,375;504,306
58971,66;504,309
58971,945;504,309
58972,23;504,309
58972,515;504,306
58972,8;504,302
58973,085;504,296
58973,37;504,289
58973,655;504,28
58973,94;504,269
58974,225;504,257
58974,51;504,243
58974,795;504,227
58975,08;504,21
58975,365;504,191
58975,65;504,171
58975,935;504,149
58976,22;504,125
58976,505;504,099
58976,79;504,073
58977,075;504,044
58977,36;504,014
58977,645;503,982
58977,93;503,949
58978,215;503,914
58978,5;503,878
58978,785;503,84
58979,07;503,801
58979,355;503,76
58979,64;503,718
58979,925;503,674
58980,21;503,628
58980,495;503,581
58980,78;503,533
58981,065;503,483
58981,35;503,431
58981,635;503,378
58981,92;503,324
58982,205;503,268
58982,49;503,21
58982,775;503,151
58983,06;503,091
58983,345;503,029
58983,63;502,966
58983,915;502,902
58984,2;502,835
58984,485;502,768
58984,77;502,699
58985,055;502,629
58985,34;502,557
58985,625;502,484
58985,91;502,409
58986,195;502,334
58986,48;502,257
58986,765;502,18
58987,05;502,102
58987,335;502,023
58987,62;501,944
58987,905;501,866
58988,19;501,787
58988,475;501,709
58988,76;501,632
58989,045;501,555
58989,33;501,479
58989,615;501,405
58989,9;501,332
58990,185;501,26
58990,47;501,191
58990,755;501,123
58991,04;501,057
58991,325;500,994
58991,61;500,933
58991,895;500,875
58992,18;500,82
58992,465;500,769
58992,75;500,72
58993,035;500,675
58993,32;500,634
58993,605;500,597
58993,89;500,564
58994,175;500,535
58994,46;500,511
58994,745;500,492
58995,03;500,478
58995,315;500,468
58995,6;500,464
58995,885;500,466
58996,17;500,473
58996,455;500,486
58996,74;500,506
58997,025;500,531
58997,31;500,564
58997,595;500,603
58997,88;500,648
58998,165;500,701
58998,45;500,762
58998,735;500,829
58999,02;500,905
58999,305;500,988
58999,59;501,08
58999,875;501,18
59000,16;501,288
59000,445;501,405
59000,73;501,531
59001,015;501,666
59001,3;501,81
59001,585;501,964
59001,87;502,127
59002,155;502,3
59002,44;502,484
59002,725;502,678
59003,01;502,882
59003,295;503,096
59003,58;503,322
59003,865;503,558
59004,15;503,805
59004,435;504,064
59004,72;504,334
59005,005;504,615
59005,29;504,909
59005,575;505,213
59005,86;505,53
59006,145;505,86
59006,43;506,201
59006,715;506,555
59007;506,921
59007,285;507,3
59007,57;507,693
59007,855;508,098
59008,14;508,516
59008,425;508,948
59008,71;509,393
59008,995;509,852
59009,28;510,325
59009,565;510,812
59009,85;511,313
59010,135;511,829
59010,42;512,358
59010,705;512,903
59010,99;513,462
59011,275;514,036
59011,56;514,626
59011,845;515,23
59012,13;515,85
59012,415;516,485
59012,7;517,137
59012,985;517,804
59013,27;518,487
59013,555;519,186
59013,84;519,902
59014,125;520,634
59014,41;521,382
59014,695;522,148
59014,98;522,93
59015,265;523,73
59015,55;524,547
59015,835;525,381
59016,12;526,233
59016,405;527,103
59016,69;527,99
59016,975;528,896
59017,26;529,819
59017,545;530,761
59017,83;531,722
59018,115;532,701
59018,4;533,699
59018,685;534,716
59018,97;535,752
59019,255;536,808
59019,54;537,883
59019,825;538,976
59020,11;540,088
59020,395;541,217
59020,68;542,362
59020,965;543,524
59021,25;544,701
59021,535;545,892
59021,82;547,097
59022,105;548,315
59022,39;549,545
59022,675;550,787
59022,96;552,04
59023,245;553,303
59023,53;554,576
59023,815;555,857
59024,1;557,146
59024,385;558,443
59024,67;559,746
59024,955;561,055
59025,24;562,369
59025,525;563,687
59025,81;565,01
59026,095;566,335
59026,38;567,662
59026,665;568,991
59026,95;570,321
59027,235;571,651
59027,52;572,98
59027,805;574,308
59028,09;575,634
59028,375;576,957
59028,66;578,277
59028,945;579,593
59029,23;580,903
59029,515;582,208
59029,8;583,507
59030,085;584,798
59030,37;586,082
59030,655;587,357
59030,94;588,623
59031,225;589,878
59031,51;591,124
59031,795;592,358
59032,08;593,579
59032,365;594,788
59032,65;595,983
59032,935;597,164
59033,22;598,331
59033,505;599,481
59033,79;600,615
59034,075;601,732
59034,36;602,83
59034,645;603,911
59034,93;604,972
59035,215;606,013
59035,5;607,033
59035,785;608,032
59036,07;609,008
59036,355;609,962
59036,64;610,893
59036,925;611,802
59037,21;612,688
59037,495;613,553
59037,78;614,396
59038,065;615,219
59038,35;616,02
59038,635;616,801
59038,92;617,562
59039,205;618,303
59039,49;619,025
59039,775;619,728
59040,06;620,411
59040,345;621,077
59040,63;621,724
59040,915;622,353
59041,2;622,965
59041,485;623,559
59041,77;624,137
59042,055;624,698
59042,34;625,243
59042,625;625,772
59042,91;626,286
59043,195;626,784
59043,48;627,268
59043,765;627,737
59044,05;628,192
59044,335;628,632
59044,62;629,06
59044,905;629,474
59045,19;629,875
59045,475;630,263
59045,76;630,64
59046,045;631,004
59046,33;631,357
59046,615;631,698
59046,9;632,028
59047,185;632,348
59047,47;632,658
59047,755;632,957
59048,04;633,247
59048,325;633,528
59048,61;633,799
59048,895;634,062
59049,18;634,317
59049,465;634,564
59049,75;634,802
59050,035;635,034
59050,32;635,258
59050,605;635,476
59050,89;635,688
59051,175;635,893
59051,46;636,093
59051,745;636,287
59052,03;636,476
59052,315;636,661
59052,6;636,841
59052,885;637,017
59053,17;637,189
59053,455;637,358
59053,74;637,523
59054,025;637,684
59054,31;637,842
59054,595;637,997
59054,88;638,149
59055,165;638,297
59055,45;638,442
59055,735;638,585
59056,02;638,724
59056,305;638,861
59056,59;638,994
59056,875;639,125
59057,16;639,254
59057,445;639,379
59057,73;639,503
59058,015;639,624
59058,3;639,742
59058,585;639,858
59058,87;639,973
59059,155;640,084
59059,44;640,194
59059,725;640,302
59060,01;640,408
59060,295;640,513
59060,58;640,615
59060,865;640,716
59061,15;640,815
59061,435;640,913
59061,72;641,01
59062,005;641,105
59062,29;641,198
59062,575;641,291
59062,86;641,382
59063,145;641,473
59063,43;641,562
59063,715;641,65
59064;641,738
59064,285;641,825
59064,57;641,911
59064,855;641,997
59065,14;642,082
59065,425;642,166
59065,71;642,251
59065,995;642,334
59066,28;642,418
59066,565;642,502
59066,85;642,585
59067,135;642,669
59067,42;642,752
59067,705;642,836
59067,99;642,92
59068,275;643,004
59068,56;643,089
59068,845;643,174
59069,13;643,26
59069,415;643,346
59069,7;643,433
59069,985;643,52
59070,27;643,609
59070,555;643,698
59070,84;643,788
59071,125;643,879
59071,41;643,97
59071,695;644,063
59071,98;644,156
59072,265;644,249
59072,55;644,344
59072,835;644,439
59073,12;644,535
59073,405;644,632
59073,69;644,73
59073,975;644,828
59074,26;644,927
59074,545;645,026
59074,83;645,127
59075,115;645,228
59075,4;645,33
59075,685;645,432
59075,97;645,535
59076,255;645,639
59076,54;645,744
59076,825;645,849
59077,11;645,955
59077,395;646,062
59077,68;646,169
59077,965;646,277
59078,25;646,386
59078,535;646,496
59078,82;646,606
59079,105;646,716
59079,39;646,828
59079,675;646,94
59079,96;647,052
59080,245;647,166
59080,53;647,28
59080,815;647,394
59081,1;647,51
59081,385;647,625
59081,67;647,742
59081,955;647,859
59082,24;647,977
59082,525;648,095
59082,81;648,214
59083,095;648,334
59083,38;648,454
59083,665;648,575
59083,95;648,696
59084,235;648,818
59084,52;648,941
59084,805;649,064
59085,09;649,188
59085,375;649,312
59085,66;649,437
59085,945;649,562
59086,23;649,688
59086,515;649,815
59086,8;649,942
59087,085;650,07
59087,37;650,198
59087,655;650,327
59087,94;650,456
59088,225;650,585
59088,51;650,714
59088,795;650,844
59089,08;650,974
59089,365;651,104
59089,65;651,234
59089,935;651,365
59090,22;651,495
59090,505;651,625
59090,79;651,755
59091,075;651,884
59091,36;652,014
59091,645;652,143
59091,93;652,272
59092,215;652,4
59092,5;652,528
59092,785;652,656
59093,07;652,783
59093,355;652,909
59093,64;653,035
59093,925;653,16
59094,21;653,284
59094,495;653,408
59094,78;653,53
59095,065;653,652
59095,35;653,773
59095,635;653,893
59095,92;654,011
59096,205;654,129
59096,49;654,245
59096,775;654,36
59097,06;654,474
59097,345;654,587
59097,63;654,698
59097,915;654,808
59098,2;654,917
59098,485;655,024
59098,77;655,129
59099,055;655,233
59099,34;655,335
59099,625;655,435
59099,91;655,534
59100,195;655,63
59100,48;655,725
59100,765;655,818
59101,05;655,909
59101,335;655,998
59101,62;656,085
59101,905;656,169
59102,19;656,252
59102,475;656,332
59102,76;656,41
59103,045;656,486
59103,33;656,559
59103,615;656,63
59103,9;656,699
59104,185;656,765
59104,47;656,828
59104,755;656,889
59105,04;656,947
59105,325;657,003
59105,61;657,056
59105,895;657,106
59106,18;657,154
59106,465;657,199
59106,75;657,242
59107,035;657,281
59107,32;657,318
59107,605;657,352
59107,89;657,384
59108,175;657,412
59108,46;657,438
59108,745;657,461
59109,03;657,481
59109,315;657,498
59109,6;657,512
59109,885;657,523
59110,17;657,531
59110,455;657,536
59110,74;657,538
59111,025;657,537
59111,31;657,533
59111,595;657,526
59111,88;657,515
59112,165;657,502
59112,45;657,485
59112,735;657,465
59113,02;657,442
59113,305;657,416
59113,59;657,386
59113,875;657,353
59114,16;657,317
59114,445;657,278
59114,73;657,235
59115,015;657,188
59115,3;657,139
59115,585;657,086
59115,87;657,029
59116,155;656,969
59116,44;656,905
59116,725;656,838
59117,01;656,767
59117,295;656,693
59117,58;656,615
59117,865;656,534
59118,15;656,449
59118,435;656,36
59118,72;656,267
59119,005;656,171
59119,29;656,071
59119,575;655,968
59119,86;655,86
59120,145;655,749
59120,43;655,634
59120,715;655,515
59121;655,392
59121,285;655,265
59121,57;655,134
59121,855;654,999
59122,14;654,86
59122,425;654,717
59122,71;654,57
59122,995;654,418
59123,28;654,263
59123,565;654,103
59123,85;653,938
59124,135;653,77
59124,42;653,597
59124,705;653,419
59124,99;653,237
59125,275;653,051
59125,56;652,859
59125,845;652,664
59126,13;652,463
59126,415;652,258
59126,7;652,048
59126,985;651,834
59127,27;651,614
59127,555;651,39
59127,84;651,161
59128,125;650,927
59128,41;650,688
59128,695;650,443
59128,98;650,194
59129,265;649,94
59129,55;649,68
59129,835;649,415
59130,12;649,146
59130,405;648,87
59130,69;648,59
59130,975;648,304
59131,26;648,012
59131,545;647,716
59131,83;647,413
59132,115;647,105
59132,4;646,792
59132,685;646,473
59132,97;646,148
59133,255;645,818
59133,54;645,482
59133,825;645,14
59134,11;644,792
59134,395;644,439
59134,68;644,079
59134,965;643,714
59135,25;643,343
59135,535;642,965
59135,82;642,582
59136,105;642,192
59136,39;641,796
59136,675;641,394
59136,96;640,986
59137,245;640,571
59137,53;640,151
59137,815;639,724
59138,1;639,291
59138,385;638,853
59138,67;638,41
59138,955;637,961
59139,24;637,507
59139,525;637,048
59139,81;636,585
59140,095;636,117
59140,38;635,645
59140,665;635,168
59140,95;634,688
59141,235;634,205
59141,52;633,717
59141,805;633,227
59142,09;632,733
59142,375;632,237
59142,66;631,738
59142,945;631,236
59143,23;630,732
59143,515;630,226
59143,8;629,718
59144,085;629,208
59144,37;628,697
59144,655;628,184
59144,94;627,67
59145,225;627,156
59145,51;626,64
59145,795;626,125
59146,08;625,608
59146,365;625,092
59146,65;624,575
59146,935;624,059
59147,22;623,544
59147,505;623,029
59147,79;622,514
59148,075;622,001
59148,36;621,489
59148,645;620,978
59148,93;620,469
59149,215;619,962
59149,5;619,457
59149,785;618,954
59150,07;618,454
59150,355;617,956
59150,64;617,46
59150,925;616,968
59151,21;616,479
59151,495;615,993
59151,78;615,511
59152,065;615,033
59152,35;614,559
59152,635;614,088
59152,92;613,622
59153,205;613,161
59153,49;612,704
59153,775;612,253
59154,06;611,806
59154,345;611,365
59154,63;610,929
59154,915;610,497
59155,2;610,07
59155,485;609,647
59155,77;609,229
59156,055;608,815
59156,34;608,404
59156,625;607,997
59156,91;607,594
59157,195;607,194
59157,48;606,797
59157,765;606,402
59158,05;606,011
59158,335;605,622
59158,62;605,235
59158,905;604,85
59159,19;604,467
59159,475;604,086
59159,76;603,706
59160,045;603,328
59160,33;602,95
59160,615;602,574
59160,9;602,198
59161,185;601,823
59161,47;601,448
59161,755;601,074
59162,04;600,699
59162,325;600,324
59162,61;599,949
59162,895;599,573
59163,18;599,196
59163,465;598,818
59163,75;598,439
59164,035;598,058
59164,32;597,676
59164,605;597,292
59164,89;596,906
59165,175;596,518
59165,46;596,127
59165,745;595,734
59166,03;595,338
59166,315;594,939
59166,6;594,537
59166,885;594,132
59167,17;593,723
59167,455;593,31
59167,74;592,894
59168,025;592,473
59168,31;592,048
59168,595;591,618
59168,88;591,184
59169,165;590,745
59169,45;590,3
59169,735;589,851
59170,02;589,395
59170,305;588,935
59170,59;588,468
59170,875;587,995
59171,16;587,516
59171,445;587,031
59171,73;586,54
59172,015;586,044
59172,3;585,542
59172,585;585,035
59172,87;584,523
59173,155;584,006
59173,44;583,485
59173,725;582,959
59174,01;582,428
59174,295;581,894
59174,58;581,355
59174,865;580,813
59175,15;580,267
59175,435;579,718
59175,72;579,165
59176,005;578,61
59176,29;578,051
59176,575;577,49
59176,86;576,926
59177,145;576,361
59177,43;575,793
59177,715;575,223
59178;574,651
59178,285;574,078
59178,57;573,503
59178,855;572,927
59179,14;572,35
59179,425;571,773
59179,71;571,194
59179,995;570,616
59180,28;570,037
59180,565;569,457
59180,85;568,878
59181,135;568,299
59181,42;567,721
59181,705;567,143
59181,99;566,566
59182,275;565,99
59182,56;565,416
59182,845;564,842
59183,13;564,271
59183,415;563,701
59183,7;563,132
59183,985;562,566
59184,27;562,003
59184,555;561,441
59184,84;560,883
59185,125;560,327
59185,41;559,774
59185,695;559,225
59185,98;558,678
59186,265;558,136
59186,55;557,597
59186,835;557,062
59187,12;556,531
59187,405;556,005
59187,69;555,483
59187,975;554,965
59188,26;554,453
59188,545;553,944
59188,83;553,441
59189,115;552,941
59189,4;552,446
59189,685;551,955
59189,97;551,469
59190,255;550,986
59190,54;550,508
59190,825;550,034
59191,11;549,563
59191,395;549,097
59191,68;548,635
59191,965;548,176
59192,25;547,721
59192,535;547,27
59192,82;546,823
59193,105;546,379
59193,39;545,939
59193,675;545,502
59193,96;545,069
59194,245;544,639
59194,53;544,213
59194,815;543,79
59195,1;543,37
59195,385;542,953
59195,67;542,539
59195,955;542,128
59196,24;541,721
59196,525;541,316
59196,81;540,914
59197,095;540,515
59197,38;540,119
59197,665;539,726
59197,95;539,335
59198,235;538,946
59198,52;538,561
59198,805;538,178
59199,09;537,797
59199,375;537,419
59199,66;537,042
59199,945;536,669
59200,23;536,297
59200,515;535,928
59200,8;535,561
59201,085;535,195
59201,37;534,832
59201,655;534,471
59201,94;534,111
59202,225;533,754
59202,51;533,398
59202,795;533,044
59203,08;532,692
59203,365;532,341
59203,65;531,991
59203,935;531,644
59204,22;531,297
59204,505;530,952
59204,79;530,609
59205,075;530,266
59205,36;529,925
59205,645;529,584
59205,93;529,244
59206,215;528,905
59206,5;528,566
59206,785;528,227
59207,07;527,888
59207,355;527,549
59207,64;527,21
59207,925;526,871
59208,21;526,531
59208,495;526,191
59208,78;525,85
59209,065;525,507
59209,35;525,164
59209,635;524,82
59209,92;524,473
59210,205;524,126
59210,49;523,777
59210,775;523,425
59211,06;523,072
59211,345;522,717
59211,63;522,359
59211,915;521,999
59212,2;521,636
59212,485;521,271
59212,77;520,902
59213,055;520,531
59213,34;520,156
59213,625;519,777
59213,91;519,396
59214,195;519,01
59214,48;518,621
59214,765;518,228
59215,05;517,83
59215,335;517,429
59215,62;517,023
59215,905;516,612
59216,19;516,196
59216,475;515,776
59216,76;515,351
59217,045;514,92
59217,33;514,484
59217,615;514,043
59217,9;513,595
59218,185;513,143
59218,47;512,684
59218,755;512,219
59219,04;511,747
59219,325;511,27
59219,61;510,786
59219,895;510,295
59220,18;509,797
59220,465;509,292
59220,75;508,78
59221,035;508,261
59221,32;507,734
59221,605;507,2
59221,89;506,658
59222,175;506,109
59222,46;505,553
59222,745;504,991
59223,03;504,422
59223,315;503,846
59223,6;503,265
59223,885;502,677
59224,17;502,084
59224,455;501,485
59224,74;500,882
59225,025;500,273
59225,31;499,659
59225,595;499,04
59225,88;498,418
59226,165;497,791
59226,45;497,16
59226,735;496,525
59227,02;495,886
59227,305;495,244
59227,59;494,6
59227,875;493,952
59228,16;493,301
59228,445;492,648
59228,73;491,992
59229,015;491,335
59229,3;490,675
59229,585;490,014
59229,87;489,352
59230,155;488,688
59230,44;488,023
59230,725;487,357
59231,01;486,691
59231,295;486,024
59231,58;485,357
59231,865;484,69
59232,15;484,023
59232,435;483,357
59232,72;482,691
59233,005;482,026
59233,29;481,363
59233,575;480,7
59233,86;480,039
59234,145;479,38
59234,43;478,722
59234,715;478,067
59235;477,414
59235,285;476,764
59235,57;476,116
59235,855;475,471
59236,14;474,83
59236,425;474,191
59236,71;473,557
59236,995;472,926
59237,28;472,299
59237,565;471,677
59237,85;471,059
59238,135;470,445
59238,42;469,837
59238,705;469,233
59238,99;468,634
59239,275;468,04
59239,56;467,451
59239,845;466,867
59240,13;466,287
59240,415;465,713
59240,7;465,144
59240,985;464,579
59241,27;464,02
59241,555;463,465
59241,84;462,915
59242,125;462,371
59242,41;461,831
59242,695;461,297
59242,98;460,767
59243,265;460,242
59243,55;459,723
59243,835;459,208
59244,12;458,699
59244,405;458,194
59244,69;457,695
59244,975;457,2
59245,26;456,711
59245,545;456,227
59245,83;455,748
59246,115;455,274
59246,4;454,805
59246,685;454,341
59246,97;453,883
59247,255;453,429
59247,54;452,981
59247,825;452,538
59248,11;452,1
59248,395;451,667
59248,68;451,239
59248,965;450,817
59249,25;450,4
59249,535;449,988
59249,82;449,581
59250,105;449,179
59250,39;448,783
59250,675;448,392
59250,96;448,006
59251,245;447,626
59251,53;447,251
59251,815;446,881
59252,1;446,516
59252,385;446,157
59252,67;445,803
59252,955;445,454
59253,24;445,111
59253,525;444,773
59253,81;444,441
59254,095;444,113
59254,38;443,791
59254,665;443,475
59254,95;443,164
59255,235;442,858
59255,52;442,558
59255,805;442,262
59256,09;441,971
59256,375;441,685
59256,66;441,403
59256,945;441,125
59257,23;440,851
59257,515;440,58
59257,8;440,313
59258,085;440,049
59258,37;439,788
59258,655;439,529
59258,94;439,273
59259,225;439,019
59259,51;438,767
59259,795;438,517
59260,08;438,269
59260,365;438,022
59260,65;437,775
59260,935;437,53
59261,22;437,286
59261,505;437,041
59261,79;436,797
59262,075;436,553
59262,36;436,309
59262,645;436,064
59262,93;435,818
59263,215;435,571
59263,5;435,323
59263,785;435,074
59264,07;434,823
59264,355;434,57
59264,64;434,315
59264,925;434,058
59265,21;433,798
59265,495;433,536
59265,78;433,27
59266,065;433,001
59266,35;432,729
59266,635;432,453
59266,92;432,173
59267,205;431,889
59267,49;431,6
59267,775;431,307
59268,06;431,009
59268,345;430,706
59268,63;430,397
59268,915;430,083
59269,2;429,764
59269,485;429,438
59269,77;429,106
59270,055;428,768
59270,34;428,423
59270,625;428,071
59270,91;427,712
59271,195;427,345
59271,48;426,971
59271,765;426,59
59272,05;426,2
59272,335;425,802
59272,62;425,397
59272,905;424,986
59273,19;424,567
59273,475;424,142
59273,76;423,712
59274,045;423,276
59274,33;422,834
59274,615;422,388
59274,9;421,938
59275,185;421,483
59275,47;421,025
59275,755;420,563
59276,04;420,098
59276,325;419,631
59276,61;419,162
59276,895;418,691
59277,18;418,218
59277,465;417,744
59277,75;417,27
59278,035;416,795
59278,32;416,32
59278,605;415,846
59278,89;415,372
59279,175;414,899
59279,46;414,428
59279,745;413,959
59280,03;413,492
59280,315;413,027
59280,6;412,566
59280,885;412,107
59281,17;411,653
59281,455;411,202
59281,74;410,756
59282,025;410,315
59282,31;409,879
59282,595;409,448
59282,88;409,023
59283,165;408,605
59283,45;408,193
59283,735;407,788
59284,02;407,391
59284,305;407,001
59284,59;406,62
59284,875;406,247
59285,16;405,882
59285,445;405,527
59285,73;405,182
59286,015;404,846
59286,3;404,521
59286,585;404,207
59286,87;403,903
59287,155;403,611
59287,44;403,331
59287,725;403,063
59288,01;402,808
59288,295;402,565
59288,58;402,336
59288,865;402,12
59289,15;401,918
59289,435;401,729
59289,72;401,553
59290,005;401,39
59290,29;401,239
59290,575;401,101
59290,86;400,975
59291,145;400,861
59291,43;400,758
59291,715;400,667
59292;400,587
59292,285;400,518
59292,57;400,46
59292,855;400,412
59293,14;400,375
59293,425;400,347
59293,71;400,329
59293,995;400,321
59294,28;400,322
59294,565;400,332
59294,85;400,351
59295,135;400,378
59295,42;400,414
59295,705;400,458
59295,99;400,51
59296,275;400,57
59296,56;400,637
59296,845;400,711
59297,13;400,792
59297,415;400,88
59297,7;400,974
59297,985;401,075
59298,27;401,181
59298,555;401,294
59298,84;401,411
59299,125;401,535
59299,41;401,663
59299,695;401,796
59299,98;401,934
59300,265;402,076
59300,55;402,222
59300,835;402,373
59301,12;402,527
59301,405;402,684
59301,69;402,844
59301,975;403,008
59302,26;403,174
59302,545;403,343
59302,83;403,514
59303,115;403,687
59303,4;403,862
59303,685;404,038
59303,97;404,216
59304,255;404,395
59304,54;404,575
59304,825;404,755
59305,11;404,936
59305,395;405,117
59305,68;405,298
59305,965;405,479
59306,25;405,659
59306,535;405,84
59306,82;406,02
59307,105;406,201
59307,39;406,382
59307,675;406,562
59307,96;406,743
59308,245;406,923
59308,53;407,104
59308,815;407,285
59309,1;407,466
59309,385;407,648
59309,67;407,829
59309,955;408,011
59310,24;408,193
59310,525;408,375
59310,81;408,557
59311,095;408,74
59311,38;408,923
59311,665;409,107
59311,95;409,291
59312,235;409,475
59312,52;409,66
59312,805;409,845
59313,09;410,03
59313,375;410,217
59313,66;410,403
59313,945;410,59
59314,23;410,778
59314,515;410,967
59314,8;411,156
59315,085;411,345
59315,37;411,536
59315,655;411,727
59315,94;411,919
59316,225;412,111
59316,51;412,304
59316,795;412,498
59317,08;412,693
59317,365;412,889
59317,65;413,086
59317,935;413,283
59318,22;413,481
59318,505;413,681
59318,79;413,881
59319,075;414,082
59319,36;414,284
59319,645;414,488
59319,93;414,692
59320,215;414,897
59320,5;415,104
59320,785;415,312
59321,07;415,52
59321,355;415,73
59321,64;415,941
59321,925;416,154
59322,21;416,367
59322,495;416,582
59322,78;416,798
59323,065;417,015
59323,35;417,234
59323,635;417,453
59323,92;417,674
59324,205;417,896
59324,49;418,118
59324,775;418,342
59325,06;418,566
59325,345;418,791
59325,63;419,017
59325,915;419,244
59326,2;419,471
59326,485;419,699
59326,77;419,928
59327,055;420,157
59327,34;420,387
59327,625;420,617
59327,91;420,848
59328,195;421,079
59328,48;421,31
59328,765;421,542
59329,05;421,773
59329,335;422,005
59329,62;422,237
59329,905;422,47
59330,19;422,702
59330,475;422,934
59330,76;423,166
59331,045;423,399
59331,33;423,631
59331,615;423,863
59331,9;424,094
59332,185;424,325
59332,47;424,557
59332,755;424,787
59333,04;425,017
59333,325;425,247
59333,61;425,477
59333,895;425,705
59334,18;425,934
59334,465;426,161
59334,75;426,388
59335,035;426,614
59335,32;426,839
59335,605;427,064
59335,89;427,288
59336,175;427,51
59336,46;427,732
59336,745;427,953
59337,03;428,173
59337,315;428,391
59337,6;428,609
59337,885;428,825
59338,17;429,04
59338,455;429,254
59338,74;429,467
59339,025;429,678
59339,31;429,888
59339,595;430,096
59339,88;430,303
59340,165;430,508
59340,45;430,713
59340,735;430,916
59341,02;431,117
59341,305;431,318
59341,59;431,517
59341,875;431,715
59342,16;431,911
59342,445;432,107
59342,73;432,301
59343,015;432,495
59343,3;432,687
59343,585;432,878
59343,87;433,068
59344,155;433,258
59344,44;433,446
59344,725;433,633
59345,01;433,819
59345,295;434,005
59345,58;434,19
59345,865;434,373
59346,15;434,556
59346,435;434,738
59346,72;434,92
59347,005;435,101
59347,29;435,28
59347,575;435,46
59347,86;435,638
59348,145;435,816
59348,43;435,994
59348,715;436,171
59349;436,347
59349,285;436,523
59349,57;436,698
59349,855;436,873
59350,14;437,047
59350,425;437,221
59350,71;437,394
59350,995;437,567
59351,28;437,74
59351,565;437,913
59351,85;438,085
59352,135;438,257
59352,42;438,428
59352,705;438,6
59352,99;438,771
59353,275;438,942
59353,56;439,113
59353,845;439,284
59354,13;439,455
59354,415;439,626
59354,7;439,796
59354,985;439,967
59355,27;440,138
59355,555;440,309
59355,84;440,479
59356,125;440,65
59356,41;440,822
59356,695;440,993
59356,98;441,164
59357,265;441,336
59357,55;441,507
59357,835;441,679
59358,12;441,851
59358,405;442,022
59358,69;442,194
59358,975;442,367
59359,26;442,539
59359,545;442,711
59359,83;442,884
59360,115;443,056
59360,4;443,229
59360,685;443,402
59360,97;443,575
59361,255;443,748
59361,54;443,921
59361,825;444,095
59362,11;444,268
59362,395;444,442
59362,68;444,615
59362,965;444,789
59363,25;444,963
59363,535;445,137
59363,82;445,312
59364,105;445,486
59364,39;445,66
59364,675;445,835
59364,96;446,01
59365,245;446,184
59365,53;446,359
59365,815;446,535
59366,1;446,71
59366,385;446,885
59366,67;447,061
59366,955;447,236
59367,24;447,412
59367,525;447,588
59367,81;447,764
59368,095;447,94
59368,38;448,116
59368,665;448,293
59368,95;448,469
59369,235;448,646
59369,52;448,823
59369,805;449
59370,09;449,177
59370,375;449,354
59370,66;449,531
59370,945;449,709
59371,23;449,886
59371,515;450,064
59371,8;450,242
59372,085;450,42
59372,37;450,598
59372,655;450,776
59372,94;450,955
59373,225;451,133
59373,51;451,312
59373,795;451,491
59374,08;451,67
59374,365;451,849
59374,65;452,028
59374,935;452,207
59375,22;452,387
59375,505;452,566
59375,79;452,746
59376,075;452,926
59376,36;453,106
59376,645;453,286
59376,93;453,466
59377,215;453,647
59377,5;453,827
59377,785;454,008
59378,07;454,189
59378,355;454,37
59378,64;454,551
59378,925;454,732
59379,21;454,913
59379,495;455,095
59379,78;455,276
59380,065;455,458
59380,35;455,64
59380,635;455,822
59380,92;456,004
59381,205;456,186
59381,49;456,368
59381,775;456,55
59382,06;456,733
59382,345;456,916
59382,63;457,098
59382,915;457,281
59383,2;457,464
59383,485;457,648
59383,77;457,831
59384,055;458,014
59384,34;458,198
59384,625;458,381
59384,91;458,565
59385,195;458,749
59385,48;458,933
59385,765;459,117
59386,05;459,301
59386,335;459,485
59386,62;459,67
59386,905;459,854
59387,19;460,039
59387,475;460,224
59387,76;460,409
59388,045;460,594
59388,33;460,779
59388,615;460,964
59388,9;461,149
59389,185;461,335
59389,47;461,52
59389,755;461,706
59390,04;461,892
59390,325;462,077
59390,61;462,263
59390,895;462,449
59391,18;462,635
59391,465;462,821
59391,75;463,008
59392,035;463,194
59392,32;463,38
59392,605;463,566
59392,89;463,752
59393,175;463,938
59393,46;464,124
59393,745;464,311
59394,03;464,497
59394,315;464,682
59394,6;464,868
59394,885;465,054
59395,17;465,24
59395,455;465,425
59395,74;465,611
59396,025;465,796
59396,31;465,981
59396,595;466,166
59396,88;466,351
59397,165;466,535
59397,45;466,72
59397,735;466,904
59398,02;467,088
59398,305;467,272
59398,59;467,455
59398,875;467,639
59399,16;467,822
59399,445;468,004
59399,73;468,187
59400,015;468,369
59400,3;468,551
59400,585;468,732
59400,87;468,913
59401,155;469,094
59401,44;469,275
59401,725;469,455
59402,01;469,634
59402,295;469,814
59402,58;469,993
59402,865;470,171
59403,15;470,349
59403,435;470,527
59403,72;470,704
59404,005;470,881
59404,29;471,057
59404,575;471,233
59404,86;471,408
59405,145;471,583
59405,43;471,757
59405,715;471,931
59406;472,104
59406,285;472,277
59406,57;472,449
59406,855;472,621
59407,14;472,792
59407,425;472,962
59407,71;473,132
59407,995;473,302
59408,28;473,472
59408,565;473,641
59408,85;473,81
59409,135;473,979
59409,42;474,147
59409,705;474,316
59409,99;474,484
59410,275;474,653
59410,56;474,821
59410,845;474,99
59411,13;475,159
59411,415;475,328
59411,7;475,497
59411,985;475,667
59412,27;475,836
59412,555;476,007
59412,84;476,177
59413,125;476,348
59413,41;476,52
59413,695;476,692
59413,98;476,865
59414,265;477,038
59414,55;477,212
59414,835;477,387
59415,12;477,563
59415,405;477,739
59415,69;477,917
59415,975;478,095
59416,26;478,274
59416,545;478,455
59416,83;478,636
59417,115;478,819
59417,4;479,002
59417,685;479,187
59417,97;479,373
59418,255;479,561
59418,54;479,75
59418,825;479,94
59419,11;480,131
59419,395;480,324
59419,68;480,519
59419,965;480,715
59420,25;480,913
59420,535;481,113
59420,82;481,314
59421,105;481,517
59421,39;481,722
59421,675;481,929
59421,96;482,137
59422,245;482,348
59422,53;482,561
59422,815;482,775
59423,1;482,992
59423,385;483,211
59423,67;483,432
59423,955;483,655
59424,24;483,879
59424,525;484,106
59424,81;484,333
59425,095;484,562
59425,38;484,793
59425,665;485,023
59425,95;485,255
59426,235;485,487
59426,52;485,72
59426,805;485,953
59427,09;486,186
59427,375;486,419
59427,66;486,651
59427,945;486,883
59428,23;487,114
59428,515;487,345
59428,8;487,574
59429,085;487,803
59429,37;488,03
59429,655;488,255
59429,94;488,479
59430,225;488,7
59430,51;488,92
59430,795;489,138
59431,08;489,353
59431,365;489,565
59431,65;489,775
59431,935;489,982
59432,22;490,185
59432,505;490,386
59432,79;490,583
59433,075;490,776
59433,36;490,966
59433,645;491,151
59433,93;491,333
59434,215;491,51
59434,5;491,682
59434,785;491,85
59435,07;492,014
59435,355;492,172
59435,64;492,324
59435,925;492,472
59436,21;492,614
59436,495;492,75
59436,78;492,88
59437,065;493,005
59437,35;493,123
59437,635;493,234
59437,92;493,339
59438,205;493,438
59438,49;493,529
59438,775;493,613
59439,06;493,69
59439,345;493,759
59439,63;493,821
59439,915;493,875
59440,2;493,921
59440,485;493,959
59440,77;493,989
59441,055;494,012
59441,34;494,027
59441,625;494,035
59441,91;494,036
59442,195;494,031
59442,48;494,019
59442,765;494,001
59443,05;493,978
59443,335;493,948
59443,62;493,914
59443,905;493,874
59444,19;493,829
59444,475;493,78
59444,76;493,726
59445,045;493,668
59445,33;493,606
59445,615;493,541
59445,9;493,472
59446,185;493,4
59446,47;493,325
59446,755;493,247
59447,04;493,167
59447,325;493,085
59447,61;493,001
59447,895;492,915
59448,18;492,828
59448,465;492,739
59448,75;492,65
59449,035;492,56
59449,32;492,469
59449,605;492,378
59449,89;492,288
59450,175;492,197
59450,46;492,107
59450,745;492,018
59451,03;491,93
59451,315;491,843
59451,6;491,757
59451,885;491,673
59452,17;491,592
59452,455;491,512
59452,74;491,435
59453,025;491,361
59453,31;491,29
59453,595;491,222
59453,88;491,157
59454,165;491,096
59454,45;491,039
59454,735;490,986
59455,02;490,938
59455,305;490,895
59455,59;490,856
59455,875;490,822
59456,16;490,794
59456,445;490,772
59456,73;490,756
59457,015;490,746
59457,3;490,742
59457,585;490,744
59457,87;490,753
59458,155;490,767
59458,44;490,788
59458,725;490,815
59459,01;490,848
59459,295;490,887
59459,58;490,931
59459,865;490,981
59460,15;491,037
59460,435;491,098
59460,72;491,165
59461,005;491,237
59461,29;491,315
59461,575;491,398
59461,86;491,486
59462,145;491,579
59462,43;491,677
59462,715;491,78
59463;491,888
59463,285;492,001
59463,57;492,119
59463,855;492,241
59464,14;492,368
59464,425;492,499
59464,71;492,635
59464,995;492,775
59465,28;492,919
59465,565;493,068
59465,85;493,221
59466,135;493,378
59466,42;493,539
59466,705;493,704
59466,99;493,872
59467,275;494,045
59467,56;494,221
59467,845;494,401
59468,13;494,584
59468,415;494,771
59468,7;494,961
59468,985;495,154
59469,27;495,351
59469,555;495,551
59469,84;495,754
59470,125;495,96
59470,41;496,169
59470,695;496,381
59470,98;496,596
59471,265;496,814
59471,55;497,034
59471,835;497,256
59472,12;497,482
59472,405;497,709
59472,69;497,939
59472,975;498,172
59473,26;498,406
59473,545;498,643
59473,83;498,882
59474,115;499,123
59474,4;499,365
59474,685;499,61
59474,97;499,856
59475,255;500,103
59475,54;500,352
59475,825;500,602
59476,11;500,853
59476,395;501,106
59476,68;501,359
59476,965;501,613
59477,25;501,867
59477,535;502,123
59477,82;502,378
59478,105;502,634
59478,39;502,89
59478,675;503,146
59478,96;503,402
59479,245;503,658
59479,53;503,914
59479,815;504,169
59480,1;504,423
59480,385;504,677
59480,67;504,93
59480,955;505,182
59481,24;505,434
59481,525;505,684
59481,81;505,932
59482,095;506,18
59482,38;506,425
59482,665;506,669
59482,95;506,912
59483,235;507,152
59483,52;507,391
59483,805;507,627
59484,09;507,861
59484,375;508,093
59484,66;508,322
59484,945;508,549
59485,23;508,773
59485,515;508,994
59485,8;509,212
59486,085;509,427
59486,37;509,639
59486,655;509,847
59486,94;510,052
59487,225;510,254
59487,51;510,451
59487,795;510,645
59488,08;510,835
59488,365;511,021
59488,65;511,203
59488,935;511,38
59489,22;511,553
59489,505;511,722
59489,79;511,886
59490,075;512,044
59490,36;512,199
59490,645;512,348
59490,93;512,492
59491,215;512,63
59491,5;512,764
59491,785;512,893
59492,07;513,017
59492,355;513,136
59492,64;513,251
59492,925;513,361
59493,21;513,466
59493,495;513,567
59493,78;513,663
59494,065;513,755
59494,35;513,843
59494,635;513,927
59494,92;514,006
59495,205;514,081
59495,49;514,153
59495,775;514,22
59496,06;514,283
59496,345;514,343
59496,63;514,399
59496,915;514,452
59497,2;514,501
59497,485;514,546
59497,77;514,588
59498,055;514,626
59498,34;514,662
59498,625;514,694
59498,91;514,723
59499,195;514,749
59499,48;514,772
59499,765;514,792
59500,05;514,809
59500,335;514,823
59500,62;514,835
59500,905;514,844
59501,19;514,851
59501,475;514,855
59501,76;514,856
59502,045;514,856
59502,33;514,853
59502,615;514,848
59502,9;514,84
59503,185;514,831
59503,47;514,82
59503,755;514,806
59504,04;514,791
59504,325;514,775
59504,61;514,756
59504,895;514,736
59505,18;514,714
59505,465;514,691
59505,75;514,667
59506,035;514,641
59506,32;514,614
59506,605;514,586
59506,89;514,556
59507,175;514,526
59507,46;514,495
59507,745;514,462
59508,03;514,429
59508,315;514,395
59508,6;514,36
59508,885;514,323
59509,17;514,286
59509,455;514,247
59509,74;514,207
59510,025;514,166
59510,31;514,123
59510,595;514,079
59510,88;514,033
59511,165;513,986
59511,45;513,937
59511,735;513,886
59512,02;513,834
59512,305;513,779
59512,59;513,723
59512,875;513,665
59513,16;513,606
59513,445;513,544
59513,73;513,48
59514,015;513,413
59514,3;513,345
59514,585;513,274
59514,87;513,201
59515,155;513,126
59515,44;513,048
59515,725;512,968
59516,01;512,885
59516,295;512,8
59516,58;512,712
59516,865;512,621
59517,15;512,528
59517,435;512,431
59517,72;512,332
59518,005;512,23
59518,29;512,125
59518,575;512,016
59518,86;511,905
59519,145;511,79
59519,43;511,672
59519,715;511,551
59520;511,427
59520,285;511,299
59520,57;511,168
59520,855;511,033
59521,14;510,895
59521,425;510,753
59521,71;510,607
59521,995;510,457
59522,28;510,304
59522,565;510,147
59522,85;509,986
59523,135;509,821
59523,42;509,652
59523,705;509,479
59523,99;509,301
59524,275;509,12
59524,56;508,934
59524,845;508,744
59525,13;508,549
59525,415;508,351
59525,7;508,148
59525,985;507,94
59526,27;507,728
59526,555;507,512
59526,84;507,291
59527,125;507,066
59527,41;506,836
59527,695;506,601
59527,98;506,362
59528,265;506,119
59528,55;505,871
59528,835;505,618
59529,12;505,36
59529,405;505,098
59529,69;504,831
59529,975;504,559
59530,26;504,283
59530,545;504,002
59530,83;503,716
59531,115;503,425
59531,4;503,129
59531,685;502,828
59531,97;502,523
59532,255;502,212
59532,54;501,897
59532,825;501,576
59533,11;501,251
59533,395;500,92
59533,68;500,585
59533,965;500,244
59534,25;499,898
59534,535;499,547
59534,82;499,191
59535,105;498,83
59535,39;498,463
59535,675;498,091
59535,96;497,714
59536,245;497,332
59536,53;496,944
59536,815;496,551
59537,1;496,153
59537,385;495,749
59537,67;495,34
59537,955;494,925
59538,24;494,505
59538,525;494,079
59538,81;493,648
59539,095;493,211
59539,38;492,769
59539,665;492,321
59539,95;491,868
59540,235;491,409
59540,52;490,944
59540,805;490,474
59541,09;489,997
59541,375;489,515
59541,66;489,028
59541,945;488,535
59542,23;488,037
59542,515;487,534
59542,8;487,026
59543,085;486,514
59543,37;485,997
59543,655;485,476
59543,94;484,951
59544,225;484,423
59544,51;483,891
59544,795;483,355
59545,08;482,817
59545,365;482,275
59545,65;481,731
59545,935;481,184
59546,22;480,635
59546,505;480,084
59546,79;479,531
59547,075;478,976
59547,36;478,42
59547,645;477,863
59547,93;477,304
59548,215;476,745
59548,5;476,185
59548,785;475,624
59549,07;475,063
59549,355;474,502
59549,64;473,942
59549,925;473,381
59550,21;472,822
59550,495;472,263
59550,78;471,705
59551,065;471,148
59551,35;470,592
59551,635;470,038
59551,92;469,486
59552,205;468,936
59552,49;468,388
59552,775;467,843
59553,06;467,3
59553,345;466,76
59553,63;466,223
59553,915;465,689
59554,2;465,159
59554,485;464,632
59554,77;464,11
59555,055;463,591
59555,34;463,076
59555,625;462,566
59555,91;462,061
59556,195;461,56
59556,48;461,065
59556,765;460,575
59557,05;460,09
59557,335;459,611
59557,62;459,138
59557,905;458,671
59558,19;458,211
59558,475;457,756
59558,76;457,308
59559,045;456,865
59559,33;456,429
59559,615;455,997
59559,9;455,572
59560,185;455,151
59560,47;454,735
59560,755;454,325
59561,04;453,919
59561,325;453,517
59561,61;453,12
59561,895;452,727
59562,18;452,338
59562,465;451,952
59562,75;451,571
59563,035;451,193
59563,32;450,818
59563,605;450,446
59563,89;450,077
59564,175;449,711
59564,46;449,348
59564,745;448,986
59565,03;448,628
59565,315;448,271
59565,6;447,916
59565,885;447,563
59566,17;447,211
59566,455;446,861
59566,74;446,512
59567,025;446,164
59567,31;445,817
59567,595;445,471
59567,88;445,125
59568,165;444,78
59568,45;444,434
59568,735;444,089
59569,02;443,743
59569,305;443,397
59569,59;443,051
59569,875;442,704
59570,16;442,356
59570,445;442,006
59570,73;441,656
59571,015;441,304
59571,3;440,951
59571,585;440,596
59571,87;440,239
59572,155;439,88
59572,44;439,519
59572,725;439,155
59573,01;438,788
59573,295;438,419
59573,58;438,047
59573,865;437,672
59574,15;437,293
59574,435;436,911
59574,72;436,525
59575,005;436,136
59575,29;435,742
59575,575;435,345
59575,86;434,944
59576,145;434,54
59576,43;434,132
59576,715;433,721
59577;433,306
59577,285;432,889
59577,57;432,468
59577,855;432,044
59578,14;431,617
59578,425;431,188
59578,71;430,755
59578,995;430,32
59579,28;429,883
59579,565;429,443
59579,85;429
59580,135;428,556
59580,42;428,109
59580,705;427,66
59580,99;427,209
59581,275;426,756
59581,56;426,301
59581,845;425,845
59582,13;425,387
59582,415;424,927
59582,7;424,466
59582,985;424,004
59583,27;423,54
59583,555;423,075
59583,84;422,609
59584,125;422,142
59584,41;421,674
59584,695;421,205
59584,98;420,736
59585,265;420,266
59585,55;419,795
59585,835;419,324
59586,12;418,852
59586,405;418,38
59586,69;417,908
59586,975;417,436
59587,26;416,964
59587,545;416,492
59587,83;416,02
59588,115;415,549
59588,4;415,077
59588,685;414,607
59588,97;414,137
59589,255;413,667
59589,54;413,198
59589,825;412,73
59590,11;412,263
59590,395;411,797
59590,68;411,332
59590,965;410,868
59591,25;410,405
59591,535;409,944
59591,82;409,484
59592,105;409,026
59592,39;408,569
59592,675;408,114
59592,96;407,66
59593,245;407,207
59593,53;406,755
59593,815;406,305
59594,1;405,856
59594,385;405,408
59594,67;404,962
59594,955;404,516
59595,24;404,071
59595,525;403,628
59595,81;403,186
59596,095;402,744
59596,38;402,303
59596,665;401,864
59596,95;401,425
59597,235;400,987
59597,52;400,55
59597,805;400,113
59598,09;399,677
59598,375;399,242
59598,66;398,807
59598,945;398,374
59599,23;397,94
59599,515;397,507
59599,8;397,075
59600,085;396,643
59600,37;396,212
59600,655;395,78
59600,94;395,35
59601,225;394,919
59601,51;394,489
59601,795;394,059
59602,08;393,629
59602,365;393,199
59602,65;392,77
59602,935;392,34
59603,22;391,911
59603,505;391,482
59603,79;391,052
59604,075;390,623
59604,36;390,193
59604,645;389,764
59604,93;389,334
59605,215;388,904
59605,5;388,473
59605,785;388,043
59606,07;387,612
59606,355;387,18
59606,64;386,749
59606,925;386,316
59607,21;385,884
59607,495;385,451
59607,78;385,017
59608,065;384,583
59608,35;384,148
59608,635;383,713
59608,92;383,277
59609,205;382,84
59609,49;382,403
59609,775;381,965
59610,06;381,528
59610,345;381,09
59610,63;380,651
59610,915;380,213
59611,2;379,775
59611,485;379,337
59611,77;378,899
59612,055;378,461
59612,34;378,024
59612,625;377,587
59612,91;377,15
59613,195;376,714
59613,48;376,279
59613,765;375,844
59614,05;375,411
59614,335;374,978
59614,62;374,546
59614,905;374,115
59615,19;373,685
59615,475;373,257
59615,76;372,829
59616,045;372,404
59616,33;371,979
59616,615;371,556
59616,9;371,135
59617,185;370,715
59617,47;370,297
59617,755;369,881
59618,04;369,467
59618,325;369,055
59618,61;368,645
59618,895;368,237
59619,18;367,831
59619,465;367,428
59619,75;367,027
59620,035;366,628
59620,32;366,232
59620,605;365,839
59620,89;365,448
59621,175;365,06
59621,46;364,675
59621,745;364,293
59622,03;363,914
59622,315;363,539
59622,6;363,166
59622,885;362,796
59623,17;362,43
59623,455;362,068
59623,74;361,708
59624,025;361,353
59624,31;361,001
59624,595;360,653
59624,88;360,308
59625,165;359,968
59625,45;359,632
59625,735;359,299
59626,02;358,971
59626,305;358,646
59626,59;358,325
59626,875;358,008
59627,16;357,694
59627,445;357,384
59627,73;357,077
59628,015;356,774
59628,3;356,475
59628,585;356,178
59628,87;355,885
59629,155;355,595
59629,44;355,308
59629,725;355,023
59630,01;354,742
59630,295;354,464
59630,58;354,188
59630,865;353,915
59631,15;353,645
59631,435;353,377
59631,72;353,112
59632,005;352,849
59632,29;352,589
59632,575;352,331
59632,86;352,075
59633,145;351,821
59633,43;351,569
59633,715;351,319
59634;351,071
59634,285;350,825
59634,57;350,581
59634,855;350,338
59635,14;350,097
59635,425;349,858
59635,71;349,62
59635,995;349,383
59636,28;349,148
59636,565;348,914
59636,85;348,682
59637,135;348,45
59637,42;348,219
59637,705;347,99
59637,99;347,761
59638,275;347,533
59638,56;347,306
59638,845;347,08
59639,13;346,854
59639,415;346,628
59639,7;346,404
59639,985;346,179
59640,27;345,955
59640,555;345,731
59640,84;345,508
59641,125;345,284
59641,41;345,061
59641,695;344,837
59641,98;344,614
59642,265;344,39
59642,55;344,166
59642,835;343,942
59643,12;343,718
59643,405;343,495
59643,69;343,271
59643,975;343,049
59644,26;342,826
59644,545;342,605
59644,83;342,384
59645,115;342,164
59645,4;341,945
59645,685;341,728
59645,97;341,511
59646,255;341,297
59646,54;341,083
59646,825;340,872
59647,11;340,662
59647,395;340,455
59647,68;340,249
59647,965;340,045
59648,25;339,844
59648,535;339,646
59648,82;339,449
59649,105;339,256
59649,39;339,065
59649,675;338,878
59649,96;338,693
59650,245;338,512
59650,53;338,333
59650,815;338,159
59651,1;337,988
59651,385;337,82
59651,67;337,657
59651,955;337,497
59652,24;337,341
59652,525;337,19
59652,81;337,043
59653,095;336,9
59653,38;336,762
59653,665;336,629
59653,95;336,5
59654,235;336,376
59654,52;336,258
59654,805;336,144
59655,09;336,036
59655,375;335,933
59655,66;335,836
59655,945;335,745
59656,23;335,659
59656,515;335,579
59656,8;335,506
59657,085;335,438
59657,37;335,377
59657,655;335,322
59657,94;335,274
59658,225;335,233
59658,51;335,198
59658,795;335,17
59659,08;335,149
59659,365;335,136
59659,65;335,129
59659,935;335,13
59660,22;335,138
59660,505;335,154
59660,79;335,177
59661,075;335,207
59661,36;335,245
59661,645;335,29
59661,93;335,343
59662,215;335,404
59662,5;335,473
59662,785;335,549
59663,07;335,633
59663,355;335,724
59663,64;335,824
59663,925;335,932
59664,21;336,047
59664,495;336,171
59664,78;336,303
59665,065;336,443
59665,35;336,591
59665,635;336,748
59665,92;336,912
59666,205;337,086
59666,49;337,267
59666,775;337,457
59667,06;337,656
59667,345;337,863
59667,63;338,078
59667,915;338,303
59668,2;338,536
59668,485;338,778
59668,77;339,028
59669,055;339,288
59669,34;339,556
59669,625;339,833
59669,91;340,12
59670,195;340,415
59670,48;340,72
59670,765;341,033
59671,05;341,356
59671,335;341,688
59671,62;342,03
59671,905;342,381
59672,19;342,741
59672,475;343,111
59672,76;343,49
59673,045;343,879
59673,33;344,277
59673,615;344,685
59673,9;345,103
59674,185;345,531
59674,47;345,968
59674,755;346,415
59675,04;346,872
59675,325;347,339
59675,61;347,817
59675,895;348,304
59676,18;348,801
59676,465;349,308
59676,75;349,825
59677,035;350,351
59677,32;350,886
59677,605;351,431
59677,89;351,984
59678,175;352,545
59678,46;353,116
59678,745;353,694
59679,03;354,28
59679,315;354,874
59679,6;355,475
59679,885;356,084
59680,17;356,7
59680,455;357,323
59680,74;357,952
59681,025;358,588
59681,31;359,23
59681,595;359,878
59681,88;360,532
59682,165;361,192
59682,45;361,857
59682,735;362,527
59683,02;363,203
59683,305;363,883
59683,59;364,567
59683,875;365,256
59684,16;365,95
59684,445;366,647
59684,73;367,347
59685,015;368,052
59685,3;368,759
59685,585;369,47
59685,87;370,184
59686,155;370,9
59686,44;371,619
59686,725;372,34
59687,01;373,063
59687,295;373,788
59687,58;374,514
59687,865;375,242
59688,15;375,971
59688,435;376,701
59688,72;377,432
59689,005;378,164
59689,29;378,895
59689,575;379,627
59689,86;380,359
59690,145;381,091
59690,43;381,822
59690,715;382,552
59691;383,282
59691,285;384,01
59691,57;384,737
59691,855;385,462
59692,14;386,186
59692,425;386,908
59692,71;387,627
59692,995;388,345
59693,28;389,059
59693,565;389,772
59693,85;390,483
59694,135;391,191
59694,42;391,897
59694,705;392,601
59694,99;393,302
59695,275;394,002
59695,56;394,7
59695,845;395,396
59696,13;396,089
59696,415;396,781
59696,7;397,471
59696,985;398,159
59697,27;398,845
59697,555;399,53
59697,84;400,213
59698,125;400,894
59698,41;401,573
59698,695;402,251
59698,98;402,927
59699,265;403,601
59699,55;404,274
59699,835;404,945
59700,12;405,615
59700,405;406,284
59700,69;406,951
59700,975;407,617
59701,26;408,281
59701,545;408,944
59701,83;409,606
59702,115;410,267
59702,4;410,926
59702,685;411,585
59702,97;412,242
59703,255;412,898
59703,54;413,553
59703,825;414,207
59704,11;414,86
59704,395;415,512
59704,68;416,163
59704,965;416,814
59705,25;417,463
59705,535;418,112
59705,82;418,76
59706,105;419,407
59706,39;420,053
59706,675;420,699
59706,96;421,344
59707,245;421,989
59707,53;422,633
59707,815;423,276
59708,1;423,919
59708,385;424,562
59708,67;425,204
59708,955;425,845
59709,24;426,487
59709,525;427,128
59709,81;427,769
59710,095;428,409
59710,38;429,049
59710,665;429,688
59710,95;430,326
59711,235;430,962
59711,52;431,598
59711,805;432,233
59712,09;432,865
59712,375;433,497
59712,66;434,126
59712,945;434,753
59713,23;435,379
59713,515;436,001
59713,8;436,622
59714,085;437,24
59714,37;437,855
59714,655;438,467
59714,94;439,077
59715,225;439,683
59715,51;440,285
59715,795;440,885
59716,08;441,48
59716,365;442,072
59716,65;442,66
59716,935;443,243
59717,22;443,823
59717,505;444,398
59717,79;444,968
59718,075;445,534
59718,36;446,094
59718,645;446,65
59718,93;447,201
59719,215;447,746
59719,5;448,286
59719,785;448,82
59720,07;449,348
59720,355;449,87
59720,64;450,387
59720,925;450,897
59721,21;451,4
59721,495;451,897
59721,78;452,388
59722,065;452,871
59722,35;453,348
59722,635;453,817
59722,92;454,279
59723,205;454,734
59723,49;455,18
59723,775;455,62
59724,06;456,051
59724,345;456,474
59724,63;456,889
59724,915;457,295
59725,2;457,693
59725,485;458,082
59725,77;458,463
59726,055;458,834
59726,34;459,197
59726,625;459,55
59726,91;459,894
59727,195;460,23
59727,48;460,558
59727,765;460,879
59728,05;461,193
59728,335;461,501
59728,62;461,802
59728,905;462,099
59729,19;462,391
59729,475;462,678
59729,76;462,961
59730,045;463,241
59730,33;463,518
59730,615;463,793
59730,9;464,065
59731,185;464,337
59731,47;464,607
59731,755;464,877
59732,04;465,146
59732,325;465,417
59732,61;465,688
59732,895;465,961
59733,18;466,236
59733,465;466,513
59733,75;466,794
59734,035;467,077
59734,32;467,365
59734,605;467,657
59734,89;467,954
59735,175;468,257
59735,46;468,565
59735,745;468,88
59736,03;469,202
59736,315;469,531
59736,6;469,868
59736,885;470,213
59737,17;470,567
59737,455;470,931
59737,74;471,304
59738,025;471,687
59738,31;472,082
59738,595;472,488
59738,88;472,905
59739,165;473,335
59739,45;473,778
59739,735;474,233
59740,02;474,703
59740,305;475,187
59740,59;475,685
59740,875;476,199
59741,16;476,728
59741,445;477,274
59741,73;477,836
59742,015;478,416
59742,3;479,013
59742,585;479,628
59742,87;480,262
59743,155;480,916
59743,44;481,588
59743,725;482,28
59744,01;482,989
59744,295;483,717
59744,58;484,461
59744,865;485,222
59745,15;485,998
59745,435;486,789
59745,72;487,594
59746,005;488,412
59746,29;489,243
59746,575;490,087
59746,86;490,941
59747,145;491,806
59747,43;492,682
59747,715;493,566
59748;494,46
59748,285;495,361
59748,57;496,269
59748,855;497,184
59749,14;498,104
59749,425;499,03
59749,71;499,96
59749,995;500,894
59750,28;501,832
59750,565;502,771
59750,85;503,712
59751,135;504,654
59751,42;505,597
59751,705;506,539
59751,99;507,48
59752,275;508,419
59752,56;509,356
59752,845;510,289
59753,13;511,219
59753,415;512,144
59753,7;513,064
59753,985;513,978
59754,27;514,885
59754,555;515,785
59754,84;516,677
59755,125;517,561
59755,41;518,435
59755,695;519,299
59755,98;520,152
59756,265;520,993
59756,55;521,823
59756,835;522,64
59757,12;523,443
59757,405;524,232
59757,69;525,006
59757,975;525,764
59758,26;526,506
59758,545;527,231
59758,83;527,939
59759,115;528,628
59759,4;529,298
59759,685;529,948
59759,97;530,578
59760,255;531,187
59760,54;531,774
59760,825;532,342
59761,11;532,889
59761,395;533,416
59761,68;533,923
59761,965;534,412
59762,25;534,881
59762,535;535,332
59762,82;535,764
59763,105;536,179
59763,39;536,576
59763,675;536,955
59763,96;537,318
59764,245;537,665
59764,53;537,995
59764,815;538,309
59765,1;538,607
59765,385;538,89
59765,67;539,159
59765,955;539,412
59766,24;539,652
59766,525;539,877
59766,81;540,089
59767,095;540,288
59767,38;540,474
59767,665;540,647
59767,95;540,808
59768,235;540,957
59768,52;541,095
59768,805;541,221
59769,09;541,336
59769,375;541,441
59769,66;541,535
59769,945;541,62
59770,23;541,695
59770,515;541,76
59770,8;541,817
59771,085;541,865
59771,37;541,905
59771,655;541,937
59771,94;541,962
59772,225;541,979
59772,51;541,989
59772,795;541,992
59773,08;541,99
59773,365;541,981
59773,65;541,967
59773,935;541,948
59774,22;541,923
59774,505;541,894
59774,79;541,861
59775,075;541,824
59775,36;541,783
59775,645;541,739
59775,93;541,693
59776,215;541,643
59776,5;541,591
59776,785;541,538
59777,07;541,482
59777,355;541,426
59777,64;541,367
59777,925;541,307
59778,21;541,246
59778,495;541,182
59778,78;541,117
59779,065;541,051
59779,35;540,983
59779,635;540,913
59779,92;540,841
59780,205;540,767
59780,49;540,692
59780,775;540,615
59781,06;540,536
59781,345;540,455
59781,63;540,373
59781,915;540,288
59782,2;540,202
59782,485;540,114
59782,77;540,024
59783,055;539,931
59783,34;539,837
59783,625;539,741
59783,91;539,643
59784,195;539,543
59784,48;539,44
59784,765;539,336
59785,05;539,23
59785,335;539,121
59785,62;539,01
59785,905;538,897
59786,19;538,782
59786,475;538,665
59786,76;538,545
59787,045;538,424
59787,33;538,3
59787,615;538,173
59787,9;538,045
59788,185;537,914
59788,47;537,78
59788,755;537,645
59789,04;537,507
59789,325;537,366
59789,61;537,223
59789,895;537,078
59790,18;536,93
59790,465;536,78
59790,75;536,627
59791,035;536,471
59791,32;536,314
59791,605;536,153
59791,89;535,99
59792,175;535,824
59792,46;535,656
59792,745;535,485
59793,03;535,311
59793,315;535,135
59793,6;534,956
59793,885;534,774
59794,17;534,59
59794,455;534,402
59794,74;534,212
59795,025;534,02
59795,31;533,825
59795,595;533,627
59795,88;533,427
59796,165;533,224
59796,45;533,019
59796,735;532,811
59797,02;532,601
59797,305;532,388
59797,59;532,173
59797,875;531,956
59798,16;531,736
59798,445;531,514
59798,73;531,29
59799,015;531,063
59799,3;530,834
59799,585;530,603
59799,87;530,37
59800,155;530,135
59800,44;529,898
59800,725;529,658
59801,01;529,417
59801,295;529,173
59801,58;528,928
59801,865;528,68
59802,15;528,431
59802,435;528,179
59802,72;527,926
59803,005;527,671
59803,29;527,414
59803,575;527,155
59803,86;526,895
59804,145;526,632
59804,43;526,368
59804,715;526,102
59805;525,835
59805,285;525,566
59805,57;525,295
59805,855;525,023
59806,14;524,749
59806,425;524,474
59806,71;524,197
59806,995;523,919
59807,28;523,639
59807,565;523,358
59807,85;523,075
59808,135;522,791
59808,42;522,506
59808,705;522,22
59808,99;521,932
59809,275;521,643
59809,56;521,352
59809,845;521,061
59810,13;520,768
59810,415;520,474
59810,7;520,179
59810,985;519,883
59811,27;519,585
59811,555;519,285
59811,84;518,983
59812,125;518,679
59812,41;518,371
59812,695;518,061
59812,98;517,747
59813,265;517,429
59813,55;517,107
59813,835;516,781
59814,12;516,45
59814,405;516,115
59814,69;515,774
59814,975;515,427
59815,26;515,075
59815,545;514,716
59815,83;514,351
59816,115;513,98
59816,4;513,601
59816,685;513,215
59816,97;512,821
59817,255;512,419
59817,54;512,009
59817,825;511,59
59818,11;511,163
59818,395;510,726
59818,68;510,28
59818,965;509,824
59819,25;509,358
59819,535;508,882
59819,82;508,394
59820,105;507,896
59820,39;507,387
59820,675;506,866
59820,96;506,333
59821,245;505,788
59821,53;505,23
59821,815;504,66
59822,1;504,076
59822,385;503,479
59822,67;502,869
59822,955;502,244
59823,24;501,605
59823,525;500,951
59823,81;500,282
59824,095;499,599
59824,38;498,899
59824,665;498,184
59824,95;497,453
59825,235;496,705
59825,52;495,941
59825,805;495,159
59826,09;494,36
59826,375;493,544
59826,66;492,709
59826,945;491,856
59827,23;490,985
59827,515;490,095
59827,8;489,186
59828,085;488,26
59828,37;487,316
59828,655;486,356
59828,94;485,38
59829,225;484,389
59829,51;483,383
59829,795;482,364
59830,08;481,332
59830,365;480,288
59830,65;479,232
59830,935;478,165
59831,22;477,088
59831,505;476,001
59831,79;474,906
59832,075;473,802
59832,36;472,691
59832,645;471,573
59832,93;470,449
59833,215;469,32
59833,5;468,186
59833,785;467,048
59834,07;465,906
59834,355;464,762
59834,64;463,617
59834,925;462,47
59835,21;461,322
59835,495;460,175
59835,78;459,028
59836,065;457,883
59836,35;456,74
59836,635;455,6
59836,92;454,464
59837,205;453,332
59837,49;452,206
59837,775;451,084
59838,06;449,97
59838,345;448,862
59838,63;447,762
59838,915;446,671
59839,2;445,589
59839,485;444,516
59839,77;443,454
59840,055;442,404
59840,34;441,365
59840,625;440,339
59840,91;439,327
59841,195;438,328
59841,48;437,344
59841,765;436,376
59842,05;435,423
59842,335;434,488
59842,62;433,57
59842,905;432,67
59843,19;431,789
59843,475;430,927
59843,76;430,086
59844,045;429,266
59844,33;428,467
59844,615;427,69
59844,9;426,934
59845,185;426,2
59845,47;425,485
59845,755;424,791
59846,04;424,116
59846,325;423,46
59846,61;422,823
59846,895;422,205
59847,18;421,604
59847,465;421,021
59847,75;420,454
59848,035;419,905
59848,32;419,371
59848,605;418,853
59848,89;418,35
59849,175;417,863
59849,46;417,389
59849,745;416,93
59850,03;416,485
59850,315;416,052
59850,6;415,632
59850,885;415,225
59851,17;414,829
59851,455;414,445
59851,74;414,072
59852,025;413,709
59852,31;413,357
59852,595;413,014
59852,88;412,681
59853,165;412,356
59853,45;412,04
59853,735;411,732
59854,02;411,432
59854,305;411,138
59854,59;410,852
59854,875;410,572
59855,16;410,297
59855,445;410,028
59855,73;409,765
59856,015;409,505
59856,3;409,25
59856,585;408,999
59856,87;408,751
59857,155;408,506
59857,44;408,263
59857,725;408,022
59858,01;407,783
59858,295;407,545
59858,58;407,308
59858,865;407,071
59859,15;406,834
59859,435;406,597
59859,72;406,358
59860,005;406,118
59860,29;405,877
59860,575;405,633
59860,86;405,386
59861,145;405,136
59861,43;404,883
59861,715;404,627
59862;404,367
59862,285;404,104
59862,57;403,838
59862,855;403,568
59863,14;403,295
59863,425;403,019
59863,71;402,739
59863,995;402,456
59864,28;402,17
59864,565;401,88
59864,85;401,587
59865,135;401,291
59865,42;400,991
59865,705;400,688
59865,99;400,382
59866,275;400,073
59866,56;399,76
59866,845;399,443
59867,13;399,124
59867,415;398,801
59867,7;398,475
59867,985;398,145
59868,27;397,812
59868,555;397,476
59868,84;397,137
59869,125;396,794
59869,41;396,448
59869,695;396,099
59869,98;395,746
59870,265;395,39
59870,55;395,03
59870,835;394,668
59871,12;394,302
59871,405;393,932
59871,69;393,56
59871,975;393,184
59872,26;392,804
59872,545;392,422
59872,83;392,036
59873,115;391,647
59873,4;391,254
59873,685;390,858
59873,97;390,459
59874,255;390,056
59874,54;389,651
59874,825;389,241
59875,11;388,829
59875,395;388,413
59875,68;387,994
59875,965;387,572
59876,25;387,146
59876,535;386,717
59876,82;386,285
59877,105;385,849
59877,39;385,41
59877,675;384,968
59877,96;384,522
59878,245;384,074
59878,53;383,622
59878,815;383,168
59879,1;382,711
59879,385;382,253
59879,67;381,792
59879,955;381,331
59880,24;380,868
59880,525;380,404
59880,81;379,94
59881,095;379,476
59881,38;379,012
59881,665;378,548
59881,95;378,085
59882,235;377,622
59882,52;377,161
59882,805;376,702
59883,09;376,244
59883,375;375,789
59883,66;375,336
59883,945;374,886
59884,23;374,438
59884,515;373,994
59884,8;373,554
59885,085;373,118
59885,37;372,686
59885,655;372,258
59885,94;371,835
59886,225;371,417
59886,51;371,005
59886,795;370,599
59887,08;370,198
59887,365;369,804
59887,65;369,416
59887,935;369,035
59888,22;368,662
59888,505;368,295
59888,79;367,937
59889,075;367,587
59889,36;367,245
59889,645;366,911
59889,93;366,587
59890,215;366,272
59890,5;365,967
59890,785;365,671
59891,07;365,385
59891,355;365,11
59891,64;364,846
59891,925;364,593
59892,21;364,351
59892,495;364,12
59892,78;363,902
59893,065;363,696
59893,35;363,502
59893,635;363,321
59893,92;363,153
59894,205;362,999
59894,49;362,858
59894,775;362,732
59895,06;362,619
59895,345;362,52
59895,63;362,435
59895,915;362,363
59896,2;362,305
59896,485;362,259
59896,77;362,225
59897,055;362,204
59897,34;362,195
59897,625;362,197
59897,91;362,211
59898,195;362,237
59898,48;362,273
59898,765;362,32
59899,05;362,378
59899,335;362,445
59899,62;362,523
59899,905;362,61
59900,19;362,707
59900,475;362,813
59900,76;362,928
59901,045;363,051
59901,33;363,183
59901,615;363,323
59901,9;363,471
59902,185;363,626
59902,47;363,789
59902,755;363,959
59903,04;364,135
59903,325;364,318
59903,61;364,508
59903,895;364,703
59904,18;364,905
59904,465;365,112
59904,75;365,324
59905,035;365,541
59905,32;365,762
59905,605;365,989
59905,89;366,219
59906,175;366,454
59906,46;366,692
59906,745;366,933
59907,03;367,178
59907,315;367,426
59907,6;367,676
59907,885;367,929
59908,17;368,184
59908,455;368,441
59908,74;368,699
59909,025;368,959
59909,31;369,219
59909,595;369,481
59909,88;369,743
59910,165;370,006
59910,45;370,269
59910,735;370,531
59911,02;370,793
59911,305;371,054
59911,59;371,314
59911,875;371,573
59912,16;371,831
59912,445;372,088
59912,73;372,344
59913,015;372,599
59913,3;372,853
59913,585;373,106
59913,87;373,358
59914,155;373,61
59914,44;373,86
59914,725;374,11
59915,01;374,359
59915,295;374,608
59915,58;374,856
59915,865;375,103
59916,15;375,35
59916,435;375,596
59916,72;375,842
59917,005;376,088
59917,29;376,333
59917,575;376,578
59917,86;376,823
59918,145;377,068
59918,43;377,312
59918,715;377,556
59919;377,8
59919,285;378,045
59919,57;378,289
59919,855;378,533
59920,14;378,777
59920,425;379,022
59920,71;379,266
59920,995;379,511
59921,28;379,756
59921,565;380,002
59921,85;380,248
59922,135;380,494
59922,42;380,741
59922,705;380,988
59922,99;381,235
59923,275;381,484
59923,56;381,732
59923,845;381,982
59924,13;382,232
59924,415;382,483
59924,7;382,735
59924,985;382,988
59925,27;383,241
59925,555;383,495
59925,84;383,751
59926,125;384,007
59926,41;384,265
59926,695;384,523
59926,98;384,783
59927,265;385,044
59927,55;385,306
59927,835;385,569
59928,12;385,834
59928,405;386,1
59928,69;386,367
59928,975;386,636
59929,26;386,906
59929,545;387,177
59929,83;387,449
59930,115;387,723
59930,4;387,998
59930,685;388,274
59930,97;388,551
59931,255;388,829
59931,54;389,108
59931,825;389,388
59932,11;389,668
59932,395;389,95
59932,68;390,232
59932,965;390,516
59933,25;390,8
59933,535;391,084
59933,82;391,369
59934,105;391,655
59934,39;391,942
59934,675;392,229
59934,96;392,516
59935,245;392,804
59935,53;393,093
59935,815;393,381
59936,1;393,67
59936,385;393,96
59936,67;394,249
59936,955;394,539
59937,24;394,829
59937,525;395,119
59937,81;395,41
59938,095;395,7
59938,38;395,99
59938,665;396,28
59938,95;396,57
59939,235;396,86
59939,52;397,15
59939,805;397,44
59940,09;397,729
59940,375;398,019
59940,66;398,307
59940,945;398,596
59941,23;398,884
59941,515;399,172
59941,8;399,459
59942,085;399,745
59942,37;400,032
59942,655;400,317
59942,94;400,602
59943,225;400,886
59943,51;401,17
59943,795;401,452
59944,08;401,734
59944,365;402,015
59944,65;402,295
59944,935;402,575
59945,22;402,853
59945,505;403,13
59945,79;403,407
59946,075;403,682
59946,36;403,956
59946,645;404,23
59946,93;404,503
59947,215;404,775
59947,5;405,046
59947,785;405,317
59948,07;405,586
59948,355;405,855
59948,64;406,124
59948,925;406,392
59949,21;406,659
59949,495;406,925
59949,78;407,192
59950,065;407,457
59950,35;407,722
59950,635;407,987
59950,92;408,251
59951,205;408,515
59951,49;408,779
59951,775;409,042
59952,06;409,305
59952,345;409,568
59952,63;409,83
59952,915;410,093
59953,2;410,355
59953,485;410,617
59953,77;410,879
59954,055;411,14
59954,34;411,402
59954,625;411,664
59954,91;411,926
59955,195;412,188
59955,48;412,45
59955,765;412,712
59956,05;412,974
59956,335;413,236
59956,62;413,499
59956,905;413,762
59957,19;414,025
59957,475;414,288
59957,76;414,552
59958,045;414,816
59958,33;415,081
59958,615;415,346
59958,9;415,611
59959,185;415,877
59959,47;416,143
59959,755;416,41
59960,04;416,678
59960,325;416,946
59960,61;417,215
59960,895;417,484
59961,18;417,754
59961,465;418,025
59961,75;418,297
59962,035;418,569
59962,32;418,843
59962,605;419,117
59962,89;419,392
59963,175;419,667
59963,46;419,944
59963,745;420,221
59964,03;420,499
59964,315;420,778
59964,6;421,057
59964,885;421,337
59965,17;421,618
59965,455;421,9
59965,74;422,182
59966,025;422,465
59966,31;422,749
59966,595;423,033
59966,88;423,318
59967,165;423,604
59967,45;423,89
59967,735;424,177
59968,02;424,464
59968,305;424,752
59968,59;425,041
59968,875;425,33
59969,16;425,62
59969,445;425,911
59969,73;426,202
59970,015;426,493
59970,3;426,785
59970,585;427,078
59970,87;427,371
59971,155;427,665
59971,44;427,959
59971,725;428,253
59972,01;428,548
59972,295;428,844
59972,58;429,14
59972,865;429,436
59973,15;429,733
59973,435;430,03
59973,72;430,328
59974,005;430,626
59974,29;430,924
59974,575;431,223
59974,86;431,522
59975,145;431,821
59975,43;432,121
59975,715;432,421
59976;432,722
59976,285;433,023
59976,57;433,324
59976,855;433,625
59977,14;433,927
59977,425;434,229
59977,71;434,531
59977,995;434,834
59978,28;435,136
59978,565;435,439
59978,85;435,742
59979,135;436,046
59979,42;436,349
59979,705;436,653
59979,99;436,957
59980,275;437,261
59980,56;437,565
59980,845;437,869
59981,13;438,174
59981,415;438,478
59981,7;438,782
59981,985;439,086
59982,27;439,391
59982,555;439,695
59982,84;439,999
59983,125;440,303
59983,41;440,607
59983,695;440,911
59983,98;441,215
59984,265;441,519
59984,55;441,822
59984,835;442,125
59985,12;442,428
59985,405;442,731
59985,69;443,033
59985,975;443,335
59986,26;443,637
59986,545;443,939
59986,83;444,24
59987,115;444,54
59987,4;444,841
59987,685;445,141
59987,97;445,44
59988,255;445,739
59988,54;446,038
59988,825;446,336
59989,11;446,633
59989,395;446,93
59989,68;447,227
59989,965;447,523
59990,25;447,818
59990,535;448,112
59990,82;448,406
59991,105;448,7
59991,39;448,992
59991,675;449,284
59991,96;449,575
59992,245;449,866
59992,53;450,155
59992,815;450,444
59993,1;450,732
59993,385;451,02
59993,67;451,306
59993,955;451,591
59994,24;451,876
59994,525;452,16
59994,81;452,442
59995,095;452,724
59995,38;453,005
59995,665;453,285
59995,95;453,563
59996,235;453,841
59996,52;454,118
59996,805;454,394
59997,09;454,669
59997,375;454,943
59997,66;455,216
59997,945;455,488
59998,23;455,76
59998,515;456,03
59998,8;456,3
59999,085;456,57
59999,37;456,838
59999,655;457,106
59999,94;457,373
60000,225;457,64
60000,51;457,906
60000,795;458,172
60001,08;458,437
60001,365;458,701
60001,65;458,965
60001,935;459,229
60002,22;459,492
60002,505;459,755
60002,79;460,017
60003,075;460,279
60003,36;460,541
60003,645;460,802
60003,93;461,063
60004,215;461,324
60004,5;461,585
60004,785;461,845
60005,07;462,106
60005,355;462,366
60005,64;462,626
60005,925;462,887
60006,21;463,147
60006,495;463,407
60006,78;463,667
60007,065;463,927
60007,35;464,187
60007,635;464,448
60007,92;464,708
60008,205;464,969
60008,49;465,229
60008,775;465,49
60009,06;465,752
60009,345;466,013
60009,63;466,275
60009,915;466,537
60010,2;466,8
60010,485;467,062
60010,77;467,326
60011,055;467,589
60011,34;467,854
60011,625;468,118
60011,91;468,383
60012,195;468,649
60012,48;468,915
60012,765;469,182
60013,05;469,45
60013,335;469,718
60013,62;469,986
60013,905;470,256
60014,19;470,526
60014,475;470,796
60014,76;471,068
60015,045;471,34
60015,33;471,613
60015,615;471,886
60015,9;472,161
60016,185;472,436
60016,47;472,712
60016,755;472,988
60017,04;473,266
60017,325;473,544
60017,61;473,823
60017,895;474,103
60018,18;474,384
60018,465;474,666
60018,75;474,949
60019,035;475,232
60019,32;475,517
60019,605;475,802
60019,89;476,088
60020,175;476,376
60020,46;476,664
60020,745;476,953
60021,03;477,244
60021,315;477,535
60021,6;477,827
60021,885;478,121
60022,17;478,415
60022,455;478,711
60022,74;479,007
60023,025;479,305
60023,31;479,604
60023,595;479,904
60023,88;480,205
60024,165;480,508
60024,45;480,811
60024,735;481,116
60025,02;481,422
60025,305;481,729
60025,59;482,037
60025,875;482,347
60026,16;482,658
60026,445;482,97
60026,73;483,283
60027,015;483,598
60027,3;483,914
60027,585;484,231
60027,87;484,55
60028,155;484,87
60028,44;485,192
60028,725;485,514
60029,01;485,839
60029,295;486,164
60029,58;486,491
60029,865;486,82
60030,15;487,149
60030,435;487,478
60030,72;487,807
60031,005;488,137
60031,29;488,465
60031,575;488,792
60031,86;489,118
60032,145;489,442
60032,43;489,764
60032,715;490,084
60033;490,401
60033,285;490,714
60033,57;491,024
60033,855;491,329
60034,14;491,631
60034,425;491,927
60034,71;492,219
60034,995;492,505
60035,28;492,785
60035,565;493,059
60035,85;493,327
60036,135;493,587
60036,42;493,841
60036,705;494,086
60036,99;494,324
60037,275;494,553
60037,56;494,773
60037,845;494,985
60038,13;495,187
60038,415;495,379
60038,7;495,56
60038,985;495,732
60039,27;495,892
60039,555;496,041
60039,84;496,178
60040,125;496,303
60040,41;496,416
60040,695;496,516
60040,98;496,603
60041,265;496,676
60041,55;496,735
60041,835;496,78
60042,12;496,811
60042,405;496,826
60042,69;496,827
60042,975;496,811
60043,26;496,779
60043,545;496,731
60043,83;496,666
60044,115;496,584
60044,4;496,485
60044,685;496,367
60044,97;496,231
60045,255;496,077
60045,54;495,903
60045,825;495,71
60046,11;495,497
60046,395;495,265
60046,68;495,011
60046,965;494,735
60047,25;494,435
60047,535;494,111
60047,82;493,762
60048,105;493,385
60048,39;492,981
60048,675;492,548
60048,96;492,084
60049,245;491,589
60049,53;491,062
60049,815;490,501
60050,1;489,906
60050,385;489,274
60050,67;488,605
60050,955;487,899
60051,24;487,152
60051,525;486,366
60051,81;485,538
60052,095;484,667
60052,38;483,752
60052,665;482,792
60052,95;481,786
60053,235;480,732
60053,52;479,63
60053,805;478,479
60054,09;477,277
60054,375;476,022
60054,66;474,715
60054,945;473,354
60055,23;471,937
60055,515;470,464
60055,8;468,933
60056,085;467,344
60056,37;465,694
60056,655;463,984
60056,94;462,211
60057,225;460,375
60057,51;458,475
60057,795;456,509
60058,08;454,476
60058,365;452,375
60058,65;450,206
60058,935;447,966
60059,22;445,655
60059,505;443,271
60059,79;440,814
60060,075;438,282
60060,36;435,674
60060,645;432,989
60060,93;430,226
60061,215;427,384
60061,5;424,461
60061,785;421,457
60062,07;418,37
60062,355;415,199
60062,64;411,943
60062,925;408,601
60063,21;405,172
60063,495;401,658
60063,78;398,063
60064,065;394,392
60064,35;390,649
60064,635;386,838
60064,92;382,964
60065,205;379,03
60065,49;375,041
60065,775;371,001
60066,06;366,915
60066,345;362,786
60066,63;358,62
60066,915;354,419
60067,2;350,189
60067,485;345,934
60067,77;341,658
60068,055;337,365
60068,34;333,06
60068,625;328,746
60068,91;324,428
60069,195;320,111
60069,48;315,798
60069,765;311,494
60070,05;307,202
60070,335;302,929
60070,62;298,676
60070,905;294,45
60071,19;290,253
60071,475;286,091
60071,76;281,968
60072,045;277,887
60072,33;273,853
60072,615;269,871
60072,9;265,944
60073,185;262,078
60073,47;258,275
60073,755;254,541
60074,04;250,879
60074,325;247,294
60074,61;243,79
60074,895;240,372
60075,18;237,043
60075,465;233,809
60075,75;230,672
60076,035;227,638
60076,32;224,71
60076,605;221,894
60076,89;219,192
60077,175;216,61
60077,46;214,152
60077,745;211,822
60078,03;209,624
60078,315;207,562
60078,6;205,641
60078,885;203,865
60079,17;202,239
60079,455;200,766
60079,74;199,45
60080,025;198,296
60080,31;197,304
60080,595;196,469
60080,88;195,787
60081,165;195,255
60081,45;194,869
60081,735;194,623
60082,02;194,516
60082,305;194,541
60082,59;194,697
60082,875;194,978
60083,16;195,38
60083,445;195,901
60083,73;196,534
60084,015;197,278
60084,3;198,127
60084,585;199,078
60084,87;200,127
60085,155;201,269
60085,44;202,501
60085,725;203,819
60086,01;205,219
60086,295;206,697
60086,58;208,248
60086,865;209,87
60087,15;211,557
60087,435;213,307
60087,72;215,114
60088,005;216,975
60088,29;218,887
60088,575;220,844
60088,86;222,844
60089,145;224,881
60089,43;226,953
60089,715;229,055
60090;231,183
60090,285;233,333
60090,57;235,501
60090,855;237,684
60091,14;239,876
60091,425;242,076
60091,71;244,277
60091,995;246,477
60092,28;248,671
60092,565;250,855
60092,85;253,026
60093,135;255,179
60093,42;257,311
60093,705;259,417
60093,99;261,494
60094,275;263,537
60094,56;265,543
60094,845;267,507
60095,13;269,426
60095,415;271,295
60095,7;273,111
60095,985;274,87
60096,27;276,567
60096,555;278,199
60096,84;279,762
60097,125;281,255
60097,41;282,679
60097,695;284,035
60097,98;285,326
60098,265;286,553
60098,55;287,718
60098,835;288,821
60099,12;289,865
60099,405;290,85
60099,69;291,78
60099,975;292,655
60100,26;293,476
60100,545;294,246
60100,83;294,966
60101,115;295,637
60101,4;296,261
60101,685;296,84
60101,97;297,375
60102,255;297,867
60102,54;298,319
60102,825;298,731
60103,11;299,106
60103,395;299,445
60103,68;299,749
60103,965;300,02
60104,25;300,259
60104,535;300,469
60104,82;300,65
60105,105;300,805
60105,39;300,934
60105,675;301,04
60105,96;301,123
60106,245;301,186
60106,53;301,23
60106,815;301,257
60107,1;301,267
60107,385;301,264
60107,67;301,247
60107,955;301,22
60108,24;301,182
60108,525;301,137
60108,81;301,084
60109,095;301,027
60109,38;300,967
60109,665;300,904
60109,95;300,842
60110,235;300,78
60110,52;300,721
60110,805;300,667
60111,09;300,618
60111,375;300,577
60111,66;300,545
60111,945;300,523
60112,23;300,514
60112,515;300,518
60112,8;300,537
60113,085;300,573
60113,37;300,628
60113,655;300,702
60113,94;300,797
60114,225;300,912
60114,51;301,048
60114,795;301,204
60115,08;301,38
60115,365;301,575
60115,65;301,791
60115,935;302,025
60116,22;302,279
60116,505;302,552
60116,79;302,844
60117,075;303,154
60117,36;303,483
60117,645;303,831
60117,93;304,197
60118,215;304,58
60118,5;304,982
60118,785;305,401
60119,07;305,838
60119,355;306,292
60119,64;306,764
60119,925;307,252
60120,21;307,757
60120,495;308,279
60120,78;308,817
60121,065;309,371
60121,35;309,942
60121,635;310,529
60121,92;311,131
60122,205;311,749
60122,49;312,382
60122,775;313,031
60123,06;313,695
60123,345;314,373
60123,63;315,067
60123,915;315,774
60124,2;316,497
60124,485;317,233
60124,77;317,984
60125,055;318,748
60125,34;319,526
60125,625;320,318
60125,91;321,122
60126,195;321,94
60126,48;322,771
60126,765;323,615
60127,05;324,472
60127,335;325,341
60127,62;326,222
60127,905;327,115
60128,19;328,02
60128,475;328,937
60128,76;329,866
60129,045;330,806
60129,33;331,757
60129,615;332,72
60129,9;333,693
60130,185;334,677
60130,47;335,671
60130,755;336,675
60131,04;337,686
60131,325;338,702
60131,61;339,72
60131,895;340,739
60132,18;341,755
60132,465;342,767
60132,75;343,772
60133,035;344,767
60133,32;345,751
60133,605;346,721
60133,89;347,674
60134,175;348,609
60134,46;349,523
60134,745;350,413
60135,03;351,278
60135,315;352,115
60135,6;352,921
60135,885;353,694
60136,17;354,432
60136,455;355,133
60136,74;355,794
60137,025;356,413
60137,31;356,987
60137,595;357,514
60137,88;357,992
60138,165;358,419
60138,45;358,791
60138,735;359,107
60139,02;359,365
60139,305;359,562
60139,59;359,695
60139,875;359,762
60140,16;359,762
60140,445;359,691
60140,73;359,547
60141,015;359,328
60141,3;359,032
60141,585;358,656
60141,87;358,198
60142,155;357,655
60142,44;357,026
60142,725;356,307
60143,01;355,497
60143,295;354,592
60143,58;353,592
60143,865;352,493
60144,15;351,293
60144,435;349,99
60144,72;348,581
60145,005;347,064
60145,29;345,436
60145,575;343,696
60145,86;341,841
60146,145;339,868
60146,43;337,776
60146,715;335,562
60147;333,223
60147,285;330,757
60147,57;328,165
60147,855;325,45
60148,14;322,619
60148,425;319,674
60148,71;316,621
60148,995;313,465
60149,28;310,21
60149,565;306,861
60149,85;303,423
60150,135;299,901
60150,42;296,298
60150,705;292,621
60150,99;288,873
60151,275;285,059
60151,56;281,184
60151,845;277,253
60152,13;273,27
60152,415;269,241
60152,7;265,169
60152,985;261,06
60153,27;256,918
60153,555;252,748
60153,84;248,554
60154,125;244,342
60154,41;240,116
60154,695;235,88
60154,98;231,64
60155,265;227,4
60155,55;223,165
60155,835;218,94
60156,12;214,729
60156,405;210,536
60156,69;206,368
60156,975;202,228
60157,26;198,121
60157,545;194,051
60157,83;190,025
60158,115;186,045
60158,4;182,117
60158,685;178,246
60158,97;174,437
60159,255;170,693
60159,54;167,02
60159,825;163,423
60160,11;159,905
60160,395;156,473
60160,68;153,13
60160,965;149,881
60161,25;146,731
60161,535;143,685
60161,82;140,748
60162,105;137,923
60162,39;135,216
60162,675;132,632
60162,96;130,175
60163,245;127,85
60163,53;125,661
60163,815;123,614
60164,1;121,713
60164,385;119,959
60164,67;118,352
60164,955;116,886
60165,24;115,558
60165,525;114,366
60165,81;113,306
60166,095;112,374
60166,38;111,567
60166,665;110,882
60166,95;110,315
60167,235;109,863
60167,52;109,522
60167,805;109,29
60168,09;109,162
60168,375;20
60168,66;109,208
60168,945;109,374
60169,23;109,632
60169,515;109,977
60169,8;110,407
60170,085;110,918
60170,37;111,507
60170,655;112,17
60170,94;112,904
60171,225;113,706
60171,51;114,572
60171,795;115,499
60172,08;116,483
60172,365;117,522
60172,65;118,611
60172,935;119,747
60173,22;120,927
60173,505;122,148
60173,79;123,406
60174,075;124,698
60174,36;126,021
60174,645;127,37
60174,93;128,743
60175,215;130,136
60175,5;131,546
60175,785;132,97
60176,07;134,404
60176,355;135,845
60176,64;137,289
60176,925;138,733
60177,21;140,174
60177,495;141,608
60177,78;143,031
60178,065;144,442
60178,35;145,835
60178,635;147,208
60178,92;148,558
60179,205;149,881
60179,49;151,173
60179,775;152,431
60180,06;153,652
60180,345;154,833
60180,63;155,97
60180,915;157,059
60181,2;158,099
60181,485;159,091
60181,77;160,035
60182,055;160,933
60182,34;161,786
60182,625;162,595
60182,91;163,361
60183,195;164,086
60183,48;164,771
60183,765;165,417
60184,05;166,025
60184,335;166,596
60184,62;167,133
60184,905;167,635
60185,19;168,104
60185,475;168,541
60185,76;168,947
60186,045;169,325
60186,33;169,674
60186,615;169,996
60186,9;170,293
60187,185;170,565
60187,47;170,814
60187,755;171,04
60188,04;171,246
60188,325;171,432
60188,61;171,599
60188,895;171,749
60189,18;171,883
60189,465;172,003
60189,75;172,108
60190,035;172,201
60190,32;172,283
60190,605;172,354
60190,89;172,417
60191,175;172,472
60191,46;172,521
60191,745;172,565
60192,03;172,604
60192,315;172,64
60192,6;172,675
60192,885;172,71
60193,17;172,745
60193,455;172,782
60193,74;172,823
60194,025;172,868
60194,31;172,918
60194,595;172,975
60194,88;173,04
60195,165;173,115
60195,45;173,2
60195,735;173,296
60196,02;173,405
60196,305;173,529
60196,59;173,667
60196,875;173,822
60197,16;173,995
60197,445;174,186
60197,73;174,397
60198,015;174,63
60198,3;174,883
60198,585;175,156
60198,87;175,449
60199,155;175,762
60199,44;176,093
60199,725;176,443
60200,01;176,811
60200,295;177,197
60200,58;177,601
60200,865;178,021
60201,15;178,458
60201,435;178,91
60201,72;179,379
60202,005;179,863
60202,29;180,361
60202,575;180,874
60202,86;181,401
60203,145;181,942
60203,43;182,495
60203,715;183,062
60204;183,641
60204,285;184,232
60204,57;184,834
60204,855;185,448
60205,14;186,072
60205,425;186,706
60205,71;187,35
60205,995;188,004
60206,28;188,667
60206,565;189,338
60206,85;190,018
60207,135;190,705
60207,42;191,4
60207,705;192,101
60207,99;192,81
60208,275;193,524
60208,56;194,244
60208,845;194,969
60209,13;195,699
60209,415;196,434
60209,7;197,173
60209,985;197,915
60210,27;198,661
60210,555;199,409
60210,84;200,16
60211,125;200,912
60211,41;201,667
60211,695;202,422
60211,98;203,178
60212,265;203,935
60212,55;204,691
60212,835;205,447
60213,12;206,202
60213,405;206,955
60213,69;207,707
60213,975;208,456
60214,26;209,203
60214,545;209,947
60214,83;210,688
60215,115;211,425
60215,4;212,159
60215,685;212,889
60215,97;213,615
60216,255;214,337
60216,54;215,056
60216,825;215,771
60217,11;216,482
60217,395;217,189
60217,68;217,891
60217,965;218,59
60218,25;219,284
60218,535;219,974
60218,82;220,66
60219,105;221,341
60219,39;222,017
60219,675;222,689
60219,96;223,357
60220,245;224,02
60220,53;224,677
60220,815;225,33
60221,1;225,979
60221,385;226,622
60221,67;227,26
60221,955;227,893
60222,24;228,52
60222,525;229,143
60222,81;229,76
60223,095;230,371
60223,38;230,978
60223,665;231,578
60223,95;232,173
60224,235;232,763
60224,52;233,346
60224,805;233,924
60225,09;234,496
60225,375;235,061
60225,66;235,621
60225,945;236,175
60226,23;236,723
60226,515;237,264
60226,8;237,799
60227,085;238,328
60227,37;238,85
60227,655;239,365
60227,94;239,874
60228,225;240,377
60228,51;240,873
60228,795;241,361
60229,08;241,843
60229,365;242,319
60229,65;242,787
60229,935;243,248
60230,22;243,702
60230,505;244,148
60230,79;244,588
60231,075;245,02
60231,36;245,444
60231,645;245,862
60231,93;246,272
60232,215;246,675
60232,5;247,071
60232,785;247,461
60233,07;247,845
60233,355;248,223
60233,64;248,595
60233,925;248,963
60234,21;249,325
60234,495;249,682
60234,78;250,035
60235,065;250,384
60235,35;250,728
60235,635;251,07
60235,92;251,407
60236,205;251,742
60236,49;252,074
60236,775;252,403
60237,06;252,73
60237,345;253,055
60237,63;253,378
60237,915;253,7
60238,2;254,021
60238,485;254,34
60238,77;254,659
60239,055;254,978
60239,34;255,297
60239,625;255,615
60239,91;255,935
60240,195;256,255
60240,48;256,576
60240,765;256,898
60241,05;257,222
60241,335;257,547
60241,62;257,875
60241,905;258,205
60242,19;258,538
60242,475;258,874
60242,76;259,213
60243,045;259,555
60243,33;259,901
60243,615;260,251
60243,9;260,606
60244,185;260,965
60244,47;261,329
60244,755;261,698
60245,04;262,072
60245,325;262,453
60245,61;262,839
60245,895;263,231
60246,18;263,63
60246,465;264,035
60246,75;264,448
60247,035;264,868
60247,32;265,295
60247,605;265,73
60247,89;266,174
60248,175;266,626
60248,46;267,086
60248,745;267,555
60249,03;268,033
60249,315;268,518
60249,6;269,011
60249,885;269,511
60250,17;270,019
60250,455;270,533
60250,74;271,055
60251,025;271,583
60251,31;272,117
60251,595;272,657
60251,88;273,203
60252,165;273,754
60252,45;274,311
60252,735;274,872
60253,02;275,439
60253,305;276,009
60253,59;276,584
60253,875;277,164
60254,16;277,746
60254,445;278,333
60254,73;278,922
60255,015;279,515
60255,3;280,11
60255,585;280,707
60255,87;281,307
60256,155;281,909
60256,44;282,513
60256,725;283,118
60257,01;283,725
60257,295;284,332
60257,58;284,94
60257,865;285,549
60258,15;286,158
60258,435;286,767
60258,72;287,375
60259,005;287,984
60259,29;288,591
60259,575;289,197
60259,86;289,802
60260,145;290,406
60260,43;291,008
60260,715;291,608
60261;292,205
60261,285;292,8
60261,57;293,393
60261,855;293,982
60262,14;294,568
60262,425;295,151
60262,71;295,73
60262,995;296,304
60263,28;296,875
60263,565;297,441
60263,85;298,002
60264,135;298,559
60264,42;299,11
60264,705;299,655
60264,99;300,195
60265,275;300,729
60265,56;301,257
60265,845;301,779
60266,13;302,295
60266,415;302,806
60266,7;303,311
60266,985;303,81
60267,27;304,304
60267,555;304,793
60267,84;305,277
60268,125;305,755
60268,41;306,229
60268,695;306,697
60268,98;307,161
60269,265;307,62
60269,55;308,074
60269,835;308,523
60270,12;308,968
60270,405;309,409
60270,69;309,846
60270,975;310,278
60271,26;310,706
60271,545;311,13
60271,83;311,551
60272,115;311,967
60272,4;312,38
60272,685;312,789
60272,97;313,194
60273,255;313,596
60273,54;313,995
60273,825;314,39
60274,11;314,783
60274,395;315,172
60274,68;315,558
60274,965;315,941
60275,25;316,322
60275,535;316,7
60275,82;317,075
60276,105;317,447
60276,39;317,817
60276,675;318,185
60276,96;318,551
60277,245;318,914
60277,53;319,276
60277,815;319,635
60278,1;319,993
60278,385;320,349
60278,67;320,703
60278,955;321,055
60279,24;321,406
60279,525;321,756
60279,81;322,104
60280,095;322,451
60280,38;322,797
60280,665;323,142
60280,95;323,486
60281,235;323,829
60281,52;324,171
60281,805;324,513
60282,09;324,854
60282,375;325,194
60282,66;325,534
60282,945;325,874
60283,23;326,214
60283,515;326,553
60283,8;326,892
60284,085;327,231
60284,37;327,57
60284,655;327,91
60284,94;328,249
60285,225;328,589
60285,51;328,929
60285,795;329,269
60286,08;329,61
60286,365;329,951
60286,65;330,293
60286,935;330,636
60287,22;330,979
60287,505;331,324
60287,79;331,669
60288,075;332,015
60288,36;332,362
60288,645;332,71
60288,93;333,06
60289,215;333,411
60289,5;333,763
60289,785;334,116
60290,07;334,471
60290,355;334,828
60290,64;335,186
60290,925;335,546
60291,21;335,908
60291,495;336,272
60291,78;336,637
60292,065;337,005
60292,35;337,375
60292,635;337,746
60292,92;338,121
60293,205;338,497
60293,49;338,876
60293,775;339,257
60294,06;339,641
60294,345;340,027
60294,63;340,416
60294,915;340,808
60295,2;341,202
60295,485;341,6
60295,77;342
60296,055;342,404
60296,34;342,811
60296,625;343,22
60296,91;343,634
60297,195;344,05
60297,48;344,47
60297,765;344,893
60298,05;345,32
60298,335;345,751
60298,62;346,185
60298,905;346,623
60299,19;347,065
60299,475;347,51
60299,76;347,959
60300,045;348,411
60300,33;348,867
60300,615;349,326
60300,9;349,788
60301,185;350,253
60301,47;350,722
60301,755;351,193
60302,04;351,666
60302,325;352,143
60302,61;352,622
60302,895;353,103
60303,18;353,587
60303,465;354,073
60303,75;354,561
60304,035;355,052
60304,32;355,544
60304,605;356,038
60304,89;356,534
60305,175;357,032
60305,46;357,531
60305,745;358,032
60306,03;358,534
60306,315;359,038
60306,6;359,543
60306,885;360,048
60307,17;360,555
60307,455;361,063
60307,74;361,571
60308,025;362,081
60308,31;362,59
60308,595;363,101
60308,88;363,612
60309,165;364,123
60309,45;364,634
60309,735;365,145
60310,02;365,657
60310,305;366,168
60310,59;366,68
60310,875;367,191
60311,16;367,701
60311,445;368,212
60311,73;368,721
60312,015;369,23
60312,3;369,738
60312,585;370,246
60312,87;370,752
60313,155;371,258
60313,44;371,762
60313,725;372,265
60314,01;372,767
60314,295;373,267
60314,58;373,766
60314,865;374,263
60315,15;374,758
60315,435;375,252
60315,72;375,743
60316,005;376,233
60316,29;376,721
60316,575;377,207
60316,86;377,69
60317,145;378,172
60317,43;378,652
60317,715;379,13
60318;379,606
60318,285;380,08
60318,57;380,552
60318,855;381,021
60319,14;381,489
60319,425;381,955
60319,71;382,419
60319,995;382,881
60320,28;383,341
60320,565;383,799
60320,85;384,255
60321,135;384,709
60321,42;385,16
60321,705;385,61
60321,99;386,058
60322,275;386,503
60322,56;386,947
60322,845;387,389
60323,13;387,828
60323,415;388,266
60323,7;388,701
60323,985;389,134
60324,27;389,566
60324,555;389,995
60324,84;390,422
60325,125;390,847
60325,41;391,27
60325,695;391,691
60325,98;392,11
60326,265;392,526
60326,55;392,941
60326,835;393,354
60327,12;393,764
60327,405;394,172
60327,69;394,578
60327,975;394,982
60328,26;395,384
60328,545;395,784
60328,83;396,182
60329,115;396,577
60329,4;396,971
60329,685;397,362
60329,97;397,751
60330,255;398,138
60330,54;398,523
60330,825;398,906
60331,11;399,286
60331,395;399,664
60331,68;400,041
60331,965;400,415
60332,25;400,786
60332,535;401,156
60332,82;401,523
60333,105;401,889
60333,39;402,253
60333,675;402,614
60333,96;402,974
60334,245;403,332
60334,53;403,689
60334,815;404,044
60335,1;404,398
60335,385;404,751
60335,67;405,102
60335,955;405,453
60336,24;405,802
60336,525;406,15
60336,81;406,498
60337,095;406,845
60337,38;407,191
60337,665;407,537
60337,95;407,882
60338,235;408,227
60338,52;408,571
60338,805;408,916
60339,09;409,26
60339,375;409,605
60339,66;409,949
60339,945;410,294
60340,23;410,639
60340,515;410,985
60340,8;411,331
60341,085;411,677
60341,37;412,025
60341,655;412,373
60341,94;412,722
60342,225;413,072
60342,51;413,423
60342,795;413,775
60343,08;414,128
60343,365;414,483
60343,65;414,839
60343,935;415,197
60344,22;415,556
60344,505;415,917
60344,79;416,28
60345,075;416,645
60345,36;417,011
60345,645;417,38
60345,93;417,751
60346,215;418,125
60346,5;418,5
60346,785;418,878
60347,07;419,259
60347,355;419,642
60347,64;420,029
60347,925;420,418
60348,21;420,809
60348,495;421,204
60348,78;421,602
60349,065;422,004
60349,35;422,408
60349,635;422,816
60349,92;423,227
60350,205;423,642
60350,49;424,059
60350,775;424,48
60351,06;424,904
60351,345;425,331
60351,63;425,761
60351,915;426,194
60352,2;426,63
60352,485;427,068
60352,77;427,51
60353,055;427,954
60353,34;428,401
60353,625;428,851
60353,91;429,303
60354,195;429,758
60354,48;430,215
60354,765;430,675
60355,05;431,138
60355,335;431,602
60355,62;432,069
60355,905;432,539
60356,19;433,01
60356,475;433,484
60356,76;433,96
60357,045;434,439
60357,33;434,919
60357,615;435,401
60357,9;435,885
60358,185;436,371
60358,47;436,859
60358,755;437,349
60359,04;437,841
60359,325;438,334
60359,61;438,829
60359,895;439,326
60360,18;439,825
60360,465;440,324
60360,75;440,826
60361,035;441,329
60361,32;441,833
60361,605;442,339
60361,89;442,846
60362,175;443,354
60362,46;443,863
60362,745;444,374
60363,03;444,886
60363,315;445,398
60363,6;445,912
60363,885;446,427
60364,17;446,943
60364,455;447,46
60364,74;447,977
60365,025;448,496
60365,31;449,015
60365,595;449,535
60365,88;450,055
60366,165;450,576
60366,45;451,098
60366,735;451,62
60367,02;452,142
60367,305;452,665
60367,59;453,187
60367,875;453,71
60368,16;454,232
60368,445;454,754
60368,73;455,276
60369,015;455,796
60369,3;456,317
60369,585;456,836
60369,87;457,354
60370,155;457,872
60370,44;458,388
60370,725;458,903
60371,01;459,416
60371,295;459,928
60371,58;460,438
60371,865;460,946
60372,15;461,453
60372,435;461,957
60372,72;462,459
60373,005;462,959
60373,29;463,456
60373,575;463,951
60373,86;464,443
60374,145;464,932
60374,43;465,418
60374,715;465,902
60375;466,382
60375,285;466,858
60375,57;467,332
60375,855;467,802
60376,14;468,268
60376,425;468,73
60376,71;469,188
60376,995;469,643
60377,28;470,093
60377,565;470,539
60377,85;470,98
60378,135;471,417
60378,42;471,849
60378,705;472,277
60378,99;472,699
60379,275;473,117
60379,56;473,529
60379,845;473,936
60380,13;474,338
60380,415;474,734
60380,7;475,124
60380,985;475,509
60381,27;475,887
60381,555;476,26
60381,84;476,626
60382,125;476,987
60382,41;477,341
60382,695;477,688
60382,98;478,028
60383,265;478,362
60383,55;478,69
60383,835;479,011
60384,12;479,326
60384,405;479,635
60384,69;479,939
60384,975;480,236
60385,26;480,529
60385,545;480,816
60385,83;481,098
60386,115;481,375
60386,4;481,647
60386,685;481,915
60386,97;482,179
60387,255;482,438
60387,54;482,694
60387,825;482,945
60388,11;483,193
60388,395;483,438
60388,68;483,679
60388,965;483,917
60389,25;484,152
60389,535;484,385
60389,82;484,615
60390,105;484,842
60390,39;485,067
60390,675;485,291
60390,96;485,512
60391,245;485,732
60391,53;485,95
60391,815;486,167
60392,1;486,383
60392,385;486,598
60392,67;486,812
60392,955;487,026
60393,24;487,239
60393,525;487,452
60393,81;487,665
60394,095;487,878
60394,38;488,091
60394,665;488,305
60394,95;488,519
60395,235;488,735
60395,52;488,951
60395,805;489,168
60396,09;489,387
60396,375;489,608
60396,66;489,83
60396,945;490,054
60397,23;490,28
60397,515;490,508
60397,8;490,739
60398,085;490,972
60398,37;491,209
60398,655;491,448
60398,94;491,69
60399,225;491,936
60399,51;492,185
60399,795;492,438
60400,08;492,695
60400,365;492,955
60400,65;493,22
60400,935;493,488
60401,22;493,76
60401,505;494,036
60401,79;494,316
60402,075;494,599
60402,36;494,887
60402,645;495,178
60402,93;495,473
60403,215;495,772
60403,5;496,075
60403,785;496,382
60404,07;496,692
60404,355;497,007
60404,64;497,325
60404,925;497,648
60405,21;497,974
60405,495;498,304
60405,78;498,638
60406,065;498,976
60406,35;499,318
60406,635;499,664
60406,92;500,013
60407,205;500,367
60407,49;500,724
60407,775;501,086
60408,06;501,451
60408,345;501,82
60408,63;502,194
60408,915;502,571
60409,2;502,952
60409,485;503,337
60409,77;503,726
60410,055;504,119
60410,34;504,516
60410,625;504,917
60410,91;505,322
60411,195;505,731
60411,48;506,144
60411,765;506,561
60412,05;506,982
60412,335;507,407
60412,62;507,836
60412,905;508,269
60413,19;508,706
60413,475;509,147
60413,76;509,591
60414,045;510,04
60414,33;510,493
60414,615;510,95
60414,9;511,411
60415,185;511,877
60415,47;512,346
60415,755;512,819
60416,04;513,296
60416,325;513,777
60416,61;514,263
60416,895;514,752
60417,18;515,245
60417,465;515,741
60417,75;516,241
60418,035;516,744
60418,32;517,249
60418,605;517,756
60418,89;518,265
60419,175;518,776
60419,46;519,289
60419,745;519,802
60420,03;520,317
60420,315;520,832
60420,6;521,347
60420,885;521,863
60421,17;522,378
60421,455;522,893
60421,74;523,407
60422,025;523,919
60422,31;524,43
60422,595;524,94
60422,88;525,448
60423,165;525,953
60423,45;526,456
60423,735;526,956
60424,02;527,453
60424,305;527,946
60424,59;528,436
60424,875;528,922
60425,16;529,404
60425,445;529,881
60425,73;530,353
60426,015;530,821
60426,3;531,283
60426,585;531,739
60426,87;532,189
60427,155;532,633
60427,44;533,071
60427,725;533,502
60428,01;533,925
60428,295;534,342
60428,58;534,75
60428,865;535,151
60429,15;535,544
60429,435;535,928
60429,72;536,303
60430,005;536,669
60430,29;537,026
60430,575;537,373
60430,86;537,71
60431,145;538,037
60431,43;538,354
60431,715;538,66
60432;538,955
60432,285;539,238
60432,57;539,51
60432,855;539,77
60433,14;540,017
60433,425;540,253
60433,71;540,475
60433,995;540,685
60434,28;540,883
60434,565;541,069
60434,85;541,242
60435,135;541,404
60435,42;541,554
60435,705;541,692
60435,99;541,819
60436,275;541,935
60436,56;542,04
60436,845;542,133
60437,13;542,216
60437,415;542,289
60437,7;542,351
60437,985;542,403
60438,27;542,445
60438,555;542,477
60438,84;542,499
60439,125;542,512
60439,41;542,515
60439,695;542,509
60439,98;542,494
60440,265;542,47
60440,55;542,437
60440,835;542,395
60441,12;542,346
60441,405;542,287
60441,69;542,221
60441,975;542,147
60442,26;542,065
60442,545;541,976
60442,83;541,879
60443,115;541,774
60443,4;541,663
60443,685;541,544
60443,97;541,419
60444,255;541,287
60444,54;541,149
60444,825;541,005
60445,11;540,854
60445,395;540,697
60445,68;540,535
60445,965;540,366
60446,25;540,193
60446,535;540,014
60446,82;539,829
60447,105;539,64
60447,39;539,446
60447,675;539,248
60447,96;539,044
60448,245;538,837
60448,53;538,625
60448,815;538,409
60449,1;538,19
60449,385;537,967
60449,67;537,74
60449,955;537,51
60450,24;537,276
60450,525;537,04
60450,81;536,801
60451,095;536,559
60451,38;536,314
60451,665;536,067
60451,95;535,817
60452,235;535,566
60452,52;535,312
60452,805;535,056
60453,09;534,799
60453,375;534,54
60453,66;534,279
60453,945;534,017
60454,23;533,754
60454,515;533,49
60454,8;533,225
60455,085;532,959
60455,37;532,692
60455,655;532,425
60455,94;532,157
60456,225;531,89
60456,51;531,622
60456,795;531,354
60457,08;531,086
60457,365;530,819
60457,65;530,552
60457,935;530,286
60458,22;530,02
60458,505;529,756
60458,79;529,492
60459,075;529,229
60459,36;528,968
60459,645;528,708
60459,93;528,45
60460,215;528,194
60460,5;527,939
60460,785;527,686
60461,07;527,436
60461,355;527,188
60461,64;526,942
60461,925;526,699
60462,21;526,458
60462,495;526,22
60462,78;525,986
60463,065;525,754
60463,35;525,525
60463,635;525,3
60463,92;525,079
60464,205;524,861
60464,49;524,647
60464,775;524,437
60465,06;524,231
60465,345;524,029
60465,63;523,832
60465,915;523,639
60466,2;523,451
60466,485;523,268
60466,77;523,089
60467,055;522,916
60467,34;522,747
60467,625;522,584
60467,91;522,424
60468,195;522,269
60468,48;522,116
60468,765;521,967
60469,05;521,819
60469,335;521,674
60469,62;521,529
60469,905;521,386
60470,19;521,243
60470,475;521,099
60470,76;520,955
60471,045;520,81
60471,33;520,663
60471,615;520,514
60471,9;520,362
60472,185;520,207
60472,47;520,049
60472,755;519,886
60473,04;519,719
60473,325;519,547
60473,61;519,369
60473,895;519,185
60474,18;518,995
60474,465;518,797
60474,75;518,592
60475,035;518,379
60475,32;518,158
60475,605;517,927
60475,89;517,687
60476,175;517,437
60476,46;517,177
60476,745;516,905
60477,03;516,622
60477,315;516,328
60477,6;516,02
60477,885;515,7
60478,17;515,367
60478,455;515,019
60478,74;514,657
60479,025;514,281
60479,31;513,889
60479,595;513,481
60479,88;513,057
60480,165;512,616
60480,45;512,157
60480,735;511,681
60481,02;511,186
60481,305;510,673
60481,59;510,141
60481,875;509,588
60482,16;509,016
60482,445;508,422
60482,73;507,808
60483,015;507,172
60483,3;506,513
60483,585;505,832
60483,87;505,127
60484,155;504,4
60484,44;503,648
60484,725;502,875
60485,01;502,079
60485,295;501,262
60485,58;500,424
60485,865;499,565
60486,15;498,687
60486,435;497,79
60486,72;496,874
60487,005;495,94
60487,29;494,989
60487,575;494,02
60487,86;493,035
60488,145;492,035
60488,43;491,019
60488,715;489,989
60489;488,945
60489,285;487,887
60489,57;486,816
60489,855;485,733
60490,14;484,638
60490,425;483,532
60490,71;482,415
60490,995;481,288
60491,28;480,152
60491,565;479,007
60491,85;477,853
60492,135;476,692
60492,42;475,523
60492,705;474,348
60492,99;473,166
60493,275;471,979
60493,56;470,788
60493,845;469,591
60494,13;468,391
60494,415;467,188
60494,7;465,982
60494,985;464,774
60495,27;463,564
60495,555;462,354
60495,84;461,143
60496,125;459,932
60496,41;458,722
60496,695;457,513
60496,98;456,306
60497,265;455,101
60497,55;453,9
60497,835;452,702
60498,12;451,508
60498,405;450,32
60498,69;449,136
60498,975;447,958
60499,26;446,787
60499,545;445,622
60499,83;444,465
60500,115;443,317
60500,4;442,177
60500,685;441,046
60500,97;439,925
60501,255;438,814
60501,54;437,713
60501,825;436,621
60502,11;435,539
60502,395;434,467
60502,68;433,404
60502,965;432,35
60503,25;431,306
60503,535;430,271
60503,82;429,245
60504,105;428,228
60504,39;427,22
60504,675;426,22
60504,96;425,23
60505,245;424,248
60505,53;423,276
60505,815;422,311
60506,1;421,355
60506,385;420,408
60506,67;419,469
60506,955;418,538
60507,24;417,615
60507,525;416,7
60507,81;415,794
60508,095;414,895
60508,38;414,004
60508,665;413,121
60508,95;412,246
60509,235;411,378
60509,52;410,518
60509,805;409,665
60510,09;408,82
60510,375;407,982
60510,66;407,151
60510,945;406,327
60511,23;405,51
60511,515;404,701
60511,8;403,898
60512,085;403,102
60512,37;402,313
60512,655;401,53
60512,94;400,754
60513,225;399,985
60513,51;399,222
60513,795;398,465
60514,08;397,714
60514,365;396,97
60514,65;396,232
60514,935;395,5
60515,22;394,773
60515,505;394,053
60515,79;393,338
60516,075;392,629
60516,36;391,926
60516,645;391,228
60516,93;390,536
60517,215;389,849
60517,5;389,168
60517,785;388,491
60518,07;387,82
60518,355;387,153
60518,64;386,491
60518,925;385,833
60519,21;385,178
60519,495;384,528
60519,78;383,88
60520,065;383,236
60520,35;382,594
60520,635;381,955
60520,92;381,318
60521,205;380,683
60521,49;380,049
60521,775;379,417
60522,06;378,786
60522,345;378,156
60522,63;377,526
60522,915;376,896
60523,2;376,266
60523,485;375,636
60523,77;375,006
60524,055;374,374
60524,34;373,741
60524,625;373,107
60524,91;372,471
60525,195;371,833
60525,48;371,193
60525,765;370,55
60526,05;369,904
60526,335;369,255
60526,62;368,602
60526,905;367,946
60527,19;367,286
60527,475;366,622
60527,76;365,953
60528,045;365,279
60528,33;364,6
60528,615;363,916
60528,9;363,226
60529,185;362,53
60529,47;361,828
60529,755;361,119
60530,04;360,404
60530,325;359,681
60530,61;358,951
60530,895;358,214
60531,18;357,468
60531,465;356,714
60531,75;355,952
60532,035;355,181
60532,32;354,401
60532,605;353,612
60532,89;352,813
60533,175;352,004
60533,46;351,185
60533,745;350,356
60534,03;349,516
60534,315;348,664
60534,6;347,802
60534,885;346,929
60535,17;346,044
60535,455;345,149
60535,74;344,243
60536,025;343,328
60536,31;342,402
60536,595;341,467
60536,88;340,522
60537,165;339,568
60537,45;338,606
60537,735;337,634
60538,02;336,655
60538,305;335,667
60538,59;334,671
60538,875;333,668
60539,16;332,657
60539,445;331,639
60539,73;330,615
60540,015;329,584
60540,3;328,546
60540,585;327,502
60540,87;326,453
60541,155;325,398
60541,44;324,337
60541,725;323,272
60542,01;322,201
60542,295;321,127
60542,58;320,047
60542,865;318,964
60543,15;317,877
60543,435;316,786
60543,72;315,692
60544,005;314,596
60544,29;313,496
60544,575;312,393
60544,86;311,289
60545,145;310,182
60545,43;309,074
60545,715;307,964
60546;306,853
60546,285;305,74
60546,57;304,627
60546,855;303,514
60547,14;302,4
60547,425;301,287
60547,71;300,173
60547,995;299,06
60548,28;297,948
60548,565;296,837
60548,85;295,727
60549,135;294,618
60549,42;293,512
60549,705;292,407
60549,99;291,305
60550,275;290,205
60550,56;289,108
60550,845;288,014
60551,13;286,923
60551,415;285,836
60551,7;284,753
60551,985;283,673
60552,27;282,597
60552,555;281,525
60552,84;280,457
60553,125;279,394
60553,41;278,334
60553,695;277,278
60553,98;276,227
60554,265;275,18
60554,55;274,137
60554,835;273,099
60555,12;272,066
60555,405;271,037
60555,69;270,013
60555,975;268,993
60556,26;267,979
60556,545;266,969
60556,83;265,965
60557,115;264,965
60557,4;263,971
60557,685;262,982
60557,97;261,998
60558,255;261,019
60558,54;260,046
60558,825;259,079
60559,11;258,117
60559,395;257,16
60559,68;256,21
60559,965;255,265
60560,25;254,326
60560,535;253,393
60560,82;252,466
60561,105;251,545
60561,39;250,63
60561,675;249,722
60561,96;248,82
60562,245;247,924
60562,53;247,035
60562,815;246,152
60563,1;245,276
60563,385;244,406
60563,67;243,544
60563,955;242,688
60564,24;241,839
60564,525;240,997
60564,81;240,162
60565,095;239,334
60565,38;238,513
60565,665;237,7
60565,95;236,894
60566,235;236,095
60566,52;235,304
60566,805;234,52
60567,09;233,744
60567,375;232,976
60567,66;232,215
60567,945;231,462
60568,23;230,718
60568,515;229,981
60568,8;229,251
60569,085;228,529
60569,37;227,813
60569,655;227,104
60569,94;226,401
60570,225;225,704
60570,51;225,013
60570,795;224,327
60571,08;223,647
60571,365;222,97
60571,65;222,299
60571,935;221,631
60572,22;220,968
60572,505;220,307
60572,79;219,65
60573,075;218,996
60573,36;218,345
60573,645;217,696
60573,93;217,048
60574,215;216,403
60574,5;215,759
60574,785;215,116
60575,07;214,474
60575,355;213,832
60575,64;213,191
60575,925;212,549
60576,21;211,907
60576,495;211,264
60576,78;210,62
60577,065;209,975
60577,35;209,328
60577,635;208,68
60577,92;208,029
60578,205;207,375
60578,49;206,719
60578,775;206,059
60579,06;205,396
60579,345;204,73
60579,63;204,059
60579,915;203,384
60580,2;202,704
60580,485;202,019
60580,77;201,329
60581,055;200,633
60581,34;199,932
60581,625;199,224
60581,91;198,51
60582,195;197,789
60582,48;197,061
60582,765;196,325
60583,05;195,582
60583,335;194,831
60583,62;194,071
60583,905;193,303
60584,19;192,526
60584,475;191,74
60584,76;190,944
60585,045;190,138
60585,33;189,323
60585,615;188,498
60585,9;187,663
60586,185;186,819
60586,47;185,966
60586,755;185,104
60587,04;184,233
60587,325;183,354
60587,61;182,466
60587,895;181,57
60588,18;180,666
60588,465;179,754
60588,75;178,835
60589,035;177,908
60589,32;176,973
60589,605;176,032
60589,89;175,084
60590,175;174,129
60590,46;173,167
60590,745;172,199
60591,03;171,225
60591,315;170,245
60591,6;169,259
60591,885;168,267
60592,17;167,27
60592,455;166,267
60592,74;165,26
60593,025;164,247
60593,31;163,23
60593,595;162,209
60593,88;161,183
60594,165;160,152
60594,45;159,118
60594,735;158,08
60595,02;157,039
60595,305;155,994
60595,59;154,945
60595,875;153,894
60596,16;152,84
60596,445;151,783
60596,73;150,723
60597,015;149,661
60597,3;148,597
60597,585;147,531
60597,87;146,464
60598,155;145,394
60598,44;144,324
60598,725;143,252
60599,01;142,179
60599,295;141,105
60599,58;140,03
60599,865;138,955
60600,15;137,88
60600,435;136,804
60600,72;135,729
60601,005;134,653
60601,29;133,578
60601,575;132,504
60601,86;131,431
60602,145;130,358
60602,43;129,287
60602,715;128,217
60603;127,149
60603,285;126,083
60603,57;125,019
60603,855;123,957
60604,14;122,898
60604,425;121,841
60604,71;120,788
60604,995;119,737
60605,28;118,69
60605,565;117,647
60605,85;116,608
60606,135;115,573
60606,42;114,542
60606,705;113,516
60606,99;112,494
60607,275;111,478
60607,56;110,467
60607,845;109,461
60608,13;108,461
60608,415;107,466
60608,7;106,478
60608,985;105,497
60609,27;104,522
60609,555;103,553
60609,84;102,592
60610,125;101,638
60610,41;100,691
60610,695;99,752
60610,98;98,821
60611,265;97,898
60611,55;96,984
60611,835;96,078
60612,12;95,181
60612,405;94,293
60612,69;93,414
60612,975;92,545
60613,26;91,685
60613,545;90,835
60613,83;89,996
60614,115;89,167
60614,4;88,348
60614,685;87,54
60614,97;86,744
60615,255;85,958
60615,54;85,184
60615,825;84,422
60616,11;83,672
60616,395;82,933
60616,68;82,208
60616,965;81,495
60617,25;80,794
60617,535;80,107
60617,82;79,433
60618,105;78,772
60618,39;78,126
60618,675;77,493
60618,96;76,874
60619,245;76,269
60619,53;75,677
60619,815;75,099
60620,1;74,534
60620,385;73,982
60620,67;73,442
60620,955;72,915
60621,24;72,4
60621,525;71,896
60621,81;71,405
60622,095;70,925
60622,38;70,456
60622,665;69,998
60622,95;69,551
60623,235;69,115
60623,52;68,689
60623,805;68,273
60624,09;67,867
60624,375;67,47
60624,66;67,083
60624,945;66,706
60625,23;66,337
60625,515;65,977
60625,8;65,625
60626,085;65,282
60626,37;64,946
60626,655;64,619
60626,94;64,299
60627,225;63,986
60627,51;63,681
60627,795;63,383
60628,08;63,091
60628,365;62,805
60628,65;62,526
60628,935;62,253
60629,22;61,986
60629,505;61,724
60629,79;61,468
60630,075;61,216
60630,36;60,969
60630,645;60,728
60630,93;60,49
60631,215;60,257
60631,5;60,027
60631,785;59,801
60632,07;59,579
60632,355;59,36
60632,64;59,144
60632,925;58,931
60633,21;58,72
60633,495;58,512
60633,78;58,306
60634,065;58,101
60634,35;57,899
60634,635;57,697
60634,92;57,497
60635,205;57,298
60635,49;57,1
60635,775;56,902
60636,06;56,706
60636,345;56,511
60636,63;56,318
60636,915;56,127
60637,2;55,939
60637,485;55,755
60637,77;55,574
60638,055;55,397
60638,34;55,224
60638,625;55,056
60638,91;54,894
60639,195;54,737
60639,48;54,586
60639,765;54,442
60640,05;54,304
60640,335;54,174
60640,62;54,052
60640,905;53,937
60641,19;53,832
60641,475;53,735
60641,76;53,647
60642,045;53,57
60642,33;53,502
60642,615;53,445
60642,9;53,399
60643,185;53,365
60643,47;53,342
60643,755;0
60644,04;53,333
60644,325;53,349
60644,61;53,377
60644,895;53,42
60645,18;53,477
60645,465;53,548
60645,75;53,635
60646,035;53,737
60646,32;53,855
60646,605;53,99
60646,89;54,141
60647,175;54,309
60647,46;54,495
60647,745;54,699
60648,03;54,921
60648,315;55,162
60648,6;55,423
60648,885;55,703
60649,17;56,003
60649,455;56,323
60649,74;56,664
60650,025;57,027
60650,31;57,411
60650,595;57,818
60650,88;58,247
60651,165;58,698
60651,45;59,174
60651,735;59,673
60652,02;60,196
60652,305;60,743
60652,59;61,315
60652,875;61,911
60653,16;62,53
60653,445;63,172
60653,73;63,834
60654,015;64,517
60654,3;65,22
60654,585;65,942
60654,87;66,682
60655,155;67,439
60655,44;68,213
60655,725;69,002
60656,01;69,807
60656,295;70,625
60656,58;71,456
60656,865;72,3
60657,15;73,156
60657,435;74,022
60657,72;74,898
60658,005;75,783
60658,29;76,677
60658,575;77,578
60658,86;78,485
60659,145;79,399
60659,43;80,317
60659,715;81,24
60660;82,166
60660,285;83,095
60660,57;84,026
60660,855;84,957
60661,14;85,889
60661,425;86,82
60661,71;87,749
60661,995;88,676
60662,28;89,6
60662,565;90,52
60662,85;91,435
60663,135;92,345
60663,42;93,248
60663,705;94,144
60663,99;95,032
60664,275;95,911
60664,56;96,78
60664,845;97,639
60665,13;98,487
60665,415;99,322
60665,7;100,145
60665,985;100,954
60666,27;101,748
60666,555;102,526
60666,84;103,289
60667,125;104,035
60667,41;104,762
60667,695;105,471
60667,98;106,161
60668,265;106,83
60668,55;107,478
60668,835;108,104
60669,12;108,707
60669,405;109,288
60669,69;109,845
60669,975;110,382
60670,26;110,898
60670,545;111,394
60670,83;111,871
60671,115;112,33
60671,4;112,772
60671,685;113,198
60671,97;113,609
60672,255;114,005
60672,54;114,387
60672,825;114,757
60673,11;115,115
60673,395;115,462
60673,68;115,799
60673,965;116,126
60674,25;116,446
60674,535;116,757
60674,82;117,063
60675,105;117,362
60675,39;117,657
60675,675;117,948
60675,96;118,235
60676,245;118,521
60676,53;118,805
60676,815;119,089
60677,1;119,373
60677,385;119,659
60677,67;119,946
60677,955;120,237
60678,24;120,532
60678,525;120,831
60678,81;121,137
60679,095;121,448
60679,38;121,768
60679,665;122,095
60679,95;122,432
60680,235;122,779
60680,52;123,137
60680,805;123,506
60681,09;123,889
60681,375;124,284
60681,66;124,695
60681,945;125,121
60682,23;125,563
60682,515;126,022
60682,8;126,499
60683,085;126,995
60683,37;127,51
60683,655;128,047
60683,94;128,604
60684,225;129,184
60684,51;129,788
60684,795;130,415
60685,08;131,067
60685,365;131,746
60685,65;132,451
60685,935;133,183
60686,22;133,944
60686,505;134,733
60686,79;135,549
60687,075;136,392
60687,36;137,262
60687,645;138,158
60687,93;139,079
60688,215;140,026
60688,5;140,998
60688,785;141,994
60689,07;143,014
60689,355;144,057
60689,64;145,124
60689,925;146,213
60690,21;147,324
60690,495;148,457
60690,78;149,611
60691,065;150,786
60691,35;151,982
60691,635;153,197
60691,92;154,432
60692,205;155,687
60692,49;156,959
60692,775;158,25
60693,06;159,559
60693,345;160,885
60693,63;162,228
60693,915;163,588
60694,2;164,963
60694,485;166,354
60694,77;167,761
60695,055;169,182
60695,34;170,617
60695,625;172,066
60695,91;173,528
60696,195;175,003
60696,48;176,491
60696,765;177,991
60697,05;179,503
60697,335;181,025
60697,62;182,559
60697,905;184,102
60698,19;185,656
60698,475;187,219
60698,76;188,791
60699,045;190,371
60699,33;191,96
60699,615;193,556
60699,9;195,16
60700,185;196,77
60700,47;198,387
60700,755;200,009
60701,04;201,637
60701,325;203,27
60701,61;204,908
60701,895;206,55
60702,18;208,195
60702,465;209,844
60702,75;211,496
60703,035;213,15
60703,32;214,805
60703,605;216,462
60703,89;218,119
60704,175;219,775
60704,46;221,431
60704,745;223,085
60705,03;224,736
60705,315;226,385
60705,6;228,03
60705,885;229,67
60706,17;231,305
60706,455;232,934
60706,74;234,557
60707,025;236,173
60707,31;237,781
60707,595;239,381
60707,88;240,971
60708,165;242,552
60708,45;244,122
60708,735;245,681
60709,02;247,228
60709,305;248,762
60709,59;250,283
60709,875;251,79
60710,16;253,283
60710,445;254,76
60710,73;256,222
60711,015;257,667
60711,3;259,094
60711,585;260,504
60711,87;261,894
60712,155;263,266
60712,44;264,617
60712,725;265,948
60713,01;267,257
60713,295;268,544
60713,58;269,809
60713,865;271,05
60714,15;272,267
60714,435;273,459
60714,72;274,626
60715,005;275,767
60715,29;276,881
60715,575;277,967
60715,86;279,025
60716,145;280,054
60716,43;281,054
60716,715;282,024
60717;282,962
60717,285;283,87
60717,57;284,744
60717,855;285,586
60718,14;286,395
60718,425;287,169
60718,71;287,908
60718,995;288,611
60719,28;289,279
60719,565;289,909
60719,85;290,502
60720,135;291,058
60720,42;291,58
60720,705;292,068
60720,99;292,525
60721,275;292,951
60721,56;293,347
60721,845;293,717
60722,13;294,06
60722,415;294,378
60722,7;294,673
60722,985;294,946
60723,27;295,198
60723,555;295,432
60723,84;295,648
60724,125;295,848
60724,41;296,033
60724,695;296,205
60724,98;296,365
60725,265;296,514
60725,55;296,655
60725,835;296,788
60726,12;296,915
60726,405;297,038
60726,69;297,157
60726,975;297,274
60727,26;297,391
60727,545;297,51
60727,83;297,63
60728,115;297,755
60728,4;297,885
60728,685;298,022
60728,97;298,167
60729,255;298,322
60729,54;298,488
60729,825;298,667
60730,11;298,86
60730,395;299,068
60730,68;299,293
60730,965;299,536
60731,25;299,8
60731,535;300,084
60731,82;300,391
60732,105;300,722
60732,39;301,079
60732,675;301,463
60732,96;301,875
60733,245;302,316
60733,53;302,79
60733,815;303,295
60734,1;303,835
60734,385;304,411
60734,67;305,023
60734,955;305,674
60735,24;306,365
60735,525;307,098
60735,81;307,873
60736,095;308,692
60736,38;309,557
60736,665;310,468
60736,95;311,426
60737,235;312,428
60737,52;313,474
60737,805;314,562
60738,09;315,691
60738,375;316,86
60738,66;318,067
60738,945;319,312
60739,23;320,592
60739,515;321,907
60739,8;323,256
60740,085;324,636
60740,37;326,048
60740,655;327,489
60740,94;328,958
60741,225;330,455
60741,51;331,978
60741,795;333,525
60742,08;335,095
60742,365;336,688
60742,65;338,301
60742,935;339,934
60743,22;341,585
60743,505;343,253
60743,79;344,937
60744,075;346,635
60744,36;348,347
60744,645;350,071
60744,93;351,805
60745,215;353,549
60745,5;355,301
60745,785;357,06
60746,07;358,825
60746,355;360,594
60746,64;362,366
60746,925;364,14
60747,21;365,915
60747,495;367,689
60747,78;369,461
60748,065;371,23
60748,35;372,995
60748,635;374,754
60748,92;376,506
60749,205;378,25
60749,49;379,985
60749,775;381,709
60750,06;383,42
60750,345;385,119
60750,63;386,803
60750,915;388,471
60751,2;390,123
60751,485;391,756
60751,77;393,369
60752,055;394,962
60752,34;396,533
60752,625;398,08
60752,91;399,603
60753,195;401,1
60753,48;402,57
60753,765;404,013
60754,05;405,43
60754,335;406,82
60754,62;408,184
60754,905;409,524
60755,19;410,838
60755,475;412,127
60755,76;413,392
60756,045;414,634
60756,33;415,852
60756,615;417,047
60756,9;418,219
60757,185;419,369
60757,47;420,497
60757,755;421,603
60758,04;422,689
60758,325;423,753
60758,61;424,798
60758,895;425,822
60759,18;426,827
60759,465;427,812
60759,75;428,779
60760,035;429,727
60760,32;430,657
60760,605;431,57
60760,89;432,465
60761,175;433,344
60761,46;434,206
60761,745;435,052
60762,03;435,882
60762,315;436,697
60762,6;437,497
60762,885;438,282
60763,17;439,054
60763,455;439,811
60763,74;440,555
60764,025;441,286
60764,31;442,005
60764,595;442,711
60764,88;443,406
60765,165;444,089
60765,45;444,761
60765,735;445,422
60766,02;446,073
60766,305;446,715
60766,59;447,346
60766,875;447,969
60767,16;448,583
60767,445;449,188
60767,73;449,786
60768,015;450,376
60768,3;450,959
60768,585;451,535
60768,87;452,105
60769,155;452,669
60769,44;453,227
60769,725;453,779
60770,01;454,328
60770,295;454,871
60770,58;455,41
60770,865;455,946
60771,15;456,477
60771,435;457,006
60771,72;457,53
60772,005;458,052
60772,29;458,571
60772,575;459,087
60772,86;459,601
60773,145;460,113
60773,43;460,622
60773,715;461,13
60774;461,637
60774,285;462,142
60774,57;462,646
60774,855;463,149
60775,14;463,652
60775,425;464,154
60775,71;464,656
60775,995;465,159
60776,28;465,661
60776,565;466,164
60776,85;466,668
60777,135;467,172
60777,42;467,678
60777,705;468,185
60777,99;468,694
60778,275;469,205
60778,56;469,717
60778,845;470,232
60779,13;470,75
60779,415;471,27
60779,7;471,794
60779,985;472,32
60780,27;472,85
60780,555;473,383
60780,84;473,921
60781,125;474,462
60781,41;475,008
60781,695;475,558
60781,98;476,113
60782,265;476,673
60782,55;477,239
60782,835;477,809
60783,12;478,386
60783,405;478,968
60783,69;479,556
60783,975;480,151
60784,26;480,752
60784,545;481,36
60784,83;481,975
60785,115;482,597
60785,4;483,227
60785,685;483,864
60785,97;484,509
60786,255;485,162
60786,54;485,824
60786,825;486,494
60787,11;487,173
60787,395;487,861
60787,68;488,556
60787,965;489,259
60788,25;489,97
60788,535;490,687
60788,82;491,41
60789,105;492,14
60789,39;492,874
60789,675;493,614
60789,96;494,359
60790,245;495,107
60790,53;495,859
60790,815;496,614
60791,1;497,373
60791,385;498,133
60791,67;498,895
60791,955;499,659
60792,24;500,424
60792,525;501,189
60792,81;501,955
60793,095;502,72
60793,38;503,485
60793,665;504,248
60793,95;505,01
60794,235;505,769
60794,52;506,526
60794,805;507,28
60795,09;508,031
60795,375;508,778
60795,66;509,52
60795,945;510,258
60796,23;510,99
60796,515;511,717
60796,8;512,438
60797,085;513,153
60797,37;513,86
60797,655;514,56
60797,94;515,252
60798,225;515,936
60798,51;516,611
60798,795;517,278
60799,08;517,934
60799,365;518,58
60799,65;519,216
60799,935;519,841
60800,22;520,455
60800,505;521,057
60800,79;521,646
60801,075;522,223
60801,36;522,787
60801,645;523,337
60801,93;523,873
60802,215;524,395
60802,5;524,901
60802,785;525,393
60803,07;525,868
60803,355;526,328
60803,64;526,77
60803,925;527,196
60804,21;527,605
60804,495;527,996
60804,78;528,372
60805,065;528,731
60805,35;529,074
60805,635;529,402
60805,92;529,714
60806,205;530,012
60806,49;530,295
60806,775;530,564
60807,06;530,819
60807,345;531,06
60807,63;531,287
60807,915;531,502
60808,2;531,704
60808,485;531,894
60808,77;532,071
60809,055;532,237
60809,34;532,391
60809,625;532,534
60809,91;532,666
60810,195;532,787
60810,48;532,898
60810,765;532,999
60811,05;533,091
60811,335;533,173
60811,62;533,247
60811,905;533,311
60812,19;533,367
60812,475;533,415
60812,76;533,455
60813,045;533,488
60813,33;533,514
60813,615;533,533
60813,9;533,545
60814,185;533,551
60814,47;533,551
60814,755;533,545
60815,04;533,534
60815,325;533,518
60815,61;533,498
60815,895;533,473
60816,18;533,444
60816,465;533,411
60816,75;533,375
60817,035;533,336
60817,32;533,293
60817,605;533,249
60817,89;533,202
60818,175;533,153
60818,46;533,102
60818,745;533,051
60819,03;532,998
60819,315;532,945
60819,6;532,891
60819,885;532,837
60820,17;532,784
60820,455;532,731
60820,74;532,679
60821,025;532,628
60821,31;532,578
60821,595;532,528
60821,88;532,479
60822,165;532,431
60822,45;532,382
60822,735;532,334
60823,02;532,286
60823,305;532,238
60823,59;532,189
60823,875;532,141
60824,16;532,091
60824,445;532,041
60824,73;531,991
60825,015;531,939
60825,3;531,887
60825,585;531,833
60825,87;531,778
60826,155;531,721
60826,44;531,663
60826,725;531,604
60827,01;531,542
60827,295;531,479
60827,58;531,413
60827,865;531,346
60828,15;531,276
60828,435;531,204
60828,72;531,129
60829,005;531,051
60829,29;530,97
60829,575;530,887
60829,86;530,8
60830,145;530,71
60830,43;530,617
60830,715;530,52
60831;530,42
60831,285;530,316
60831,57;530,208
60831,855;530,096
60832,14;529,979
60832,425;529,859
60832,71;529,734
60832,995;529,605
60833,28;529,471
60833,565;529,332
60833,85;529,188
60834,135;529,039
60834,42;528,885
60834,705;528,725
60834,99;528,56
60835,275;528,39
60835,56;528,214
60835,845;528,032
60836,13;527,844
60836,415;527,649
60836,7;527,449
60836,985;527,242
60837,27;527,029
60837,555;526,809
60837,84;526,582
60838,125;526,349
60838,41;526,109
60838,695;525,863
60838,98;525,61
60839,265;525,351
60839,55;525,085
60839,835;524,813
60840,12;524,534
60840,405;524,249
60840,69;523,958
60840,975;523,661
60841,26;523,357
60841,545;523,048
60841,83;522,732
60842,115;522,41
60842,4;522,082
60842,685;521,749
60842,97;521,409
60843,255;521,063
60843,54;520,712
60843,825;520,354
60844,11;519,991
60844,395;519,622
60844,68;519,248
60844,965;518,868
60845,25;518,482
60845,535;518,09
60845,82;517,694
60846,105;517,291
60846,39;516,883
60846,675;516,47
60846,96;516,051
60847,245;515,628
60847,53;515,198
60847,815;514,764
60848,1;514,324
60848,385;513,879
60848,67;513,43
60848,955;512,975
60849,24;512,515
60849,525;512,05
60849,81;511,58
60850,095;511,105
60850,38;510,625
60850,665;510,14
60850,95;509,651
60851,235;509,157
60851,52;508,658
60851,805;508,155
60852,09;507,646
60852,375;507,134
60852,66;506,616
60852,945;506,095
60853,23;505,568
60853,515;505,038
60853,8;504,503
60854,085;503,963
60854,37;503,42
60854,655;502,872
60854,94;502,32
60855,225;501,765
60855,51;501,205
60855,795;500,643
60856,08;500,077
60856,365;499,508
60856,65;498,937
60856,935;498,362
60857,22;497,786
60857,505;497,207
60857,79;496,626
60858,075;496,043
60858,36;495,459
60858,645;494,873
60858,93;494,286
60859,215;493,698
60859,5;493,109
60859,785;492,519
60860,07;491,929
60860,355;491,339
60860,64;490,748
60860,925;490,158
60861,21;489,568
60861,495;488,978
60861,78;488,39
60862,065;487,802
60862,35;487,215
60862,635;486,63
60862,92;486,046
60863,205;485,464
60863,49;484,883
60863,775;484,305
60864,06;483,729
60864,345;483,156
60864,63;482,585
60864,915;482,017
60865,2;481,452
60865,485;480,891
60865,77;480,333
60866,055;479,778
60866,34;479,228
60866,625;478,681
60866,91;478,139
60867,195;477,601
60867,48;477,068
60867,765;476,54
60868,05;476,016
60868,335;475,498
60868,62;474,986
60868,905;474,479
60869,19;473,977
60869,475;473,482
60869,76;472,993
60870,045;472,511
60870,33;472,035
60870,615;471,566
60870,9;471,103
60871,185;470,648
60871,47;470,201
60871,755;469,76
60872,04;469,326
60872,325;468,899
60872,61;468,479
60872,895;468,065
60873,18;467,657
60873,465;467,255
60873,75;466,859
60874,035;466,469
60874,32;466,085
60874,605;465,705
60874,89;465,331
60875,175;464,962
60875,46;464,598
60875,745;464,239
60876,03;463,884
60876,315;463,534
60876,6;463,187
60876,885;462,845
60877,17;462,507
60877,455;462,172
60877,74;461,841
60878,025;461,513
60878,31;461,188
60878,595;460,867
60878,88;460,548
60879,165;460,232
60879,45;459,918
60879,735;459,607
60880,02;459,298
60880,305;458,99
60880,59;458,685
60880,875;458,381
60881,16;458,079
60881,445;457,778
60881,73;457,478
60882,015;457,179
60882,3;456,881
60882,585;456,584
60882,87;456,287
60883,155;455,99
60883,44;455,694
60883,725;455,397
60884,01;455,1
60884,295;454,803
60884,58;454,505
60884,865;454,207
60885,15;453,908
60885,435;453,607
60885,72;453,305
60886,005;453,002
60886,29;452,698
60886,575;452,391
60886,86;452,083
60887,145;451,772
60887,43;451,46
60887,715;451,144
60888;450,827
60888,285;450,506
60888,57;450,183
60888,855;449,857
60889,14;449,529
60889,425;449,199
60889,71;448,866
60889,995;448,53
60890,28;448,193
60890,565;447,853
60890,85;447,511
60891,135;447,166
60891,42;446,82
60891,705;446,472
60891,99;446,122
60892,275;445,77
60892,56;445,416
60892,845;445,06
60893,13;444,703
60893,415;444,344
60893,7;443,984
60893,985;443,622
60894,27;443,258
60894,555;442,893
60894,84;442,527
60895,125;442,16
60895,41;441,791
60895,695;441,421
60895,98;441,05
60896,265;440,678
60896,55;440,305
60896,835;439,931
60897,12;439,557
60897,405;439,181
60897,69;438,805
60897,975;438,428
60898,26;438,05
60898,545;437,672
60898,83;437,293
60899,115;436,914
60899,4;436,534
60899,685;436,154
60899,97;435,774
60900,255;435,393
60900,54;435,013
60900,825;434,632
60901,11;434,251
60901,395;433,871
60901,68;433,49
60901,965;433,109
60902,25;432,729
60902,535;432,349
60902,82;431,969
60903,105;431,59
60903,39;431,211
60903,675;430,833
60903,96;430,455
60904,245;430,077
60904,53;429,701
60904,815;429,325
60905,1;428,95
60905,385;428,575
60905,67;428,201
60905,955;427,828
60906,24;427,455
60906,525;427,083
60906,81;426,711
60907,095;426,339
60907,38;425,968
60907,665;425,596
60907,95;425,225
60908,235;424,854
60908,52;424,483
60908,805;424,112
60909,09;423,74
60909,375;423,368
60909,66;422,996
60909,945;422,624
60910,23;422,251
60910,515;421,878
60910,8;421,504
60911,085;421,129
60911,37;420,754
60911,655;420,378
60911,94;420,002
60912,225;419,624
60912,51;419,245
60912,795;418,866
60913,08;418,485
60913,365;418,103
60913,65;417,72
60913,935;417,336
60914,22;416,95
60914,505;416,563
60914,79;416,174
60915,075;415,784
60915,36;415,392
60915,645;414,999
60915,93;414,603
60916,215;414,206
60916,5;413,808
60916,785;413,407
60917,07;413,004
60917,355;412,599
60917,64;412,192
60917,925;411,783
60918,21;411,371
60918,495;410,957
60918,78;410,541
60919,065;410,122
60919,35;409,701
60919,635;409,277
60919,92;408,85
60920,205;408,421
60920,49;407,989
60920,775;407,554
60921,06;407,116
60921,345;406,675
60921,63;406,231
60921,915;405,784
60922,2;405,334
60922,485;404,881
60922,77;404,426
60923,055;403,968
60923,34;403,508
60923,625;403,046
60923,91;402,582
60924,195;402,117
60924,48;401,65
60924,765;401,181
60925,05;400,711
60925,335;400,24
60925,62;399,768
60925,905;399,295
60926,19;398,822
60926,475;398,349
60926,76;397,875
60927,045;397,401
60927,33;396,927
60927,615;396,454
60927,9;395,981
60928,185;395,508
60928,47;395,037
60928,755;394,566
60929,04;394,096
60929,325;393,628
60929,61;393,161
60929,895;392,696
60930,18;392,233
60930,465;391,771
60930,75;391,312
60931,035;390,855
60931,32;390,4
60931,605;389,948
60931,89;389,499
60932,175;389,053
60932,46;388,61
60932,745;388,17
60933,03;387,734
60933,315;387,301
60933,6;386,872
60933,885;386,448
60934,17;386,027
60934,455;385,611
60934,74;385,199
60935,025;384,791
60935,31;384,389
60935,595;383,991
60935,88;383,599
60936,165;383,212
60936,45;382,831
60936,735;382,455
60937,02;382,085
60937,305;381,721
60937,59;381,363
60937,875;381,012
60938,16;380,667
60938,445;380,328
60938,73;379,997
60939,015;379,672
60939,3;379,353
60939,585;379,041
60939,87;378,735
60940,155;378,436
60940,44;378,141
60940,725;377,853
60941,01;377,57
60941,295;377,293
60941,58;377,021
60941,865;376,753
60942,15;376,491
60942,435;376,233
60942,72;375,98
60943,005;375,732
60943,29;375,488
60943,575;375,247
60943,86;375,011
60944,145;374,779
60944,43;374,55
60944,715;374,324
60945;374,102
60945,285;373,883
60945,57;373,667
60945,855;373,454
60946,14;373,244
60946,425;373,036
60946,71;372,83
60946,995;372,627
60947,28;372,425
60947,565;372,226
60947,85;372,028
60948,135;371,831
60948,42;371,637
60948,705;371,443
60948,99;371,25
60949,275;371,059
60949,56;370,868
60949,845;370,677
60950,13;370,488
60950,415;370,298
60950,7;370,109
60950,985;369,919
60951,27;369,729
60951,555;369,539
60951,84;369,349
60952,125;369,157
60952,41;368,965
60952,695;368,772
60952,98;368,578
60953,265;368,382
60953,55;368,185
60953,835;367,987
60954,12;367,786
60954,405;367,584
60954,69;367,379
60954,975;367,173
60955,26;366,963
60955,545;366,752
60955,83;366,537
60956,115;366,321
60956,4;366,103
60956,685;365,883
60956,97;365,662
60957,255;365,44
60957,54;365,216
60957,825;364,992
60958,11;364,768
60958,395;364,543
60958,68;364,317
60958,965;364,092
60959,25;363,868
60959,535;363,644
60959,82;363,421
60960,105;363,199
60960,39;362,978
60960,675;362,758
60960,96;362,541
60961,245;362,325
60961,53;362,112
60961,815;361,901
60962,1;361,692
60962,385;361,486
60962,67;361,284
60962,955;361,085
60963,24;360,889
60963,525;360,697
60963,81;360,509
60964,095;360,326
60964,38;360,146
60964,665;359,972
60964,95;359,802
60965,235;359,638
60965,52;359,478
60965,805;359,325
60966,09;359,177
60966,375;359,035
60966,66;358,9
60966,945;358,771
60967,23;358,648
60967,515;358,533
60967,8;358,425
60968,085;358,324
60968,37;358,231
60968,655;358,145
60968,94;358,068
60969,225;357,999
60969,51;357,938
60969,795;357,887
60970,08;357,844
60970,365;357,81
60970,65;357,786
60970,935;357,771
60971,22;357,767
60971,505;357,772
60971,79;357,788
60972,075;357,814
60972,36;357,852
60972,645;357,899
60972,93;357,958
60973,215;358,027
60973,5;358,108
60973,785;358,199
60974,07;358,3
60974,355;358,412
60974,64;358,535
60974,925;358,669
60975,21;358,814
60975,495;358,969
60975,78;359,134
60976,065;359,311
60976,35;359,497
60976,635;359,695
60976,92;359,903
60977,205;360,122
60977,49;360,351
60977,775;360,591
60978,06;360,842
60978,345;361,103
60978,63;361,374
60978,915;361,656
60979,2;361,949
60979,485;362,252
60979,77;362,565
60980,055;362,889
60980,34;363,224
60980,625;363,569
60980,91;363,924
60981,195;364,29
60981,48;364,666
60981,765;365,053
60982,05;365,45
60982,335;365,857
60982,62;366,275
60982,905;366,703
60983,19;367,141
60983,475;367,59
60983,76;368,049
60984,045;368,518
60984,33;368,998
60984,615;369,488
60984,9;369,988
60985,185;370,498
60985,47;371,019
60985,755;371,55
60986,04;372,091
60986,325;372,643
60986,61;373,204
60986,895;373,776
60987,18;374,358
60987,465;374,95
60987,75;375,552
60988,035;376,164
60988,32;376,787
60988,605;377,42
60988,89;378,062
60989,175;378,715
60989,46;379,378
60989,745;380,05
60990,03;380,731
60990,315;381,421
60990,6;382,12
60990,885;382,828
60991,17;383,543
60991,455;384,266
60991,74;384,996
60992,025;385,734
60992,31;386,479
60992,595;387,23
60992,88;387,987
60993,165;388,75
60993,45;389,519
60993,735;390,293
60994,02;391,073
60994,305;391,857
60994,59;392,646
60994,875;393,439
60995,16;394,235
60995,445;395,036
60995,73;395,839
60996,015;396,646
60996,3;397,455
60996,585;398,267
60996,87;399,081
60997,155;399,896
60997,44;400,714
60997,725;401,532
60998,01;402,351
60998,295;403,171
60998,58;403,991
60998,865;404,812
60999,15;405,632
60999,435;406,451
60999,72;407,27
61000,005;408,087
61000,29;408,903
61000,575;409,717
61000,86;410,529
61001,145;411,339
61001,43;412,146
61001,715;412,951
61002;413,752
61002,285;414,549
61002,57;415,343
61002,855;416,132
61003,14;416,918
61003,425;417,698
61003,71;418,473
61003,995;419,243
61004,28;420,008
61004,565;420,766
61004,85;421,519
61005,135;422,265
61005,42;423,004
61005,705;423,736
61005,99;424,46
61006,275;425,177
61006,56;425,887
61006,845;426,59
61007,13;427,285
61007,415;427,972
61007,7;428,652
61007,985;429,325
61008,27;429,991
61008,555;430,65
61008,84;431,301
61009,125;431,945
61009,41;432,581
61009,695;433,211
61009,98;433,833
61010,265;434,448
61010,55;435,056
61010,835;435,657
61011,12;436,251
61011,405;436,837
61011,69;437,417
61011,975;437,989
61012,26;438,555
61012,545;439,113
61012,83;439,664
61013,115;440,209
61013,4;440,746
61013,685;441,276
61013,97;441,8
61014,255;442,316
61014,54;442,826
61014,825;443,329
61015,11;443,825
61015,395;444,314
61015,68;444,796
61015,965;445,271
61016,25;445,74
61016,535;446,202
61016,82;446,657
61017,105;447,105
61017,39;447,547
61017,675;447,982
61017,96;448,41
61018,245;448,832
61018,53;449,247
61018,815;449,655
61019,1;450,057
61019,385;450,452
61019,67;450,84
61019,955;451,222
61020,24;451,597
61020,525;451,966
61020,81;452,329
61021,095;452,684
61021,38;453,034
61021,665;453,377
61021,95;453,713
61022,235;454,043
61022,52;454,367
61022,805;454,684
61023,09;454,996
61023,375;455,301
61023,66;455,602
61023,945;455,898
61024,23;456,19
61024,515;456,478
61024,8;456,762
61025,085;457,044
61025,37;457,323
61025,655;457,601
61025,94;457,876
61026,225;458,151
61026,51;458,425
61026,795;458,699
61027,08;458,974
61027,365;459,249
61027,65;459,525
61027,935;459,803
61028,22;460,083
61028,505;460,365
61028,79;460,651
61029,075;460,94
61029,36;461,233
61029,645;461,53
61029,93;461,832
61030,215;462,139
61030,5;462,452
61030,785;462,772
61031,07;463,098
61031,355;463,431
61031,64;463,771
61031,925;464,119
61032,21;464,476
61032,495;464,842
61032,78;465,217
61033,065;465,602
61033,35;465,997
61033,635;466,403
61033,92;466,82
61034,205;467,248
61034,49;467,689
61034,775;468,142
61035,06;468,608
61035,345;469,087
61035,63;469,581
61035,915;470,088
61036,2;470,611
61036,485;471,148
61036,77;471,701
61037,055;472,271
61037,34;472,857
61037,625;473,46
61037,91;474,08
61038,195;474,718
61038,48;475,375
61038,765;476,05
61039,05;476,745
61039,335;477,46
61039,62;478,194
61039,905;478,949
61040,19;479,722
61040,475;480,514
61040,76;481,324
61041,045;482,151
61041,33;482,994
61041,615;483,853
61041,9;484,727
61042,185;485,615
61042,47;486,517
61042,755;487,432
61043,04;488,359
61043,325;489,297
61043,61;490,246
61043,895;491,205
61044,18;492,174
61044,465;493,151
61044,75;494,137
61045,035;495,13
61045,32;496,129
61045,605;497,134
61045,89;498,145
61046,175;499,16
61046,46;500,179
61046,745;501,201
61047,03;502,226
61047,315;503,252
61047,6;504,279
61047,885;505,307
61048,17;506,335
61048,455;507,361
61048,74;508,386
61049,025;509,408
61049,31;510,427
61049,595;511,443
61049,88;512,454
61050,165;513,46
61050,45;514,46
61050,735;515,453
61051,02;516,439
61051,305;517,417
61051,59;518,387
61051,875;519,347
61052,16;520,297
61052,445;521,236
61052,73;522,164
61053,015;523,079
61053,3;523,982
61053,585;524,872
61053,87;525,747
61054,155;526,607
61054,44;527,452
61054,725;528,28
61055,01;529,091
61055,295;529,885
61055,58;530,66
61055,865;531,416
61056,15;532,152
61056,435;532,868
61056,72;533,563
61057,005;534,238
61057,29;534,894
61057,575;535,529
61057,86;536,145
61058,145;536,743
61058,43;537,321
61058,715;537,881
61059;538,424
61059,285;538,948
61059,57;539,455
61059,855;539,945
61060,14;540,418
61060,425;540,874
61060,71;541,315
61060,995;541,739
61061,28;542,148
61061,565;542,542
61061,85;542,921
61062,135;543,285
61062,42;543,635
61062,705;543,97
61062,99;544,293
61063,275;544,601
61063,56;544,897
61063,845;545,18
61064,13;545,45
61064,415;545,709
61064,7;545,955
61064,985;546,19
61065,27;546,414
61065,555;546,627
61065,84;546,83
61066,125;547,022
61066,41;547,204
61066,695;547,377
61066,98;547,54
61067,265;547,694
61067,55;547,84
61067,835;547,977
61068,12;548,106
61068,405;548,227
61068,69;548,341
61068,975;548,448
61069,26;548,548
61069,545;548,641
61069,83;548,728
61070,115;548,81
61070,4;548,885
61070,685;548,956
61070,97;549,021
61071,255;549,082
61071,54;549,139
61071,825;549,191
61072,11;549,24
61072,395;549,286
61072,68;549,328
61072,965;549,368
61073,25;549,405
61073,535;549,44
61073,82;549,472
61074,105;549,503
61074,39;549,531
61074,675;549,557
61074,96;549,581
61075,245;549,604
61075,53;549,624
61075,815;549,642
61076,1;549,659
61076,385;549,674
61076,67;549,687
61076,955;549,699
61077,24;549,709
61077,525;549,717
61077,81;549,724
61078,095;549,73
61078,38;549,734
61078,665;549,737
61078,95;549,738
61079,235;549,738
61079,52;549,738
61079,805;549,736
61080,09;549,733
61080,375;549,729
61080,66;549,724
61080,945;549,718
61081,23;549,711
61081,515;549,704
61081,8;549,696
61082,085;549,687
61082,37;549,677
61082,655;549,667
61082,94;549,657
61083,225;549,646
61083,51;549,634
61083,795;549,623
61084,08;549,61
61084,365;549,598
61084,65;549,586
61084,935;549,573
61085,22;549,56
61085,505;549,547
61085,79;549,535
61086,075;549,522
61086,36;549,509
61086,645;549,497
61086,93;549,485
61087,215;549,473
61087,5;549,461
61087,785;549,45
61088,07;549,44
61088,355;549,429
61088,64;549,42
61088,925;549,411
61089,21;549,402
61089,495;549,395
61089,78;549,388
61090,065;549,382
61090,35;549,377
61090,635;549,372
61090,92;549,368
61091,205;549,364
61091,49;549,36
61091,775;549,357
61092,06;549,353
61092,345;549,349
61092,63;549,344
61092,915;549,339
61093,2;549,334
61093,485;549,327
61093,77;549,319
61094,055;549,31
61094,34;549,3
61094,625;549,288
61094,91;549,275
61095,195;549,26
61095,48;549,243
61095,765;549,224
61096,05;549,202
61096,335;549,179
61096,62;549,152
61096,905;549,123
61097,19;549,092
61097,475;549,057
61097,76;549,019
61098,045;548,977
61098,33;548,933
61098,615;548,884
61098,9;548,832
61099,185;548,776
61099,47;548,716
61099,755;548,652
61100,04;548,583
61100,325;548,51
61100,61;548,432
61100,895;548,35
61101,18;548,262
61101,465;548,17
61101,75;548,072
61102,035;547,968
61102,32;547,86
61102,605;547,745
61102,89;547,625
61103,175;547,498
61103,46;547,365
61103,745;547,226
61104,03;547,081
61104,315;546,929
61104,6;546,77
61104,885;546,604
61105,17;546,432
61105,455;546,252
61105,74;546,064
61106,025;545,869
61106,31;545,667
61106,595;545,456
61106,88;545,238
61107,165;545,011
61107,45;544,777
61107,735;544,536
61108,02;544,287
61108,305;544,031
61108,59;543,769
61108,875;543,5
61109,16;543,225
61109,445;542,943
61109,73;542,657
61110,015;542,364
61110,3;542,067
61110,585;541,764
61110,87;541,457
61111,155;541,145
61111,44;540,83
61111,725;540,51
61112,01;540,186
61112,295;539,859
61112,58;539,529
61112,865;539,195
61113,15;538,859
61113,435;538,521
61113,72;538,18
61114,005;537,837
61114,29;537,493
61114,575;537,147
61114,86;536,8
61115,145;536,452
61115,43;536,103
61115,715;535,754
61116;535,404
61116,285;535,054
61116,57;534,705
61116,855;534,356
61117,14;534,008
61117,425;533,661
61117,71;533,316
61117,995;532,971
61118,28;532,629
61118,565;532,288
61118,85;531,95
61119,135;531,615
61119,42;531,282
61119,705;530,952
61119,99;530,625
61120,275;530,302
61120,56;529,983
61120,845;529,667
61121,13;529,356
61121,415;529,049
61121,7;528,747
61121,985;528,451
61122,27;528,159
61122,555;527,873
61122,84;527,593
61123,125;527,318
61123,41;527,05
61123,695;526,788
61123,98;526,533
61124,265;526,284
61124,55;526,041
61124,835;525,803
61125,12;525,569
61125,405;525,34
61125,69;525,115
61125,975;524,894
61126,26;524,675
61126,545;524,46
61126,83;524,246
61127,115;524,034
61127,4;523,824
61127,685;523,614
61127,97;523,405
61128,255;523,197
61128,54;522,987
61128,825;522,777
61129,11;522,566
61129,395;522,353
61129,68;522,138
61129,965;521,921
61130,25;521,701
61130,535;521,477
61130,82;521,249
61131,105;521,018
61131,39;520,781
61131,675;520,54
61131,96;520,293
61132,245;520,04
61132,53;519,781
61132,815;519,515
61133,1;519,242
61133,385;518,961
61133,67;518,672
61133,955;518,375
61134,24;518,069
61134,525;517,753
61134,81;517,428
61135,095;517,092
61135,38;516,746
61135,665;516,388
61135,95;516,019
61136,235;515,639
61136,52;515,245
61136,805;514,839
61137,09;514,42
61137,375;513,987
61137,66;513,54
61137,945;513,079
61138,23;512,603
61138,515;512,111
61138,8;511,603
61139,085;511,08
61139,37;510,539
61139,655;509,982
61139,94;509,407
61140,225;508,814
61140,51;508,203
61140,795;507,573
61141,08;506,926
61141,365;506,263
61141,65;505,585
61141,935;504,892
61142,22;504,187
61142,505;503,47
61142,79;502,741
61143,075;502,003
61143,36;501,257
61143,645;500,502
61143,93;499,741
61144,215;498,975
61144,5;498,204
61144,785;497,43
61145,07;496,653
61145,355;495,875
61145,64;495,097
61145,925;494,32
61146,21;493,545
61146,495;492,773
61146,78;492,005
61147,065;491,243
61147,35;490,486
61147,635;489,737
61147,92;488,997
61148,205;488,266
61148,49;487,545
61148,775;486,837
61149,06;486,14
61149,345;485,458
61149,63;484,791
61149,915;484,139
61150,2;483,505
61150,485;482,888
61150,77;482,291
61151,055;481,714
61151,34;481,158
61151,625;480,625
61151,91;480,115
61152,195;479,629
61152,48;479,169
61152,765;478,736
61153,05;478,331
61153,335;477,954
61153,62;477,607
61153,905;477,291
61154,19;477,008
61154,475;476,757
61154,76;476,54
61155,045;476,359
61155,33;476,214
61155,615;476,106
61155,9;476,037
61156,185;476,007
61156,47;476,018
61156,755;476,071
61157,04;476,166
61157,325;476,306
61157,61;476,488
61157,895;476,712
61158,18;476,974
61158,465;477,27
61158,75;477,598
61159,035;477,954
61159,32;478,336
61159,605;478,74
61159,89;479,163
61160,175;479,602
61160,46;480,054
61160,745;480,516
61161,03;480,985
61161,315;481,457
61161,6;481,93
61161,885;482,4
61162,17;482,864
61162,455;483,32
61162,74;483,764
61163,025;484,192
61163,31;484,603
61163,595;484,992
61163,88;485,357
61164,165;485,694
61164,45;486,001
61164,735;486,275
61165,02;486,511
61165,305;486,708
61165,59;486,861
61165,875;486,969
61166,16;487,027
61166,445;487,033
61166,73;486,983
61167,015;486,875
61167,3;486,705
61167,585;486,471
61167,87;486,169
61168,155;485,795
61168,44;485,348
61168,725;484,823
61169,01;484,218
61169,295;483,53
61169,58;482,755
61169,865;481,891
61170,15;480,934
61170,435;479,881
61170,72;478,729
61171,005;477,475
61171,29;476,116
61171,575;474,649
61171,86;473,07
61172,145;471,377
61172,43;469,566
61172,715;467,634
61173;465,579
61173,285;463,397
61173,57;461,085
61173,855;458,639
61174,14;456,058
61174,425;453,339
61174,71;450,488
61174,995;447,512
61175,28;444,415
61175,565;441,204
61175,85;437,886
61176,135;434,466
61176,42;430,95
61176,705;427,344
61176,99;423,654
61177,275;419,887
61177,56;416,048
61177,845;412,143
61178,13;408,179
61178,415;404,161
61178,7;400,096
61178,985;395,989
61179,27;391,847
61179,555;387,675
61179,84;383,48
61180,125;379,268
61180,41;375,044
61180,695;370,815
61180,98;366,587
61181,265;362,366
61181,55;358,157
61181,835;353,967
61182,12;349,803
61182,405;345,669
61182,69;341,572
61182,975;337,518
61183,26;333,513
61183,545;329,563
61183,83;325,675
61184,115;321,853
61184,4;318,105
61184,685;314,436
61184,97;310,852
61185,255;307,359
61185,54;303,964
61185,825;300,672
61186,11;297,49
61186,395;294,423
61186,68;291,477
61186,965;288,659
61187,25;285,974
61187,535;283,429
61187,82;281,03
61188,105;278,782
61188,39;276,692
61188,675;274,766
61188,96;273,009
61189,245;271,429
61189,53;270,03
61189,815;268,819
61190,1;267,801
61190,385;266,984
61190,67;266,373
61190,955;265,974
61191,24;265,79
61191,525;265,817
61191,81;266,05
61192,095;266,481
61192,38;267,105
61192,665;267,916
61192,95;268,908
61193,235;270,074
61193,52;271,409
61193,805;272,907
61194,09;274,561
61194,375;276,365
61194,66;278,314
61194,945;280,401
61195,23;282,62
61195,515;284,965
61195,8;287,431
61196,085;290,01
61196,37;292,697
61196,655;295,486
61196,94;298,37
61197,225;301,345
61197,51;304,403
61197,795;307,538
61198,08;310,745
61198,365;314,017
61198,65;317,349
61198,935;320,734
61199,22;324,166
61199,505;327,639
61199,79;331,147
61200,075;334,684
61200,36;338,244
61200,645;341,821
61200,93;345,409
61201,215;349,001
61201,5;352,592
61201,785;356,175
61202,07;359,745
61202,355;363,295
61202,64;366,82
61202,925;370,313
61203,21;373,768
61203,495;377,179
61203,78;380,54
61204,065;383,845
61204,35;387,088
61204,635;390,263
61204,92;393,364
61205,205;396,384
61205,49;399,318
61205,775;402,159
61206,06;404,902
61206,345;407,54
61206,63;410,068
61206,915;412,479
61207,2;414,767
61207,485;416,926
61207,77;418,95
61208,055;420,835
61208,34;422,582
61208,625;424,193
61208,91;425,674
61209,195;427,025
61209,48;428,251
61209,765;429,354
61210,05;430,338
61210,335;431,206
61210,62;431,96
61210,905;432,604
61211,19;433,141
61211,475;433,574
61211,76;433,906
61212,045;434,14
61212,33;434,279
61212,615;434,327
61212,9;434,286
61213,185;434,159
61213,47;433,95
61213,755;433,662
61214,04;433,297
61214,325;432,859
61214,61;432,351
61214,895;431,776
61215,18;431,137
61215,465;430,437
61215,75;429,679
61216,035;428,866
61216,32;428,002
61216,605;427,089
61216,89;426,13
61217,175;425,129
61217,46;424,089
61217,745;423,013
61218,03;421,903
61218,315;420,763
61218,6;419,596
61218,885;418,406
61219,17;417,194
61219,455;415,965
61219,74;414,721
61220,025;413,465
61220,31;412,201
61220,595;410,931
61220,88;409,659
61221,165;408,388
61221,45;407,12
61221,735;405,859
61222,02;404,609
61222,305;403,371
61222,59;402,149
61222,875;400,947
61223,16;399,767
61223,445;398,612
61223,73;397,486
61224,015;396,391
61224,3;395,33
61224,585;394,308
61224,87;393,325
61225,155;392,383
61225,44;391,48
61225,725;390,615
61226,01;389,788
61226,295;388,998
61226,58;388,243
61226,865;387,523
61227,15;386,837
61227,435;386,185
61227,72;385,564
61228,005;384,975
61228,29;384,417
61228,575;383,888
61228,86;383,388
61229,145;382,916
61229,43;382,47
61229,715;382,051
61230;381,658
61230,285;381,288
61230,57;380,942
61230,855;380,619
61231,14;380,318
61231,425;380,037
61231,71;379,777
61231,995;379,535
61232,28;379,312
61232,565;379,107
61232,85;378,918
61233,135;378,744
61233,42;378,585
61233,705;378,441
61233,99;378,309
61234,275;378,189
61234,56;378,081
61234,845;377,983
61235,13;377,895
61235,415;377,815
61235,7;377,743
61235,985;377,678
61236,27;377,619
61236,555;377,565
61236,84;377,516
61237,125;377,47
61237,41;377,426
61237,695;377,384
61237,98;377,343
61238,265;377,302
61238,55;377,26
61238,835;377,216
61239,12;377,169
61239,405;377,119
61239,69;377,064
61239,975;377,004
61240,26;376,938
61240,545;376,865
61240,83;376,784
61241,115;376,694
61241,4;376,594
61241,685;376,484
61241,97;376,363
61242,255;376,233
61242,54;376,092
61242,825;375,943
61243,11;375,784
61243,395;375,617
61243,68;375,441
61243,965;375,258
61244,25;375,067
61244,535;374,869
61244,82;374,664
61245,105;374,452
61245,39;374,235
61245,675;374,011
61245,96;373,782
61246,245;373,548
61246,53;373,31
61246,815;373,066
61247,1;372,819
61247,385;372,568
61247,67;372,314
61247,955;372,057
61248,24;371,797
61248,525;371,535
61248,81;371,271
61249,095;371,006
61249,38;370,739
61249,665;370,471
61249,95;370,203
61250,235;369,935
61250,52;369,667
61250,805;369,399
61251,09;369,133
61251,375;368,867
61251,66;368,603
61251,945;368,341
61252,23;368,082
61252,515;367,825
61252,8;367,571
61253,085;367,321
61253,37;367,074
61253,655;366,831
61253,94;366,593
61254,225;366,36
61254,51;366,131
61254,795;365,908
61255,08;365,691
61255,365;365,48
61255,65;365,276
61255,935;365,079
61256,22;364,889
61256,505;364,706
61256,79;364,531
61257,075;364,365
61257,36;364,208
61257,645;364,059
61257,93;363,92
61258,215;363,79
61258,5;363,671
61258,785;363,561
61259,07;363,462
61259,355;363,373
61259,64;363,294
61259,925;363,225
61260,21;363,165
61260,495;363,116
61260,78;363,077
61261,065;363,048
61261,35;363,029
61261,635;363,02
61261,92;363,021
61262,205;363,031
61262,49;363,052
61262,775;363,082
61263,06;363,122
61263,345;363,172
61263,63;363,232
61263,915;363,302
61264,2;363,381
61264,485;363,47
61264,77;363,569
61265,055;363,677
61265,34;363,796
61265,625;363,923
61265,91;364,061
61266,195;364,208
61266,48;364,365
61266,765;364,531
61267,05;364,707
61267,335;364,893
61267,62;365,087
61267,905;365,292
61268,19;365,506
61268,475;365,729
61268,76;365,962
61269,045;366,205
61269,33;366,456
61269,615;366,718
61269,9;366,988
61270,185;367,268
61270,47;367,557
61270,755;367,856
61271,04;368,164
61271,325;368,481
61271,61;368,807
61271,895;369,143
61272,18;369,488
61272,465;369,842
61272,75;370,205
61273,035;370,578
61273,32;370,959
61273,605;371,35
61273,89;371,75
61274,175;372,159
61274,46;372,577
61274,745;373,004
61275,03;373,44
61275,315;373,885
61275,6;374,339
61275,885;374,801
61276,17;375,272
61276,455;375,751
61276,74;376,238
61277,025;376,733
61277,31;377,235
61277,595;377,745
61277,88;378,261
61278,165;378,785
61278,45;379,314
61278,735;379,85
61279,02;380,393
61279,305;380,941
61279,59;381,495
61279,875;382,054
61280,16;382,618
61280,445;383,187
61280,73;383,762
61281,015;384,34
61281,3;384,923
61281,585;385,51
61281,87;386,101
61282,155;386,695
61282,44;387,293
61282,725;387,893
61283,01;388,497
61283,295;389,104
61283,58;389,712
61283,865;390,324
61284,15;390,937
61284,435;391,551
61284,72;392,168
61285,005;392,786
61285,29;393,404
61285,575;394,024
61285,86;394,644
61286,145;395,265
61286,43;395,886
61286,715;396,506
61287;397,127
61287,285;397,747
61287,57;398,366
61287,855;398,984
61288,14;399,601
61288,425;400,217
61288,71;400,831
61288,995;401,443
61289,28;402,053
61289,565;402,66
61289,85;403,265
61290,135;403,868
61290,42;404,467
61290,705;405,063
61290,99;405,655
61291,275;406,244
61291,56;406,829
61291,845;407,409
61292,13;407,986
61292,415;408,558
61292,7;409,125
61292,985;409,689
61293,27;410,248
61293,555;410,804
61293,84;411,356
61294,125;411,904
61294,41;412,449
61294,695;412,991
61294,98;413,529
61295,265;414,064
61295,55;414,597
61295,835;415,126
61296,12;415,653
61296,405;416,178
61296,69;416,7
61296,975;417,22
61297,26;417,737
61297,545;418,253
61297,83;418,767
61298,115;419,279
61298,4;419,79
61298,685;420,299
61298,97;420,807
61299,255;421,313
61299,54;421,819
61299,825;422,323
61300,11;422,827
61300,395;423,331
61300,68;423,833
61300,965;424,335
61301,25;424,838
61301,535;425,339
61301,82;425,841
61302,105;426,343
61302,39;426,846
61302,675;427,349
61302,96;427,852
61303,245;428,356
61303,53;428,861
61303,815;429,367
61304,1;429,874
61304,385;430,382
61304,67;430,891
61304,955;431,402
61305,24;431,914
61305,525;432,429
61305,81;432,945
61306,095;433,463
61306,38;433,983
61306,665;434,506
61306,95;435,031
61307,235;435,559
61307,52;436,089
61307,805;436,622
61308,09;437,158
61308,375;437,697
61308,66;438,24
61308,945;438,785
61309,23;439,334
61309,515;439,886
61309,8;440,441
61310,085;440,999
61310,37;441,56
61310,655;442,123
61310,94;442,688
61311,225;443,255
61311,51;443,824
61311,795;444,395
61312,08;444,967
61312,365;445,541
61312,65;446,116
61312,935;446,692
61313,22;447,269
61313,505;447,847
61313,79;448,425
61314,075;449,004
61314,36;449,582
61314,645;450,161
61314,93;450,74
61315,215;451,318
61315,5;451,895
61315,785;452,472
61316,07;453,048
61316,355;453,623
61316,64;454,197
61316,925;454,77
61317,21;455,341
61317,495;455,91
61317,78;456,477
61318,065;457,042
61318,35;457,605
61318,635;458,165
61318,92;458,723
61319,205;459,278
61319,49;459,83
61319,775;460,379
61320,06;460,925
61320,345;461,467
61320,63;462,005
61320,915;462,54
61321,2;463,071
61321,485;463,597
61321,77;464,12
61322,055;464,637
61322,34;465,15
61322,625;465,658
61322,91;466,161
61323,195;466,659
61323,48;467,152
61323,765;467,638
61324,05;468,12
61324,335;468,595
61324,62;469,064
61324,905;469,527
61325,19;469,983
61325,475;470,433
61325,76;470,876
61326,045;471,313
61326,33;471,743
61326,615;472,167
61326,9;472,586
61327,185;473
61327,47;473,41
61327,755;473,815
61328,04;474,217
61328,325;474,615
61328,61;475,01
61328,895;475,403
61329,18;475,794
61329,465;476,184
61329,75;476,572
61330,035;476,959
61330,32;477,346
61330,605;477,732
61330,89;478,12
61331,175;478,508
61331,46;478,897
61331,745;479,288
61332,03;479,682
61332,315;480,077
61332,6;480,476
61332,885;480,878
61333,17;481,284
61333,455;481,694
61333,74;482,109
61334,025;482,528
61334,31;482,953
61334,595;483,385
61334,88;483,822
61335,165;484,266
61335,45;484,717
61335,735;485,176
61336,02;485,642
61336,305;486,117
61336,59;486,601
61336,875;487,094
61337,16;487,596
61337,445;488,109
61337,73;488,632
61338,015;489,166
61338,3;489,711
61338,585;490,268
61338,87;490,837
61339,155;491,419
61339,44;492,013
61339,725;492,621
61340,01;493,243
61340,295;493,879
61340,58;494,529
61340,865;495,195
61341,15;495,876
61341,435;496,573
61341,72;497,286
61342,005;498,016
61342,29;498,763
61342,575;499,527
61342,86;500,309
61343,145;501,108
61343,43;501,923
61343,715;502,753
61344;503,598
61344,285;504,457
61344,57;505,33
61344,855;506,215
61345,14;507,112
61345,425;508,021
61345,71;508,94
61345,995;509,87
61346,28;510,809
61346,565;511,756
61346,85;512,711
61347,135;513,674
61347,42;514,644
61347,705;515,619
61347,99;516,6
61348,275;517,585
61348,56;518,574
61348,845;519,566
61349,13;520,561
61349,415;521,558
61349,7;522,556
61349,985;523,555
61350,27;524,554
61350,555;525,551
61350,84;526,548
61351,125;527,542
61351,41;528,533
61351,695;529,521
61351,98;530,505
61352,265;531,483
61352,55;532,457
61352,835;533,424
61353,12;534,384
61353,405;535,336
61353,69;536,281
61353,975;537,216
61354,26;538,142
61354,545;539,058
61354,83;539,962
61355,115;540,855
61355,4;541,736
61355,685;542,604
61355,97;543,458
61356,255;544,297
61356,54;545,122
61356,825;545,931
61357,11;546,724
61357,395;547,5
61357,68;548,257
61357,965;548,997
61358,25;549,718
61358,535;550,418
61358,82;551,099
61359,105;551,758
61359,39;552,395
61359,675;553,011
61359,96;553,605
61360,245;554,177
61360,53;554,729
61360,815;555,26
61361,1;555,771
61361,385;556,262
61361,67;556,734
61361,955;557,186
61362,24;557,62
61362,525;558,036
61362,81;558,433
61363,095;558,813
61363,38;559,176
61363,665;559,522
61363,95;559,852
61364,235;560,165
61364,52;560,463
61364,805;560,745
61365,09;561,013
61365,375;561,265
61365,66;561,504
61365,945;561,728
61366,23;561,94
61366,515;562,138
61366,8;562,323
61367,085;562,496
61367,37;562,657
61367,655;562,806
61367,94;562,944
61368,225;563,071
61368,51;563,187
61368,795;563,294
61369,08;563,391
61369,365;563,478
61369,65;563,556
61369,935;563,625
61370,22;563,687
61370,505;563,74
61370,79;563,786
61371,075;563,824
61371,36;563,856
61371,645;563,881
61371,93;563,9
61372,215;563,914
61372,5;563,922
61372,785;563,925
61373,07;563,924
61373,355;563,919
61373,64;563,909
61373,925;563,896
61374,21;563,88
61374,495;563,862
61374,78;563,841
61375,065;563,818
61375,35;563,793
61375,635;563,767
61375,92;563,741
61376,205;563,713
61376,49;563,686
61376,775;563,658
61377,06;563,63
61377,345;563,601
61377,63;563,572
61377,915;563,543
61378,2;563,513
61378,485;563,482
61378,77;563,451
61379,055;563,419
61379,34;563,386
61379,625;563,352
61379,91;563,318
61380,195;563,283
61380,48;563,246
61380,765;563,209
61381,05;563,171
61381,335;563,131
61381,62;563,091
61381,905;563,049
61382,19;563,006
61382,475;562,962
61382,76;562,916
61383,045;562,869
61383,33;562,82
61383,615;562,77
61383,9;562,719
61384,185;562,666
61384,47;562,611
61384,755;562,554
61385,04;562,496
61385,325;562,436
61385,61;562,374
61385,895;562,311
61386,18;562,245
61386,465;562,177
61386,75;562,108
61387,035;562,036
61387,32;561,962
61387,605;561,886
61387,89;561,807
61388,175;561,727
61388,46;561,644
61388,745;561,558
61389,03;561,471
61389,315;561,38
61389,6;561,288
61389,885;561,192
61390,17;561,094
61390,455;560,993
61390,74;560,89
61391,025;560,784
61391,31;560,675
61391,595;560,563
61391,88;560,448
61392,165;560,33
61392,45;560,209
61392,735;560,085
61393,02;559,958
61393,305;559,828
61393,59;559,695
61393,875;559,558
61394,16;559,419
61394,445;559,276
61394,73;559,129
61395,015;558,98
61395,3;558,828
61395,585;558,672
61395,87;558,513
61396,155;558,351
61396,44;558,185
61396,725;558,016
61397,01;557,844
61397,295;557,669
61397,58;557,49
61397,865;557,309
61398,15;557,124
61398,435;556,935
61398,72;556,743
61399,005;556,548
61399,29;556,35
61399,575;556,148
61399,86;555,943
61400,145;555,735
61400,43;555,523
61400,715;555,308
61401;555,09
61401,285;554,868
61401,57;554,643
61401,855;554,414
61402,14;554,183
61402,425;553,947
61402,71;553,709
61402,995;553,466
61403,28;553,221
61403,565;552,972
61403,85;552,719
61404,135;552,464
61404,42;552,204
61404,705;551,941
61404,99;551,675
61405,275;551,406
61405,56;551,132
61405,845;550,856
61406,13;550,576
61406,415;550,292
61406,7;550,005
61406,985;549,714
61407,27;549,42
61407,555;549,122
61407,84;548,821
61408,125;548,516
61408,41;548,208
61408,695;547,896
61408,98;547,58
61409,265;547,261
61409,55;546,938
61409,835;546,612
61410,12;546,282
61410,405;545,949
61410,69;545,612
61410,975;545,271
61411,26;544,927
61411,545;544,58
61411,83;544,229
61412,115;543,874
61412,4;543,517
61412,685;543,155
61412,97;542,79
61413,255;542,422
61413,54;542,051
61413,825;541,676
61414,11;541,297
61414,395;540,916
61414,68;540,531
61414,965;540,143
61415,25;539,751
61415,535;539,356
61415,82;538,958
61416,105;538,557
61416,39;538,153
61416,675;537,745
61416,96;537,334
61417,245;536,92
61417,53;536,503
61417,815;536,083
61418,1;535,659
61418,385;535,233
61418,67;534,803
61418,955;534,371
61419,24;533,935
61419,525;533,497
61419,81;533,055
61420,095;532,61
61420,38;532,163
61420,665;531,712
61420,95;531,259
61421,235;530,802
61421,52;530,343
61421,805;529,881
61422,09;529,416
61422,375;528,948
61422,66;528,477
61422,945;528,004
61423,23;527,527
61423,515;527,048
61423,8;526,566
61424,085;526,082
61424,37;525,595
61424,655;525,104
61424,94;524,612
61425,225;524,116
61425,51;523,618
61425,795;523,118
61426,08;522,614
61426,365;522,108
61426,65;521,6
61426,935;521,089
61427,22;520,575
61427,505;520,059
61427,79;519,539
61428,075;519,017
61428,36;518,492
61428,645;517,964
61428,93;517,433
61429,215;516,899
61429,5;516,362
61429,785;515,822
61430,07;515,278
61430,355;514,731
61430,64;514,181
61430,925;513,627
61431,21;513,069
61431,495;512,508
61431,78;511,944
61432,065;511,375
61432,35;510,803
61432,635;510,227
61432,92;509,647
61433,205;509,063
61433,49;508,475
61433,775;507,883
61434,06;507,287
61434,345;506,686
61434,63;506,081
61434,915;505,472
61435,2;504,859
61435,485;504,241
61435,77;503,618
61436,055;502,991
61436,34;502,359
61436,625;501,722
61436,91;501,081
61437,195;500,434
61437,48;499,783
61437,765;499,127
61438,05;498,466
61438,335;497,799
61438,62;497,128
61438,905;496,451
61439,19;495,769
61439,475;495,081
61439,76;494,388
61440,045;493,689
61440,33;492,985
61440,615;492,276
61440,9;491,56
61441,185;490,839
61441,47;490,112
61441,755;489,379
61442,04;488,64
61442,325;487,896
61442,61;487,145
61442,895;486,388
61443,18;485,624
61443,465;484,855
61443,75;484,079
61444,035;483,297
61444,32;482,51
61444,605;481,717
61444,89;480,919
61445,175;480,116
61445,46;479,308
61445,745;478,496
61446,03;477,681
61446,315;476,862
61446,6;476,039
61446,885;475,213
61447,17;474,385
61447,455;473,554
61447,74;472,721
61448,025;471,886
61448,31;471,05
61448,595;470,212
61448,88;469,373
61449,165;468,534
61449,45;467,695
61449,735;466,855
61450,02;466,015
61450,305;465,176
61450,59;464,338
61450,875;463,501
61451,16;462,665
61451,445;461,832
61451,73;461
61452,015;460,17
61452,3;459,343
61452,585;458,519
61452,87;457,698
61453,155;456,881
61453,44;456,067
61453,725;455,258
61454,01;454,452
61454,295;453,652
61454,58;452,857
61454,865;452,066
61455,15;451,282
61455,435;450,503
61455,72;449,731
61456,005;448,964
61456,29;448,205
61456,575;447,453
61456,86;446,708
61457,145;445,971
61457,43;445,242
61457,715;444,521
61458;443,808
61458,285;443,105
61458,57;442,41
61458,855;441,725
61459,14;441,05
61459,425;440,385
61459,71;439,73
61459,995;439,086
61460,28;438,452
61460,565;437,83
61460,85;437,219
61461,135;436,619
61461,42;436,03
61461,705;435,451
61461,99;434,883
61462,275;434,325
61462,56;433,777
61462,845;433,24
61463,13;432,712
61463,415;432,194
61463,7;431,685
61463,985;431,186
61464,27;430,696
61464,555;430,216
61464,84;429,744
61465,125;429,281
61465,41;428,826
61465,695;428,381
61465,98;427,943
61466,265;427,514
61466,55;427,093
61466,835;426,679
61467,12;426,274
61467,405;425,876
61467,69;425,485
61467,975;425,102
61468,26;424,726
61468,545;424,357
61468,83;423,994
61469,115;423,639
61469,4;423,289
61469,685;422,947
61469,97;422,61
61470,255;422,28
61470,54;421,955
61470,825;421,636
61471,11;421,323
61471,395;421,015
61471,68;420,713
61471,965;420,416
61472,25;420,123
61472,535;419,836
61472,82;419,553
61473,105;419,275
61473,39;419,001
61473,675;418,732
61473,96;418,466
61474,245;418,205
61474,53;417,947
61474,815;417,693
61475,1;417,442
61475,385;417,195
61475,67;416,951
61475,955;416,71
61476,24;416,472
61476,525;416,236
61476,81;416,003
61477,095;415,773
61477,38;415,544
61477,665;415,318
61477,95;415,093
61478,235;414,869
61478,52;414,645
61478,805;414,422
61479,09;414,198
61479,375;413,974
61479,66;413,748
61479,945;413,52
61480,23;413,291
61480,515;413,058
61480,8;412,823
61481,085;412,585
61481,37;412,342
61481,655;412,095
61481,94;411,844
61482,225;411,587
61482,51;411,325
61482,795;411,056
61483,08;410,781
61483,365;410,5
61483,65;410,21
61483,935;409,913
61484,22;409,608
61484,505;409,293
61484,79;408,97
61485,075;408,637
61485,36;408,294
61485,645;407,941
61485,93;407,577
61486,215;407,201
61486,5;406,813
61486,785;406,414
61487,07;406,001
61487,355;405,576
61487,64;405,137
61487,925;404,683
61488,21;404,216
61488,495;403,733
61488,78;403,236
61489,065;402,722
61489,35;402,192
61489,635;401,646
61489,92;401,083
61490,205;400,502
61490,49;399,903
61490,775;399,285
61491,06;398,649
61491,345;397,994
61491,63;397,318
61491,915;396,623
61492,2;395,907
61492,485;395,17
61492,77;394,411
61493,055;393,631
61493,34;392,828
61493,625;392,003
61493,91;391,154
61494,195;390,281
61494,48;389,386
61494,765;388,468
61495,05;387,529
61495,335;386,57
61495,62;385,59
61495,905;384,592
61496,19;383,577
61496,475;382,544
61496,76;381,494
61497,045;380,43
61497,33;379,351
61497,615;378,258
61497,9;377,152
61498,185;376,035
61498,47;374,906
61498,755;373,767
61499,04;372,619
61499,325;371,462
61499,61;370,297
61499,895;369,125
61500,18;367,948
61500,465;366,765
61500,75;365,578
61501,035;364,387
61501,32;363,194
61501,605;361,999
61501,89;360,804
61502,175;359,608
61502,46;358,413
61502,745;357,219
61503,03;356,028
61503,315;354,841
61503,6;353,658
61503,885;352,479
61504,17;351,307
61504,455;350,141
61504,74;348,983
61505,025;347,834
61505,31;346,694
61505,595;345,563
61505,88;344,444
61506,165;343,337
61506,45;342,243
61506,735;341,162
61507,02;340,095
61507,305;339,044
61507,59;338,009
61507,875;336,991
61508,16;335,991
61508,445;335,009
61508,73;334,047
61509,015;333,106
61509,3;332,185
61509,585;331,287
61509,87;330,412
61510,155;329,56
61510,44;328,733
61510,725;327,932
61511,01;327,156
61511,295;326,407
61511,58;325,684
61511,865;324,986
61512,15;324,313
61512,435;323,664
61512,72;323,039
61513,005;322,437
61513,29;321,858
61513,575;321,302
61513,86;320,768
61514,145;320,255
61514,43;319,763
61514,715;319,292
61515;318,842
61515,285;318,41
61515,57;317,998
61515,855;317,605
61516,14;317,23
61516,425;316,873
61516,71;316,533
61516,995;316,211
61517,28;315,904
61517,565;315,614
61517,85;315,339
61518,135;315,079
61518,42;314,834
61518,705;314,603
61518,99;314,385
61519,275;314,181
61519,56;313,989
61519,845;313,81
61520,13;313,642
61520,415;313,486
61520,7;313,341
61520,985;313,206
61521,27;313,081
61521,555;312,965
61521,84;312,858
61522,125;312,76
61522,41;312,67
61522,695;312,588
61522,98;312,513
61523,265;312,445
61523,55;312,382
61523,835;312,326
61524,12;312,275
61524,405;312,228
61524,69;312,186
61524,975;312,148
61525,26;312,113
61525,545;312,082
61525,83;312,052
61526,115;312,025
61526,4;312
61526,685;311,975
61526,97;311,951
61527,255;311,928
61527,54;311,904
61527,825;311,879
61528,11;311,854
61528,395;311,828
61528,68;311,8
61528,965;311,773
61529,25;311,744
61529,535;311,715
61529,82;311,685
61530,105;311,654
61530,39;311,623
61530,675;311,592
61530,96;311,559
61531,245;311,527
61531,53;311,494
61531,815;311,46
61532,1;311,426
61532,385;311,392
61532,67;311,357
61532,955;311,322
61533,24;311,287
61533,525;311,252
61533,81;311,216
61534,095;311,18
61534,38;311,145
61534,665;311,109
61534,95;311,073
61535,235;311,037
61535,52;311,001
61535,805;310,965
61536,09;310,929
61536,375;310,893
61536,66;310,857
61536,945;310,822
61537,23;310,787
61537,515;310,752
61537,8;310,717
61538,085;310,683
61538,37;310,649
61538,655;310,615
61538,94;310,582
61539,225;310,549
61539,51;310,517
61539,795;310,485
61540,08;310,454
61540,365;310,423
61540,65;310,393
61540,935;310,364
61541,22;310,335
61541,505;310,307
61541,79;310,28
61542,075;310,253
61542,36;310,228
61542,645;310,203
61542,93;310,179
61543,215;310,156
61543,5;310,134
61543,785;310,113
61544,07;310,093
61544,355;310,074
61544,64;310,056
61544,925;310,039
61545,21;310,023
61545,495;310,008
61545,78;309,994
61546,065;309,981
61546,35;309,968
61546,635;309,956
61546,92;309,944
61547,205;309,933
61547,49;309,922
61547,775;309,911
61548,06;309,901
61548,345;309,891
61548,63;309,88
61548,915;309,87
61549,2;309,859
61549,485;309,849
61549,77;309,838
61550,055;309,826
61550,34;309,815
61550,625;309,802
61550,91;309,79
61551,195;309,776
61551,48;309,762
61551,765;309,747
61552,05;309,731
61552,335;309,714
61552,62;309,696
61552,905;309,677
61553,19;309,656
61553,475;309,634
61553,76;309,611
61554,045;309,587
61554,33;309,561
61554,615;309,533
61554,9;309,504
61555,185;309,473
61555,47;309,44
61555,755;309,405
61556,04;309,369
61556,325;309,33
61556,61;309,289
61556,895;309,245
61557,18;309,2
61557,465;309,152
61557,75;309,102
61558,035;309,049
61558,32;308,993
61558,605;308,935
61558,89;308,874
61559,175;308,81
61559,46;308,743
61559,745;308,673
61560,03;308,601
61560,315;308,524
61560,6;308,445
61560,885;308,363
61561,17;308,277
61561,455;308,187
61561,74;308,094
61562,025;307,999
61562,31;307,9
61562,595;307,799
61562,88;307,697
61563,165;307,592
61563,45;307,487
61563,735;307,38
61564,02;307,272
61564,305;307,165
61564,59;307,057
61564,875;306,95
61565,16;306,843
61565,445;306,737
61565,73;306,633
61566,015;306,53
61566,3;306,429
61566,585;306,331
61566,87;306,235
61567,155;306,142
61567,44;306,052
61567,725;305,966
61568,01;305,884
61568,295;305,807
61568,58;305,734
61568,865;305,666
61569,15;305,603
61569,435;305,546
61569,72;305,495
61570,005;305,45
61570,29;305,412
61570,575;305,381
61570,86;305,357
61571,145;305,34
61571,43;305,332
61571,715;305,332
61572;305,34
61572,285;305,358
61572,57;305,385
61572,855;305,421
61573,14;305,467
61573,425;305,524
61573,71;305,591
61573,995;305,669
61574,28;305,759
61574,565;305,86
61574,85;305,973
61575,135;306,098
61575,42;306,236
61575,705;306,387
61575,99;306,551
61576,275;306,728
61576,56;306,92
61576,845;307,126
61577,13;307,346
61577,415;307,581
61577,7;307,832
61577,985;308,098
61578,27;308,38
61578,555;308,678
61578,84;308,991
61579,125;309,319
61579,41;309,661
61579,695;310,018
61579,98;310,388
61580,265;310,77
61580,55;311,166
61580,835;311,573
61581,12;311,991
61581,405;312,421
61581,69;312,861
61581,975;313,312
61582,26;313,772
61582,545;314,241
61582,83;314,718
61583,115;315,204
61583,4;315,697
61583,685;316,198
61583,97;316,705
61584,255;317,218
61584,54;317,738
61584,825;318,262
61585,11;318,791
61585,395;319,324
61585,68;319,862
61585,965;320,402
61586,25;320,945
61586,535;321,491
61586,82;322,038
61587,105;322,587
61587,39;323,137
61587,675;323,687
61587,96;324,237
61588,245;324,787
61588,53;325,335
61588,815;325,882
61589,1;326,427
61589,385;326,97
61589,67;327,509
61589,955;328,045
61590,24;328,577
61590,525;329,105
61590,81;329,628
61591,095;330,145
61591,38;330,657
61591,665;331,162
61591,95;331,66
61592,235;332,152
61592,52;332,635
61592,805;333,11
61593,09;333,576
61593,375;334,033
61593,66;334,481
61593,945;334,918
61594,23;335,344
61594,515;335,76
61594,8;336,163
61595,085;336,555
61595,37;336,934
61595,655;337,301
61595,94;337,656
61596,225;338
61596,51;338,332
61596,795;338,652
61597,08;338,962
61597,365;339,26
61597,65;339,548
61597,935;339,826
61598,22;340,093
61598,505;340,349
61598,79;340,596
61599,075;340,834
61599,36;341,061
61599,645;341,28
61599,93;341,489
61600,215;341,689
61600,5;341,881
61600,785;342,064
61601,07;342,239
61601,355;342,405
61601,64;342,564
61601,925;342,715
61602,21;342,858
61602,495;342,994
61602,78;343,123
61603,065;343,245
61603,35;343,36
61603,635;343,469
61603,92;343,571
61604,205;343,667
61604,49;343,758
61604,775;343,842
61605,06;343,921
61605,345;343,995
61605,63;344,063
61605,915;344,127
61606,2;344,186
61606,485;344,24
61606,77;344,29
61607,055;344,336
61607,34;344,378
61607,625;344,416
61607,91;344,45
61608,195;344,482
61608,48;344,51
61608,765;344,535
61609,05;344,557
61609,335;344,577
61609,62;344,595
61609,905;344,61
61610,19;344,623
61610,475;344,635
61610,76;344,645
61611,045;344,654
61611,33;344,661
61611,615;344,668
61611,9;344,674
61612,185;344,679
61612,47;344,683
61612,755;344,687
61613,04;344,69
61613,325;344,693
61613,61;344,694
61613,895;344,695
61614,18;344,695
61614,465;344,693
61614,75;344,691
61615,035;344,688
61615,32;344,684
61615,605;344,679
61615,89;344,672
61616,175;344,665
61616,46;344,656
61616,745;344,646
61617,03;344,635
61617,315;344,622
61617,6;344,609
61617,885;344,593
61618,17;344,577
61618,455;344,559
61618,74;344,54
61619,025;344,519
61619,31;344,496
61619,595;344,472
61619,88;344,446
61620,165;344,419
61620,45;344,39
61620,735;344,359
61621,02;344,327
61621,305;344,293
61621,59;344,257
61621,875;344,219
61622,16;344,179
61622,445;344,137
61622,73;344,093
61623,015;344,048
61623,3;344
61623,585;343,95
61623,87;343,898
61624,155;343,844
61624,44;343,787
61624,725;343,729
61625,01;343,668
61625,295;343,605
61625,58;343,54
61625,865;343,472
61626,15;343,402
61626,435;343,329
61626,72;343,254
61627,005;343,176
61627,29;343,096
61627,575;343,013
61627,86;342,928
61628,145;342,84
61628,43;342,749
61628,715;342,656
61629;342,559
61629,285;342,461
61629,57;342,359
61629,855;342,255
61630,14;342,148
61630,425;342,038
61630,71;341,925
61630,995;341,81
61631,28;341,693
61631,565;341,573
61631,85;341,45
61632,135;341,324
61632,42;341,196
61632,705;341,066
61632,99;340,933
61633,275;340,797
61633,56;340,659
61633,845;340,518
61634,13;340,375
61634,415;340,23
61634,7;340,082
61634,985;339,931
61635,27;339,778
61635,555;339,623
61635,84;339,465
61636,125;339,305
61636,41;339,143
61636,695;338,978
61636,98;338,811
61637,265;338,642
61637,55;338,47
61637,835;338,296
61638,12;338,12
61638,405;337,942
61638,69;337,761
61638,975;337,578
61639,26;337,393
61639,545;337,205
61639,83;337,016
61640,115;336,824
61640,4;336,63
61640,685;336,434
61640,97;336,236
61641,255;336,036
61641,54;335,834
61641,825;335,63
61642,11;335,423
61642,395;335,215
61642,68;335,004
61642,965;334,792
61643,25;334,577
61643,535;334,361
61643,82;334,142
61644,105;333,922
61644,39;333,7
61644,675;333,475
61644,96;333,249
61645,245;333,021
61645,53;332,791
61645,815;332,559
61646,1;332,326
61646,385;332,09
61646,67;331,853
61646,955;331,613
61647,24;331,372
61647,525;331,128
61647,81;330,883
61648,095;330,636
61648,38;330,387
61648,665;330,136
61648,95;329,882
61649,235;329,627
61649,52;329,37
61649,805;329,111
61650,09;328,849
61650,375;328,586
61650,66;328,32
61650,945;328,053
61651,23;327,783
61651,515;327,511
61651,8;327,238
61652,085;326,962
61652,37;326,683
61652,655;326,403
61652,94;326,121
61653,225;325,836
61653,51;325,549
61653,795;325,26
61654,08;324,969
61654,365;324,675
61654,65;324,379
61654,935;324,081
61655,22;323,781
61655,505;323,478
61655,79;323,173
61656,075;322,866
61656,36;322,557
61656,645;322,245
61656,93;321,931
61657,215;321,614
61657,5;321,295
61657,785;320,974
61658,07;320,65
61658,355;320,324
61658,64;319,996
61658,925;319,665
61659,21;319,331
61659,495;318,995
61659,78;318,657
61660,065;318,316
61660,35;317,973
61660,635;317,627
61660,92;317,279
61661,205;316,928
61661,49;316,575
61661,775;316,219
61662,06;315,861
61662,345;315,5
61662,63;315,136
61662,915;314,771
61663,2;314,403
61663,485;314,034
61663,77;313,664
61664,055;313,292
61664,34;312,92
61664,625;312,548
61664,91;312,176
61665,195;311,804
61665,48;311,433
61665,765;311,063
61666,05;310,694
61666,335;310,327
61666,62;309,962
61666,905;309,599
61667,19;309,239
61667,475;308,882
61667,76;308,528
61668,045;308,178
61668,33;307,831
61668,615;307,489
61668,9;307,151
61669,185;306,818
61669,47;306,491
61669,755;306,169
61670,04;305,853
61670,325;305,542
61670,61;305,239
61670,895;304,942
61671,18;304,652
61671,465;304,37
61671,75;304,096
61672,035;303,83
61672,32;303,572
61672,605;303,322
61672,89;303,082
61673,175;302,852
61673,46;302,631
61673,745;302,42
61674,03;302,219
61674,315;302,029
61674,6;301,85
61674,885;301,683
61675,17;301,527
61675,455;301,383
61675,74;301,251
61676,025;301,132
61676,31;301,026
61676,595;300,933
61676,88;300,853
61677,165;300,788
61677,45;300,737
61677,735;300,7
61678,02;300,678
61678,305;300,672
61678,59;300,68
61678,875;300,705
61679,16;300,746
61679,445;300,803
61679,73;300,876
61680,015;300,965
61680,3;301,069
61680,585;301,187
61680,87;301,32
61681,155;301,466
61681,44;301,626
61681,725;301,799
61682,01;301,985
61682,295;302,182
61682,58;302,391
61682,865;302,611
61683,15;302,842
61683,435;303,084
61683,72;303,335
61684,005;303,596
61684,29;303,866
61684,575;304,144
61684,86;304,431
61685,145;304,726
61685,43;305,027
61685,715;305,336
61686;305,651
61686,285;305,972
61686,57;306,299
61686,855;306,63
61687,14;306,967
61687,425;307,308
61687,71;307,652
61687,995;308,001
61688,28;308,352
61688,565;308,705
61688,85;309,061
61689,135;309,418
61689,42;309,777
61689,705;310,136
61689,99;310,496
61690,275;310,856
61690,56;311,215
61690,845;311,574
61691,13;311,931
61691,415;312,286
61691,7;312,639
61691,985;312,99
61692,27;313,337
61692,555;313,681
61692,84;314,021
61693,125;314,356
61693,41;314,687
61693,695;315,013
61693,98;315,332
61694,265;315,646
61694,55;315,953
61694,835;316,253
61695,12;316,546
61695,405;316,831
61695,69;317,107
61695,975;317,375
61696,26;317,634
61696,545;317,884
61696,83;318,126
61697,115;318,358
61697,4;318,583
61697,685;318,8
61697,97;319,009
61698,255;319,211
61698,54;319,406
61698,825;319,594
61699,11;319,775
61699,395;319,95
61699,68;320,118
61699,965;320,281
61700,25;320,438
61700,535;320,59
61700,82;320,736
61701,105;320,877
61701,39;321,014
61701,675;321,147
61701,96;321,275
61702,245;321,399
61702,53;321,52
61702,815;321,637
61703,1;321,751
61703,385;321,862
61703,67;321,97
61703,955;322,076
61704,24;322,18
61704,525;322,281
61704,81;322,381
61705,095;322,48
61705,38;322,577
61705,665;322,674
61705,95;322,769
61706,235;322,864
61706,52;322,959
61706,805;323,054
61707,09;323,15
61707,375;323,245
61707,66;323,342
61707,945;323,44
61708,23;323,538
61708,515;323,639
61708,8;323,741
61709,085;323,845
61709,37;323,951
61709,655;324,06
61709,94;324,172
61710,225;324,286
61710,51;324,404
61710,795;324,526
61711,08;324,651
61711,365;324,78
61711,65;324,913
61711,935;325,051
61712,22;325,194
61712,505;325,341
61712,79;325,494
61713,075;325,652
61713,36;325,816
61713,645;325,986
61713,93;326,162
61714,215;326,344
61714,5;326,533
61714,785;326,729
61715,07;326,932
61715,355;327,142
61715,64;327,36
61715,925;327,585
61716,21;327,818
61716,495;328,06
61716,78;328,31
61717,065;328,568
61717,35;328,835
61717,635;329,112
61717,92;329,397
61718,205;329,693
61718,49;329,998
61718,775;330,313
61719,06;330,638
61719,345;330,973
61719,63;331,319
61719,915;331,676
61720,2;332,045
61720,485;332,424
61720,77;332,815
61721,055;333,218
61721,34;333,632
61721,625;334,059
61721,91;334,499
61722,195;334,951
61722,48;335,416
61722,765;335,894
61723,05;336,385
61723,335;336,89
61723,62;337,409
61723,905;337,942
61724,19;338,489
61724,475;339,05
61724,76;339,626
61725,045;340,218
61725,33;340,824
61725,615;341,445
61725,9;342,082
61726,185;342,735
61726,47;343,404
61726,755;344,09
61727,04;344,791
61727,325;345,51
61727,61;346,245
61727,895;346,998
61728,18;347,768
61728,465;348,555
61728,75;349,361
61729,035;350,184
61729,32;351,026
61729,605;351,886
61729,89;352,765
61730,175;353,662
61730,46;354,577
61730,745;355,509
61731,03;356,457
61731,315;357,422
61731,6;358,402
61731,885;359,397
61732,17;360,406
61732,455;361,429
61732,74;362,466
61733,025;363,514
61733,31;364,576
61733,595;365,648
61733,88;366,732
61734,165;367,826
61734,45;368,93
61734,735;370,043
61735,02;371,165
61735,305;372,295
61735,59;373,433
61735,875;374,578
61736,16;375,729
61736,445;376,887
61736,73;378,049
61737,015;379,217
61737,3;380,389
61737,585;381,564
61737,87;382,743
61738,155;383,924
61738,44;385,107
61738,725;386,292
61739,01;387,478
61739,295;388,664
61739,58;389,85
61739,865;391,035
61740,15;392,218
61740,435;393,4
61740,72;394,58
61741,005;395,756
61741,29;396,929
61741,575;398,097
61741,86;399,261
61742,145;400,42
61742,43;401,573
61742,715;402,719
61743;403,859
61743,285;404,991
61743,57;406,115
61743,855;407,231
61744,14;408,337
61744,425;409,434
61744,71;410,52
61744,995;411,595
61745,28;412,66
61745,565;413,712
61745,85;414,751
61746,135;415,778
61746,42;416,79
61746,705;417,789
61746,99;418,774
61747,275;419,744
61747,56;420,7
61747,845;421,642
61748,13;422,571
61748,415;423,485
61748,7;424,386
61748,985;425,274
61749,27;426,148
61749,555;427,008
61749,84;427,855
61750,125;428,689
61750,41;429,51
61750,695;430,318
61750,98;431,112
61751,265;431,894
61751,55;432,664
61751,835;433,42
61752,12;434,164
61752,405;434,896
61752,69;435,615
61752,975;436,322
61753,26;437,016
61753,545;437,699
61753,83;438,369
61754,115;439,028
61754,4;439,675
61754,685;440,31
61754,97;440,933
61755,255;441,545
61755,54;442,145
61755,825;442,734
61756,11;443,312
61756,395;443,879
61756,68;444,434
61756,965;444,979
61757,25;445,512
61757,535;446,035
61757,82;446,547
61758,105;447,048
61758,39;447,539
61758,675;448,02
61758,96;448,49
61759,245;448,949
61759,53;449,399
61759,815;449,839
61760,1;450,268
61760,385;450,688
61760,67;451,098
61760,955;451,498
61761,24;451,889
61761,525;452,27
61761,81;452,642
61762,095;453,004
61762,38;453,357
61762,665;453,701
61762,95;454,036
61763,235;454,362
61763,52;454,679
61763,805;454,988
61764,09;455,289
61764,375;455,583
61764,66;455,87
61764,945;456,151
61765,23;456,427
61765,515;456,698
61765,8;456,965
61766,085;457,228
61766,37;457,489
61766,655;457,747
61766,94;458,003
61767,225;458,258
61767,51;458,513
61767,795;458,768
61768,08;459,023
61768,365;459,28
61768,65;459,538
61768,935;459,8
61769,22;460,064
61769,505;460,332
61769,79;460,604
61770,075;460,881
61770,36;461,164
61770,645;461,452
61770,93;461,748
61771,215;462,051
61771,5;462,362
61771,785;462,681
61772,07;463,009
61772,355;463,348
61772,64;463,696
61772,925;464,056
61773,21;464,427
61773,495;464,81
61773,78;465,206
61774,065;465,616
61774,35;466,039
61774,635;466,477
61774,92;466,931
61775,205;467,4
61775,49;467,885
61775,775;468,388
61776,06;468,908
61776,345;469,446
61776,63;470,003
61776,915;470,58
61777,2;471,176
61777,485;471,794
61777,77;472,432
61778,055;473,093
61778,34;473,776
61778,625;474,481
61778,91;475,211
61779,195;475,965
61779,48;476,744
61779,765;477,548
61780,05;478,378
61780,335;479,235
61780,62;480,118
61780,905;481,027
61781,19;481,96
61781,475;482,917
61781,76;483,897
61782,045;484,898
61782,33;485,921
61782,615;486,963
61782,9;488,025
61783,185;489,106
61783,47;490,204
61783,755;491,318
61784,04;492,448
61784,325;493,593
61784,61;494,752
61784,895;495,925
61785,18;497,109
61785,465;498,305
61785,75;499,511
61786,035;500,727
61786,32;501,951
61786,605;503,184
61786,89;504,423
61787,175;505,668
61787,46;506,919
61787,745;508,174
61788,03;509,432
61788,315;510,693
61788,6;511,956
61788,885;513,219
61789,17;514,482
61789,455;515,745
61789,74;517,005
61790,025;518,263
61790,31;519,517
61790,595;520,767
61790,88;522,011
61791,165;523,249
61791,45;524,48
61791,735;525,703
61792,02;526,917
61792,305;528,122
61792,59;529,315
61792,875;530,497
61793,16;531,667
61793,445;532,824
61793,73;533,966
61794,015;535,093
61794,3;536,205
61794,585;537,299
61794,87;538,376
61795,155;539,435
61795,44;540,474
61795,725;541,492
61796,01;542,49
61796,295;543,465
61796,58;544,418
61796,865;545,346
61797,15;546,25
61797,435;547,129
61797,72;547,984
61798,005;548,815
61798,29;549,622
61798,575;550,405
61798,86;551,166
61799,145;551,904
61799,43;552,62
61799,715;553,314
61800;553,986
61800,285;554,638
61800,57;555,269
61800,855;555,879
61801,14;556,47
61801,425;557,041
61801,71;557,593
61801,995;558,125
61802,28;558,64
61802,565;559,136
61802,85;559,615
61803,135;560,077
61803,42;560,521
61803,705;560,949
61803,99;561,361
61804,275;561,757
61804,56;562,137
61804,845;562,503
61805,13;562,853
61805,415;563,19
61805,7;563,512
61805,985;563,821
61806,27;564,117
61806,555;564,4
61806,84;564,67
61807,125;564,929
61807,41;565,175
61807,695;565,411
61807,98;565,635
61808,265;565,849
61808,55;566,053
61808,835;566,247
61809,12;566,431
61809,405;566,607
61809,69;566,773
61809,975;566,932
61810,26;567,082
61810,545;567,225
61810,83;567,361
61811,115;567,49
61811,4;567,612
61811,685;567,729
61811,97;567,84
61812,255;567,945
61812,54;568,046
61812,825;568,142
61813,11;568,234
61813,395;568,322
61813,68;568,406
61813,965;568,488
61814,25;568,566
61814,535;568,642
61814,82;568,715
61815,105;568,785
61815,39;568,852
61815,675;568,917
61815,96;568,978
61816,245;569,036
61816,53;569,092
61816,815;569,145
61817,1;569,195
61817,385;569,241
61817,67;569,286
61817,955;569,327
61818,24;569,365
61818,525;569,4
61818,81;569,433
61819,095;569,462
61819,38;569,489
61819,665;569,512
61819,95;569,533
61820,235;569,551
61820,52;569,566
61820,805;569,578
61821,09;569,587
61821,375;569,594
61821,66;569,597
61821,945;569,597
61822,23;569,595
61822,515;569,589
61822,8;569,581
61823,085;569,57
61823,37;569,556
61823,655;569,538
61823,94;569,518
61824,225;569,495
61824,51;569,47
61824,795;569,441
61825,08;569,409
61825,365;569,374
61825,65;569,336
61825,935;569,296
61826,22;569,252
61826,505;569,206
61826,79;569,156
61827,075;569,104
61827,36;569,049
61827,645;568,99
61827,93;568,929
61828,215;568,865
61828,5;568,798
61828,785;568,728
61829,07;568,655
61829,355;568,579
61829,64;568,5
61829,925;568,418
61830,21;568,333
61830,495;568,245
61830,78;568,154
61831,065;568,061
61831,35;567,964
61831,635;567,864
61831,92;567,761
61832,205;567,655
61832,49;567,545
61832,775;567,433
61833,06;567,317
61833,345;567,198
61833,63;567,075
61833,915;566,949
61834,2;566,82
61834,485;566,687
61834,77;566,55
61835,055;566,41
61835,34;566,266
61835,625;566,119
61835,91;565,968
61836,195;565,813
61836,48;565,654
61836,765;565,492
61837,05;565,325
61837,335;565,155
61837,62;564,981
61837,905;564,802
61838,19;564,62
61838,475;564,433
61838,76;564,243
61839,045;564,048
61839,33;563,849
61839,615;563,645
61839,9;563,438
61840,185;563,226
61840,47;563,009
61840,755;562,789
61841,04;562,563
61841,325;562,333
61841,61;562,099
61841,895;561,86
61842,18;561,616
61842,465;561,368
61842,75;561,114
61843,035;560,857
61843,32;560,594
61843,605;560,326
61843,89;560,053
61844,175;559,776
61844,46;559,493
61844,745;559,206
61845,03;558,913
61845,315;558,615
61845,6;558,312
61845,885;558,004
61846,17;557,691
61846,455;557,372
61846,74;557,048
61847,025;556,718
61847,31;556,383
61847,595;556,043
61847,88;555,697
61848,165;555,346
61848,45;554,989
61848,735;554,628
61849,02;554,262
61849,305;553,891
61849,59;553,515
61849,875;553,134
61850,16;552,75
61850,445;552,361
61850,73;551,968
61851,015;551,571
61851,3;551,17
61851,585;550,765
61851,87;550,356
61852,155;549,945
61852,44;549,529
61852,725;549,111
61853,01;548,69
61853,295;548,265
61853,58;547,838
61853,865;547,408
61854,15;546,976
61854,435;546,541
61854,72;546,103
61855,005;545,664
61855,29;545,223
61855,575;544,779
61855,86;544,334
61856,145;543,888
61856,43;543,439
61856,715;542,99
61857;542,539
61857,285;542,087
61857,57;541,634
61857,855;541,18
61858,14;540,726
61858,425;540,271
61858,71;539,815
61858,995;539,36
61859,28;538,903
61859,565;538,447
61859,85;537,991
61860,135;537,536
61860,42;537,08
61860,705;536,625
61860,99;536,171
61861,275;535,717
61861,56;535,264
61861,845;534,812
61862,13;534,361
61862,415;533,912
61862,7;533,464
61862,985;533,017
61863,27;532,572
61863,555;532,129
61863,84;531,688
61864,125;531,249
61864,41;530,812
61864,695;530,377
61864,98;529,944
61865,265;529,513
61865,55;529,083
61865,835;528,655
61866,12;528,228
61866,405;527,802
61866,69;527,377
61866,975;526,952
61867,26;526,527
61867,545;526,102
61867,83;525,677
61868,115;525,252
61868,4;524,826
61868,685;524,4
61868,97;523,972
61869,255;523,543
61869,54;523,113
61869,825;522,681
61870,11;522,247
61870,395;521,811
61870,68;521,373
61870,965;520,932
61871,25;520,489
61871,535;520,043
61871,82;519,593
61872,105;519,14
61872,39;518,684
61872,675;518,224
61872,96;517,759
61873,245;517,291
61873,53;516,818
61873,815;516,34
61874,1;515,858
61874,385;515,37
61874,67;514,878
61874,955;514,379
61875,24;513,875
61875,525;513,365
61875,81;512,849
61876,095;512,327
61876,38;511,798
61876,665;511,262
61876,95;510,719
61877,235;510,169
61877,52;509,612
61877,805;509,047
61878,09;508,474
61878,375;507,893
61878,66;507,304
61878,945;506,706
61879,23;506,1
61879,515;505,484
61879,8;504,86
61880,085;504,226
61880,37;503,583
61880,655;502,929
61880,94;502,266
61881,225;501,593
61881,51;500,909
61881,795;500,216
61882,08;499,512
61882,365;498,799
61882,65;498,077
61882,935;497,346
61883,22;496,607
61883,505;495,859
61883,79;495,102
61884,075;494,338
61884,36;493,567
61884,645;492,788
61884,93;492,002
61885,215;491,21
61885,5;490,411
61885,785;489,605
61886,07;488,794
61886,355;487,977
61886,64;487,155
61886,925;486,328
61887,21;485,495
61887,495;484,659
61887,78;483,817
61888,065;482,972
61888,35;482,124
61888,635;481,271
61888,92;480,416
61889,205;479,557
61889,49;478,696
61889,775;477,833
61890,06;476,967
61890,345;476,1
61890,63;475,231
61890,915;474,36
61891,2;473,489
61891,485;472,617
61891,77;471,744
61892,055;470,871
61892,34;469,999
61892,625;469,126
61892,91;468,254
61893,195;467,384
61893,48;466,514
61893,765;465,645
61894,05;464,779
61894,335;463,914
61894,62;463,052
61894,905;462,192
61895,19;461,335
61895,475;460,481
61895,76;459,63
61896,045;458,783
61896,33;457,94
61896,615;457,101
61896,9;456,266
61897,185;455,436
61897,47;454,611
61897,755;453,791
61898,04;452,977
61898,325;452,169
61898,61;451,366
61898,895;450,569
61899,18;449,777
61899,465;448,991
61899,75;448,211
61900,035;447,436
61900,32;446,667
61900,605;445,904
61900,89;445,146
61901,175;444,393
61901,46;443,646
61901,745;442,904
61902,03;442,167
61902,315;441,436
61902,6;440,711
61902,885;439,99
61903,17;439,275
61903,455;438,565
61903,74;437,86
61904,025;437,161
61904,31;436,467
61904,595;435,777
61904,88;435,093
61905,165;434,414
61905,45;433,741
61905,735;433,072
61906,02;432,408
61906,305;431,749
61906,59;431,095
61906,875;430,446
61907,16;429,802
61907,445;429,163
61907,73;428,529
61908,015;427,9
61908,3;427,275
61908,585;426,655
61908,87;426,04
61909,155;425,43
61909,44;424,824
61909,725;424,223
61910,01;423,627
61910,295;423,035
61910,58;422,448
61910,865;421,865
61911,15;421,287
61911,435;420,714
61911,72;420,145
61912,005;419,58
61912,29;419,02
61912,575;418,464
61912,86;417,913
61913,145;417,366
61913,43;416,823
61913,715;416,285
61914;415,751
61914,285;415,221
61914,57;414,696
61914,855;414,174
61915,14;413,657
61915,425;413,144
61915,71;412,635
61915,995;412,13
61916,28;411,629
61916,565;411,132
61916,85;410,639
61917,135;410,15
61917,42;409,665
61917,705;409,184
61917,99;408,706
61918,275;408,233
61918,56;407,763
61918,845;407,297
61919,13;406,834
61919,415;406,375
61919,7;405,92
61919,985;405,468
61920,27;405,02
61920,555;404,575
61920,84;404,133
61921,125;403,696
61921,41;403,261
61921,695;402,83
61921,98;402,402
61922,265;401,977
61922,55;401,556
61922,835;401,138
61923,12;400,723
61923,405;400,311
61923,69;399,902
61923,975;399,496
61924,26;399,094
61924,545;398,694
61924,83;398,297
61925,115;397,903
61925,4;397,512
61925,685;397,124
61925,97;396,739
61926,255;396,356
61926,54;395,976
61926,825;395,599
61927,11;395,225
61927,395;394,853
61927,68;394,484
61927,965;394,117
61928,25;393,753
61928,535;393,391
61928,82;393,032
61929,105;392,675
61929,39;392,321
61929,675;391,968
61929,96;391,619
61930,245;391,271
61930,53;390,926
61930,815;390,583
61931,1;390,242
61931,385;389,903
61931,67;389,566
61931,955;389,231
61932,24;388,899
61932,525;388,568
61932,81;388,239
61933,095;387,912
61933,38;387,587
61933,665;387,264
61933,95;386,943
61934,235;386,623
61934,52;386,305
61934,805;385,989
61935,09;385,674
61935,375;385,361
61935,66;385,05
61935,945;384,74
61936,23;384,432
61936,515;384,125
61936,8;383,819
61937,085;383,515
61937,37;383,213
61937,655;382,911
61937,94;382,611
61938,225;382,312
61938,51;382,015
61938,795;381,718
61939,08;381,423
61939,365;381,128
61939,65;380,835
61939,935;380,543
61940,22;380,252
61940,505;379,962
61940,79;379,672
61941,075;379,384
61941,36;379,096
61941,645;378,809
61941,93;378,523
61942,215;378,238
61942,5;377,953
61942,785;377,669
61943,07;377,386
61943,355;377,103
61943,64;376,821
61943,925;376,539
61944,21;376,258
61944,495;375,977
61944,78;375,697
61945,065;375,417
61945,35;375,137
61945,635;374,858
61945,92;374,578
61946,205;374,3
61946,49;374,021
61946,775;373,742
61947,06;373,464
61947,345;373,185
61947,63;372,907
61947,915;372,628
61948,2;372,35
61948,485;372,071
61948,77;371,793
61949,055;371,514
61949,34;371,236
61949,625;370,959
61949,91;370,683
61950,195;370,409
61950,48;370,136
61950,765;369,865
61951,05;369,597
61951,335;369,332
61951,62;369,069
61951,905;368,81
61952,19;368,554
61952,475;368,303
61952,76;368,056
61953,045;367,813
61953,33;367,575
61953,615;367,343
61953,9;367,116
61954,185;366,895
61954,47;366,68
61954,755;366,472
61955,04;366,27
61955,325;366,076
61955,61;365,889
61955,895;365,71
61956,18;365,539
61956,465;365,376
61956,75;365,222
61957,035;365,077
61957,32;364,941
61957,605;364,815
61957,89;364,699
61958,175;364,593
61958,46;364,498
61958,745;364,413
61959,03;364,34
61959,315;364,279
61959,6;364,229
61959,885;364,191
61960,17;364,166
61960,455;364,154
61960,74;364,155
61961,025;364,169
61961,31;364,197
61961,595;364,239
61961,88;364,296
61962,165;364,367
61962,45;364,453
61962,735;364,554
61963,02;364,672
61963,305;364,805
61963,59;364,954
61963,875;365,12
61964,16;365,302
61964,445;365,502
61964,73;365,72
61965,015;365,955
61965,3;366,209
61965,585;366,481
61965,87;366,771
61966,155;367,078
61966,44;367,403
61966,725;367,745
61967,01;368,102
61967,295;368,476
61967,58;368,866
61967,865;369,27
61968,15;369,689
61968,435;370,122
61968,72;370,569
61969,005;371,029
61969,29;371,502
61969,575;371,987
61969,86;372,484
61970,145;372,993
61970,43;373,513
61970,715;374,044
61971;374,585
61971,285;375,135
61971,57;375,695
61971,855;376,264
61972,14;376,841
61972,425;377,427
61972,71;378,019
61972,995;378,62
61973,28;379,226
61973,565;379,84
61973,85;380,458
61974,135;381,083
61974,42;381,712
61974,705;382,346
61974,99;382,984
61975,275;383,626
61975,56;384,27
61975,845;384,918
61976,13;385,568
61976,415;386,22
61976,7;386,873
61976,985;387,528
61977,27;388,183
61977,555;388,838
61977,84;389,493
61978,125;390,147
61978,41;390,8
61978,695;391,451
61978,98;392,101
61979,265;392,748
61979,55;393,392
61979,835;394,033
61980,12;394,67
61980,405;395,302
61980,69;395,93
61980,975;396,553
61981,26;397,171
61981,545;397,782
61981,83;398,388
61982,115;398,986
61982,4;399,577
61982,685;400,161
61982,97;400,738
61983,255;401,308
61983,54;401,872
61983,825;402,43
61984,11;402,982
61984,395;403,528
61984,68;404,069
61984,965;404,605
61985,25;405,135
61985,535;405,661
61985,82;406,183
61986,105;406,7
61986,39;407,213
61986,675;407,723
61986,96;408,229
61987,245;408,731
61987,53;409,231
61987,815;409,728
61988,1;410,222
61988,385;410,714
61988,67;411,204
61988,955;411,692
61989,24;412,179
61989,525;412,664
61989,81;413,148
61990,095;413,631
61990,38;414,114
61990,665;414,596
61990,95;415,078
61991,235;415,56
61991,52;416,043
61991,805;416,526
61992,09;417,01
61992,375;417,495
61992,66;417,981
61992,945;418,469
61993,23;418,959
61993,515;419,451
61993,8;419,945
61994,085;420,441
61994,37;420,941
61994,655;421,443
61994,94;421,948
61995,225;422,457
61995,51;422,97
61995,795;423,487
61996,08;424,008
61996,365;424,533
61996,65;425,063
61996,935;425,598
61997,22;426,138
61997,505;426,684
61997,79;427,235
61998,075;427,792
61998,36;428,356
61998,645;428,925
61998,93;429,502
61999,215;430,085
61999,5;430,675
61999,785;431,271
62000,07;431,873
62000,355;432,481
62000,64;433,094
62000,925;433,712
62001,21;434,335
62001,495;434,963
62001,78;435,595
62002,065;436,23
62002,35;436,869
62002,635;437,512
62002,92;438,157
62003,205;438,804
62003,49;439,454
62003,775;440,106
62004,06;440,76
62004,345;441,415
62004,63;442,07
62004,915;442,727
62005,2;443,384
62005,485;444,04
62005,77;444,697
62006,055;445,353
62006,34;446,008
62006,625;446,662
62006,91;447,314
62007,195;447,964
62007,48;448,613
62007,765;449,258
62008,05;449,901
62008,335;450,541
62008,62;451,178
62008,905;451,81
62009,19;452,439
62009,475;453,063
62009,76;453,682
62010,045;454,297
62010,33;454,906
62010,615;455,509
62010,9;456,107
62011,185;456,698
62011,47;457,283
62011,755;457,86
62012,04;458,431
62012,325;458,994
62012,61;459,549
62012,895;460,096
62013,18;460,634
62013,465;461,164
62013,75;461,684
62014,035;462,196
62014,32;462,697
62014,605;463,188
62014,89;463,669
62015,175;464,139
62015,46;464,598
62015,745;465,046
62016,03;465,482
62016,315;465,907
62016,6;466,321
62016,885;466,724
62017,17;467,116
62017,455;467,499
62017,74;467,873
62018,025;468,237
62018,31;468,593
62018,595;468,941
62018,88;469,28
62019,165;469,613
62019,45;469,938
62019,735;470,257
62020,02;470,569
62020,305;470,875
62020,59;471,176
62020,875;471,473
62021,16;471,764
62021,445;472,051
62021,73;472,335
62022,015;472,614
62022,3;472,891
62022,585;473,166
62022,87;473,438
62023,155;473,708
62023,44;473,977
62023,725;474,245
62024,01;474,512
62024,295;474,779
62024,58;475,046
62024,865;475,313
62025,15;475,582
62025,435;475,852
62025,72;476,124
62026,005;476,398
62026,29;476,675
62026,575;476,954
62026,86;477,237
62027,145;477,524
62027,43;477,815
62027,715;478,111
62028;478,411
62028,285;478,717
62028,57;479,029
62028,855;479,347
62029,14;479,672
62029,425;480,003
62029,71;480,342
62029,995;480,689
62030,28;481,044
62030,565;481,408
62030,85;481,78
62031,135;482,162
62031,42;482,554
62031,705;482,956
62031,99;483,369
62032,275;483,793
62032,56;484,228
62032,845;484,675
62033,13;485,133
62033,415;485,604
62033,7;486,085
62033,985;486,578
62034,27;487,082
62034,555;487,596
62034,84;488,121
62035,125;488,656
62035,41;489,202
62035,695;489,757
62035,98;490,321
62036,265;490,895
62036,55;491,478
62036,835;492,071
62037,12;492,671
62037,405;493,281
62037,69;493,898
62037,975;494,524
62038,26;495,157
62038,545;495,798
62038,83;496,447
62039,115;497,102
62039,4;497,765
62039,685;498,434
62039,97;499,11
62040,255;499,792
62040,54;500,48
62040,825;501,174
62041,11;501,873
62041,395;502,578
62041,68;503,288
62041,965;504,003
62042,25;504,723
62042,535;505,447
62042,82;506,175
62043,105;506,908
62043,39;507,644
62043,675;508,384
62043,96;509,128
62044,245;509,874
62044,53;510,624
62044,815;511,376
62045,1;512,131
62045,385;512,888
62045,67;513,647
62045,955;514,408
62046,24;515,17
62046,525;515,934
62046,81;516,699
62047,095;517,465
62047,38;518,232
62047,665;518,999
62047,95;519,767
62048,235;520,534
62048,52;521,302
62048,805;522,069
62049,09;522,835
62049,375;523,601
62049,66;524,365
62049,945;525,129
62050,23;525,891
62050,515;526,652
62050,8;527,411
62051,085;528,169
62051,37;528,925
62051,655;529,679
62051,94;530,432
62052,225;531,183
62052,51;531,931
62052,795;532,678
62053,08;533,423
62053,365;534,165
62053,65;534,905
62053,935;535,642
62054,22;536,377
62054,505;537,109
62054,79;537,839
62055,075;538,566
62055,36;539,29
62055,645;540,011
62055,93;540,729
62056,215;541,443
62056,5;542,155
62056,785;542,863
62057,07;543,568
62057,355;544,269
62057,64;544,967
62057,925;545,661
62058,21;546,351
62058,495;547,038
62058,78;547,72
62059,065;548,398
62059,35;549,073
62059,635;549,743
62059,92;550,409
62060,205;551,07
62060,49;551,727
62060,775;552,379
62061,06;553,027
62061,345;553,67
62061,63;554,308
62061,915;554,941
62062,2;555,569
62062,485;556,192
62062,77;556,81
62063,055;557,423
62063,34;558,03
62063,625;558,632
62063,91;559,228
62064,195;559,819
62064,48;560,404
62064,765;560,983
62065,05;561,556
62065,335;562,123
62065,62;562,684
62065,905;563,239
62066,19;563,788
62066,475;564,33
62066,76;564,866
62067,045;565,396
62067,33;565,92
62067,615;566,439
62067,9;566,953
62068,185;567,461
62068,47;567,965
62068,755;568,465
62069,04;568,96
62069,325;569,452
62069,61;569,939
62069,895;570,423
62070,18;570,905
62070,465;571,383
62070,75;571,858
62071,035;572,332
62071,32;572,803
62071,605;573,272
62071,89;573,739
62072,175;574,206
62072,46;574,671
62072,745;575,135
62073,03;575,599
62073,315;576,062
62073,6;576,526
62073,885;576,989
62074,17;577,453
62074,455;577,918
62074,74;578,384
62075,025;578,851
62075,31;579,319
62075,595;579,789
62075,88;580,261
62076,165;580,736
62076,45;581,213
62076,735;581,693
62077,02;582,175
62077,305;582,661
62077,59;583,151
62077,875;583,645
62078,16;584,142
62078,445;584,644
62078,73;585,15
62079,015;585,662
62079,3;586,178
62079,585;586,7
62079,87;587,227
62080,155;587,761
62080,44;588,3
62080,725;588,846
62081,01;589,399
62081,295;589,958
62081,58;590,525
62081,865;591,099
62082,15;591,68
62082,435;592,27
62082,72;592,868
62083,005;593,474
62083,29;594,089
62083,575;594,713
62083,86;595,345
62084,145;595,984
62084,43;596,631
62084,715;597,285
62085;597,946
62085,285;598,612
62085,57;599,284
62085,855;599,96
62086,14;600,642
62086,425;601,327
62086,71;602,017
62086,995;602,709
62087,28;603,405
62087,565;604,102
62087,85;604,802
62088,135;605,503
62088,42;606,205
62088,705;606,907
62088,99;607,61
62089,275;608,312
62089,56;609,014
62089,845;609,714
62090,13;610,413
62090,415;611,109
62090,7;611,803
62090,985;612,494
62091,27;613,181
62091,555;613,864
62091,84;614,543
62092,125;615,217
62092,41;615,885
62092,695;616,548
62092,98;617,205
62093,265;617,855
62093,55;618,498
62093,835;619,133
62094,12;619,76
62094,405;620,379
62094,69;620,989
62094,975;621,589
62095,26;622,18
62095,545;622,76
62095,83;623,329
62096,115;623,888
62096,4;624,434
62096,685;624,969
62096,97;625,491
62097,255;626
62097,54;626,496
62097,825;626,978
62098,11;627,445
62098,395;627,898
62098,68;628,335
62098,965;628,757
62099,25;629,162
62099,535;629,551
62099,82;629,923
62100,105;630,277
62100,39;630,614
62100,675;630,934
62100,96;631,239
62101,245;631,528
62101,53;631,803
62101,815;632,064
62102,1;632,313
62102,385;632,549
62102,67;632,775
62102,955;632,99
62103,24;633,196
62103,525;633,393
62103,81;633,582
62104,095;633,763
62104,38;633,939
62104,665;634,109
62104,95;634,274
62105,235;634,435
62105,52;634,593
62105,805;634,749
62106,09;634,903
62106,375;635,056
62106,66;635,209
62106,945;635,364
62107,23;635,519
62107,515;635,677
62107,8;635,838
62108,085;636,004
62108,37;636,174
62108,655;636,349
62108,94;636,531
62109,225;636,72
62109,51;636,918
62109,795;637,123
62110,08;637,339
62110,365;637,565
62110,65;637,802
62110,935;638,05
62111,22;638,312
62111,505;638,587
62111,79;638,877
62112,075;639,181
62112,36;639,502
62112,645;639,839
62112,93;640,194
62113,215;640,567
62113,5;640,959
62113,785;641,371
62114,07;641,804
62114,355;642,258
62114,64;642,734
62114,925;643,234
62115,21;643,757
62115,495;644,305
62115,78;644,879
62116,065;645,479
62116,35;646,106
62116,635;646,761
62116,92;647,444
62117,205;648,156
62117,49;648,895
62117,775;649,66
62118,06;650,448
62118,345;651,259
62118,63;652,09
62118,915;652,941
62119,2;653,809
62119,485;654,692
62119,77;655,59
62120,055;656,501
62120,34;657,422
62120,625;658,353
62120,91;659,291
62121,195;660,236
62121,48;661,185
62121,765;662,137
62122,05;663,091
62122,335;664,044
62122,62;664,995
62122,905;665,942
62123,19;666,885
62123,475;667,82
62123,76;668,748
62124,045;669,665
62124,33;670,57
62124,615;671,463
62124,9;672,34
62125,185;673,201
62125,47;674,044
62125,755;674,868
62126,04;675,67
62126,325;676,449
62126,61;677,203
62126,895;677,932
62127,18;678,633
62127,465;679,304
62127,75;679,944
62128,035;680,552
62128,32;681,126
62128,605;681,663
62128,89;682,164
62129,175;682,625
62129,46;683,046
62129,745;683,424
62130,03;683,758
62130,315;684,047
62130,6;684,289
62130,885;684,482
62131,17;684,625
62131,455;684,716
62131,74;755
62132,025;684,735
62132,31;684,661
62132,595;684,528
62132,88;684,334
62133,165;684,08
62133,45;683,762
62133,735;683,379
62134,02;682,931
62134,305;682,418
62134,59;681,843
62134,875;681,208
62135,16;680,513
62135,445;679,76
62135,73;678,951
62136,015;678,088
62136,3;677,172
62136,585;676,205
62136,87;675,189
62137,155;674,124
62137,44;673,013
62137,725;671,857
62138,01;670,659
62138,295;669,418
62138,58;668,138
62138,865;666,82
62139,15;665,465
62139,435;664,075
62139,72;662,651
62140,005;661,196
62140,29;659,711
62140,575;658,197
62140,86;656,656
62141,145;655,089
62141,43;653,499
62141,715;651,887
62142;650,254
62142,285;648,603
62142,57;646,934
62142,855;645,249
62143,14;643,551
62143,425;641,84
62143,71;640,118
62143,995;638,387
62144,28;636,649
62144,565;634,904
62144,85;633,155
62145,135;631,404
62145,42;629,651
62145,705;627,899
62145,99;626,149
62146,275;624,402
62146,56;622,661
62146,845;620,927
62147,13;619,202
62147,415;617,486
62147,7;615,783
62147,985;614,093
62148,27;612,418
62148,555;610,759
62148,84;609,119
62149,125;607,499
62149,41;605,9
62149,695;604,324
62149,98;602,773
62150,265;601,248
62150,55;599,752
62150,835;598,284
62151,12;596,845
62151,405;595,436
62151,69;594,055
62151,975;592,702
62152,26;591,378
62152,545;590,082
62152,83;588,814
62153,115;587,574
62153,4;586,362
62153,685;585,177
62153,97;584,019
62154,255;582,888
62154,54;581,784
62154,825;580,707
62155,11;579,656
62155,395;578,631
62155,68;577,633
62155,965;576,661
62156,25;575,714
62156,535;574,793
62156,82;573,897
62157,105;573,027
62157,39;572,181
62157,675;571,361
62157,96;570,565
62158,245;569,793
62158,53;569,046
62158,815;568,323
62159,1;567,624
62159,385;566,948
62159,67;566,296
62159,955;565,668
62160,24;565,062
62160,525;564,48
62160,81;563,92
62161,095;563,384
62161,38;562,869
62161,665;562,377
62161,95;561,907
62162,235;561,458
62162,52;561,032
62162,805;560,627
62163,09;560,243
62163,375;559,88
62163,66;559,539
62163,945;559,218
62164,23;558,918
62164,515;558,638
62164,8;558,378
62165,085;558,139
62165,37;557,919
62165,655;557,719
62165,94;557,539
62166,225;557,377
62166,51;557,235
62166,795;557,112
62167,08;557,008
62167,365;556,922
62167,65;556,854
62167,935;556,804
62168,22;556,769
62168,505;556,749
62168,79;556,743
62169,075;556,749
62169,36;556,765
62169,645;556,792
62169,93;556,828
62170,215;556,871
62170,5;556,921
62170,785;556,975
62171,07;557,034
62171,355;557,096
62171,64;557,159
62171,925;557,222
62172,21;557,285
62172,495;557,345
62172,78;557,403
62173,065;557,455
62173,35;557,503
62173,635;557,544
62173,92;557,576
62174,205;557,6
62174,49;557,613
62174,775;557,614
62175,06;557,603
62175,345;557,578
62175,63;557,538
62175,915;557,481
62176,2;557,407
62176,485;557,314
62176,77;557,201
62177,055;557,068
62177,34;556,911
62177,625;556,732
62177,91;556,527
62178,195;556,297
62178,48;556,04
62178,765;555,754
62179,05;555,439
62179,335;555,094
62179,62;554,716
62179,905;554,306
62180,19;553,861
62180,475;553,381
62180,76;552,864
62181,045;552,309
62181,33;551,716
62181,615;551,082
62181,9;550,407
62182,185;549,689
62182,47;548,927
62182,755;548,121
62183,04;547,268
62183,325;546,368
62183,61;545,419
62183,895;544,421
62184,18;543,371
62184,465;542,27
62184,75;541,119
62185,035;539,919
62185,32;538,673
62185,605;537,382
62185,89;536,047
62186,175;534,672
62186,46;533,256
62186,745;531,803
62187,03;530,314
62187,315;528,791
62187,6;527,236
62187,885;525,649
62188,17;524,035
62188,455;522,393
62188,74;520,725
62189,025;519,035
62189,31;517,322
62189,595;515,59
62189,88;513,84
62190,165;512,074
62190,45;510,292
62190,735;508,499
62191,02;506,694
62191,305;504,88
62191,59;503,059
62191,875;501,232
62192,16;499,402
62192,445;497,569
62192,73;495,737
62193,015;493,906
62193,3;492,078
62193,585;490,255
62193,87;488,44
62194,155;486,633
62194,44;484,836
62194,725;483,052
62195,01;481,282
62195,295;479,528
62195,58;477,792
62195,865;476,075
62196,15;474,38
62196,435;472,707
62196,72;471,059
62197,005;469,438
62197,29;467,846
62197,575;466,283
62197,86;464,753
62198,145;463,256
62198,43;461,795
62198,715;460,371
62199;458,986
62199,285;457,642
62199,57;456,341
62199,855;455,085
62200,14;453,874
62200,425;452,712
62200,71;451,6
62200,995;450,539
62201,28;449,532
62201,565;448,577
62201,85;447,673
62202,135;446,82
62202,42;446,017
62202,705;445,262
62202,99;444,554
62203,275;443,893
62203,56;443,278
62203,845;442,707
62204,13;442,18
62204,415;441,695
62204,7;441,251
62204,985;440,848
62205,27;440,485
62205,555;440,16
62205,84;439,872
62206,125;439,621
62206,41;439,406
62206,695;439,225
62206,98;439,077
62207,265;438,962
62207,55;438,878
62207,835;438,824
62208,12;438,8
62208,405;438,805
62208,69;438,837
62208,975;438,895
62209,26;438,978
62209,545;439,086
62209,83;439,218
62210,115;439,372
62210,4;439,547
62210,685;439,742
62210,97;439,957
62211,255;440,19
62211,54;440,441
62211,825;440,708
62212,11;440,99
62212,395;441,287
62212,68;441,596
62212,965;441,919
62213,25;442,252
62213,535;442,596
62213,82;442,949
62214,105;443,311
62214,39;443,679
62214,675;444,055
62214,96;444,435
62215,245;444,819
62215,53;445,207
62215,815;445,597
62216,1;445,989
62216,385;446,381
62216,67;446,771
62216,955;447,161
62217,24;447,547
62217,525;447,93
62217,81;448,307
62218,095;448,68
62218,38;449,046
62218,665;449,407
62218,95;449,764
62219,235;450,115
62219,52;450,462
62219,805;450,806
62220,09;451,145
62220,375;451,481
62220,66;451,813
62220,945;452,143
62221,23;452,47
62221,515;452,795
62221,8;453,118
62222,085;453,439
62222,37;453,759
62222,655;454,078
62222,94;454,396
62223,225;454,714
62223,51;455,031
62223,795;455,349
62224,08;455,667
62224,365;455,986
62224,65;456,306
62224,935;456,627
62225,22;456,95
62225,505;457,275
62225,79;457,602
62226,075;457,932
62226,36;458,265
62226,645;458,601
62226,93;458,941
62227,215;459,284
62227,5;459,632
62227,785;459,983
62228,07;460,34
62228,355;460,702
62228,64;461,069
62228,925;461,441
62229,21;461,82
62229,495;462,205
62229,78;462,596
62230,065;462,994
62230,35;463,4
62230,635;463,812
62230,92;464,233
62231,205;464,662
62231,49;465,099
62231,775;465,545
62232,06;465,999
62232,345;466,463
62232,63;466,937
62232,915;467,421
62233,2;467,914
62233,485;468,418
62233,77;468,934
62234,055;469,46
62234,34;469,997
62234,625;470,547
62234,91;471,108
62235,195;471,681
62235,48;472,266
62235,765;472,863
62236,05;473,47
62236,335;474,089
62236,62;474,719
62236,905;475,36
62237,19;476,011
62237,475;476,673
62237,76;477,345
62238,045;478,027
62238,33;478,719
62238,615;479,42
62238,9;480,131
62239,185;480,851
62239,47;481,58
62239,755;482,318
62240,04;483,064
62240,325;483,819
62240,61;484,583
62240,895;485,354
62241,18;486,133
62241,465;486,92
62241,75;487,715
62242,035;488,517
62242,32;489,326
62242,605;490,141
62242,89;490,964
62243,175;491,793
62243,46;492,629
62243,745;493,47
62244,03;494,318
62244,315;495,171
62244,6;496,03
62244,885;496,895
62245,17;497,765
62245,455;498,639
62245,74;499,519
62246,025;500,403
62246,31;501,291
62246,595;502,184
62246,88;503,081
62247,165;503,981
62247,45;504,886
62247,735;505,794
62248,02;506,705
62248,305;507,619
62248,59;508,536
62248,875;509,456
62249,16;510,378
62249,445;511,303
62249,73;512,23
62250,015;513,158
62250,3;514,089
62250,585;515,021
62250,87;515,954
62251,155;516,889
62251,44;517,824
62251,725;518,761
62252,01;519,698
62252,295;520,635
62252,58;521,573
62252,865;522,512
62253,15;523,451
62253,435;524,39
62253,72;525,329
62254,005;526,269
62254,29;527,208
62254,575;528,148
62254,86;529,087
62255,145;530,026
62255,43;530,965
62255,715;531,904
62256;532,842
62256,285;533,779
62256,57;534,716
62256,855;535,653
62257,14;536,588
62257,425;537,523
62257,71;538,456
62257,995;539,389
62258,28;540,321
62258,565;541,251
62258,85;542,18
62259,135;543,108
62259,42;544,035
62259,705;544,96
62259,99;545,883
62260,275;546,805
62260,56;547,725
62260,845;548,643
62261,13;549,559
62261,415;550,473
62261,7;551,386
62261,985;552,296
62262,27;553,204
62262,555;554,109
62262,84;555,012
62263,125;555,913
62263,41;556,811
62263,695;557,707
62263,98;558,6
62264,265;559,49
62264,55;560,377
62264,835;561,261
62265,12;562,143
62265,405;563,021
62265,69;563,896
62265,975;564,767
62266,26;565,636
62266,545;566,501
62266,83;567,362
62267,115;568,22
62267,4;569,074
62267,685;569,925
62267,97;570,771
62268,255;571,614
62268,54;572,453
62268,825;573,287
62269,11;574,118
62269,395;574,944
62269,68;575,766
62269,965;576,583
62270,25;577,395
62270,535;578,203
62270,82;579,006
62271,105;579,803
62271,39;580,596
62271,675;581,384
62271,96;582,166
62272,245;582,942
62272,53;583,714
62272,815;584,479
62273,1;585,239
62273,385;585,992
62273,67;586,74
62273,955;587,482
62274,24;588,217
62274,525;588,946
62274,81;589,668
62275,095;590,384
62275,38;591,094
62275,665;591,796
62275,95;592,491
62276,235;593,18
62276,52;593,861
62276,805;594,535
62277,09;595,202
62277,375;595,861
62277,66;596,512
62277,945;597,156
62278,23;597,792
62278,515;598,42
62278,8;599,04
62279,085;599,652
62279,37;600,255
62279,655;600,85
62279,94;601,437
62280,225;602,015
62280,51;602,584
62280,795;603,144
62281,08;603,696
62281,365;604,238
62281,65;604,771
62281,935;605,295
62282,22;605,809
62282,505;606,314
62282,79;606,809
62283,075;607,294
62283,36;607,77
62283,645;608,235
62283,93;608,691
62284,215;609,136
62284,5;609,571
62284,785;609,995
62285,07;610,409
62285,355;610,812
62285,64;611,205
62285,925;611,588
62286,21;611,961
62286,495;612,325
62286,78;612,68
62287,065;613,028
62287,35;613,367
62287,635;613,699
62287,92;614,024
62288,205;614,343
62288,49;614,656
62288,775;614,964
62289,06;615,266
62289,345;615,563
62289,63;615,857
62289,915;616,146
62290,2;616,433
62290,485;616,716
62290,77;616,997
62291,055;617,276
62291,34;617,554
62291,625;617,83
62291,91;618,106
62292,195;618,382
62292,48;618,658
62292,765;618,934
62293,05;619,212
62293,335;619,491
62293,62;619,773
62293,905;620,056
62294,19;620,343
62294,475;620,633
62294,76;620,927
62295,045;621,226
62295,33;621,529
62295,615;621,837
62295,9;622,151
62296,185;622,47
62296,47;622,797
62296,755;623,13
62297,04;623,47
62297,325;623,819
62297,61;624,176
62297,895;624,541
62298,18;624,916
62298,465;625,3
62298,75;625,694
62299,035;626,099
62299,32;626,515
62299,605;626,942
62299,89;627,381
62300,175;627,832
62300,46;628,297
62300,745;628,774
62301,03;629,265
62301,315;629,77
62301,6;630,289
62301,885;630,824
62302,17;631,373
62302,455;631,939
62302,74;632,519
62303,025;633,114
62303,31;633,724
62303,595;634,347
62303,88;634,985
62304,165;635,636
62304,45;636,3
62304,735;636,977
62305,02;637,667
62305,305;638,368
62305,59;639,082
62305,875;639,807
62306,16;640,543
62306,445;641,29
62306,73;642,048
62307,015;642,815
62307,3;643,593
62307,585;644,38
62307,87;645,177
62308,155;645,982
62308,44;646,796
62308,725;647,618
62309,01;648,448
62309,295;649,286
62309,58;650,131
62309,865;650,983
62310,15;651,842
62310,435;652,706
62310,72;653,577
62311,005;654,454
62311,29;655,335
62311,575;656,222
62311,86;657,114
62312,145;658,009
62312,43;658,909
62312,715;659,813
62313;660,719
62313,285;661,629
62313,57;662,542
62313,855;663,457
62314,14;664,374
62314,425;665,292
62314,71;666,212
62314,995;667,133
62315,28;668,055
62315,565;668,977
62315,85;669,9
62316,135;670,822
62316,42;671,743
62316,705;672,664
62316,99;673,584
62317,275;674,501
62317,56;675,418
62317,845;676,331
62318,13;677,243
62318,415;678,151
62318,7;679,056
62318,985;679,958
62319,27;680,856
62319,555;681,75
62319,84;682,64
62320,125;683,526
62320,41;684,407
62320,695;685,284
62320,98;686,155
62321,265;687,022
62321,55;687,884
62321,835;688,74
62322,12;689,591
62322,405;690,436
62322,69;691,275
62322,975;692,108
62323,26;692,935
62323,545;693,755
62323,83;694,569
62324,115;695,376
62324,4;696,176
62324,685;696,969
62324,97;697,754
62325,255;698,532
62325,54;699,303
62325,825;700,066
62326,11;700,82
62326,395;701,567
62326,68;702,305
62326,965;703,034
62327,25;703,755
62327,535;704,467
62327,82;705,17
62328,105;705,863
62328,39;706,547
62328,675;707,222
62328,96;707,887
62329,245;708,541
62329,53;709,186
62329,815;709,82
62330,1;710,444
62330,385;711,057
62330,67;711,659
62330,955;712,251
62331,24;712,831
62331,525;713,399
62331,81;713,956
62332,095;714,502
62332,38;715,035
62332,665;715,557
62332,95;716,066
62333,235;716,562
62333,52;717,046
62333,805;717,518
62334,09;717,976
62334,375;718,421
62334,66;718,853
62334,945;719,271
62335,23;719,675
62335,515;720,066
62335,8;720,443
62336,085;720,805
62336,37;721,154
62336,655;721,489
62336,94;721,81
62337,225;722,118
62337,51;722,413
62337,795;722,695
62338,08;722,965
62338,365;723,221
62338,65;723,466
62338,935;723,698
62339,22;723,918
62339,505;724,126
62339,79;724,323
62340,075;724,508
62340,36;724,682
62340,645;724,845
62340,93;724,996
62341,215;725,138
62341,5;725,268
62341,785;725,389
62342,07;725,499
62342,355;725,599
62342,64;725,689
62342,925;725,77
62343,21;725,841
62343,495;725,903
62343,78;725,957
62344,065;726,001
62344,35;726,036
62344,635;726,063
62344,92;726,082
62345,205;726,093
62345,49;785
62345,775;726,091
62346,06;726,078
62346,345;726,058
62346,63;726,031
62346,915;725,997
62347,2;725,957
62347,485;725,909
62347,77;725,855
62348,055;725,795
62348,34;725,729
62348,625;725,657
62348,91;725,579
62349,195;725,496
62349,48;725,407
62349,765;725,314
62350,05;725,215
62350,335;725,112
62350,62;725,004
62350,905;724,891
62351,19;724,775
62351,475;724,654
62351,76;724,53
62352,045;724,402
62352,33;724,271
62352,615;724,136
62352,9;723,998
62353,185;723,857
62353,47;723,714
62353,755;723,567
62354,04;723,417
62354,325;723,265
62354,61;723,11
62354,895;722,953
62355,18;722,792
62355,465;722,63
62355,75;722,465
62356,035;722,297
62356,32;722,128
62356,605;721,956
62356,89;721,782
62357,175;721,606
62357,46;721,428
62357,745;721,248
62358,03;721,067
62358,315;720,883
62358,6;720,698
62358,885;720,511
62359,17;720,323
62359,455;720,133
62359,74;719,942
62360,025;719,749
62360,31;719,556
62360,595;719,361
62360,88;719,164
62361,165;718,967
62361,45;718,769
62361,735;718,57
62362,02;718,37
62362,305;718,17
62362,59;717,968
62362,875;717,766
62363,16;717,564
62363,445;717,361
62363,73;717,157
62364,015;716,953
62364,3;716,749
62364,585;716,545
62364,87;716,341
62365,155;716,136
62365,44;715,932
62365,725;715,728
62366,01;715,523
62366,295;715,319
62366,58;715,116
62366,865;714,913
62367,15;714,71
62367,435;714,507
62367,72;714,306
62368,005;714,105
62368,29;713,904
62368,575;713,705
62368,86;713,506
62369,145;713,308
62369,43;713,112
62369,715;712,916
62370;712,721
62370,285;712,527
62370,57;712,333
62370,855;712,14
62371,14;711,947
62371,425;711,754
62371,71;711,561
62371,995;711,368
62372,28;711,175
62372,565;710,981
62372,85;710,786
62373,135;710,591
62373,42;710,394
62373,705;710,196
62373,99;709,997
62374,275;709,797
62374,56;709,595
62374,845;709,391
62375,13;709,186
62375,415;708,978
62375,7;708,768
62375,985;708,556
62376,27;708,341
62376,555;708,123
62376,84;707,903
62377,125;707,68
62377,41;707,453
62377,695;707,224
62377,98;706,99
62378,265;706,754
62378,55;706,513
62378,835;706,268
62379,12;706,02
62379,405;705,767
62379,69;705,51
62379,975;705,248
62380,26;704,982
62380,545;704,711
62380,83;704,434
62381,115;704,153
62381,4;703,866
62381,685;703,574
62381,97;703,277
62382,255;702,973
62382,54;702,664
62382,825;702,348
62383,11;702,026
62383,395;701,698
62383,68;701,364
62383,965;701,022
62384,25;700,674
62384,535;700,319
62384,82;699,957
62385,105;699,587
62385,39;699,21
62385,675;698,825
62385,96;698,433
62386,245;698,033
62386,53;697,624
62386,815;697,208
62387,1;696,783
62387,385;696,35
62387,67;695,909
62387,955;695,46
62388,24;695,003
62388,525;694,537
62388,81;694,063
62389,095;693,581
62389,38;693,09
62389,665;692,591
62389,95;692,083
62390,235;691,567
62390,52;691,043
62390,805;690,51
62391,09;689,968
62391,375;689,418
62391,66;688,859
62391,945;688,291
62392,23;687,715
62392,515;687,13
62392,8;686,536
62393,085;685,934
62393,37;685,322
62393,655;684,702
62393,94;684,073
62394,225;683,435
62394,51;682,788
62394,795;682,132
62395,08;681,467
62395,365;680,792
62395,65;680,109
62395,935;679,417
62396,22;678,715
62396,505;678,005
62396,79;677,285
62397,075;676,556
62397,36;675,817
62397,645;675,069
62397,93;674,312
62398,215;673,546
62398,5;672,77
62398,785;671,985
62399,07;671,19
62399,355;670,385
62399,64;669,572
62399,925;668,748
62400,21;667,915
62400,495;667,072
62400,78;666,22
62401,065;665,358
62401,35;664,486
62401,635;663,604
62401,92;662,713
62402,205;661,812
62402,49;660,9
62402,775;659,979
62403,06;659,048
62403,345;658,108
62403,63;657,157
62403,915;656,198
62404,2;655,229
62404,485;654,252
62404,77;653,267
62405,055;652,274
62405,34;651,274
62405,625;650,267
62405,91;649,253
62406,195;648,232
62406,48;647,206
62406,765;646,174
62407,05;645,137
62407,335;644,095
62407,62;643,048
62407,905;641,997
62408,19;640,942
62408,475;639,884
62408,76;638,822
62409,045;637,758
62409,33;636,691
62409,615;635,622
62409,9;634,552
62410,185;633,48
62410,47;632,407
62410,755;631,334
62411,04;630,26
62411,325;629,186
62411,61;628,113
62411,895;627,04
62412,18;625,969
62412,465;624,899
62412,75;623,831
62413,035;622,765
62413,32;621,702
62413,605;620,641
62413,89;619,584
62414,175;618,531
62414,46;617,481
62414,745;616,436
62415,03;615,396
62415,315;614,36
62415,6;613,33
62415,885;612,306
62416,17;611,288
62416,455;610,276
62416,74;609,271
62417,025;608,274
62417,31;607,284
62417,595;606,302
62417,88;605,328
62418,165;604,362
62418,45;603,406
62418,735;602,459
62419,02;601,522
62419,305;600,595
62419,59;599,678
62419,875;598,772
62420,16;597,877
62420,445;596,992
62420,73;596,119
62421,015;595,256
62421,3;594,404
62421,585;593,562
62421,87;592,73
62422,155;591,909
62422,44;591,097
62422,725;590,295
62423,01;589,503
62423,295;588,72
62423,58;587,946
62423,865;587,182
62424,15;586,426
62424,435;585,68
62424,72;584,942
62425,005;584,212
62425,29;583,492
62425,575;582,779
62425,86;582,075
62426,145;581,378
62426,43;580,69
62426,715;580,009
62427;579,335
62427,285;578,669
62427,57;578,011
62427,855;577,359
62428,14;576,714
62428,425;576,077
62428,71;575,445
62428,995;574,821
62429,28;574,202
62429,565;573,59
62429,85;572,984
62430,135;572,384
62430,42;571,79
62430,705;571,202
62430,99;570,618
62431,275;570,041
62431,56;569,468
62431,845;568,9
62432,13;568,338
62432,415;567,78
62432,7;567,227
62432,985;566,678
62433,27;566,133
62433,555;565,593
62433,84;565,057
62434,125;564,524
62434,41;563,995
62434,695;563,47
62434,98;562,948
62435,265;562,43
62435,55;561,915
62435,835;561,402
62436,12;560,893
62436,405;560,386
62436,69;559,882
62436,975;559,38
62437,26;558,88
62437,545;558,383
62437,83;557,889
62438,115;557,396
62438,4;556,906
62438,685;556,418
62438,97;555,933
62439,255;555,449
62439,54;554,968
62439,825;554,49
62440,11;554,013
62440,395;553,539
62440,68;553,066
62440,965;552,596
62441,25;552,128
62441,535;551,663
62441,82;551,199
62442,105;550,737
62442,39;550,278
62442,675;549,82
62442,96;549,365
62443,245;548,911
62443,53;548,46
62443,815;548,01
62444,1;547,563
62444,385;547,117
62444,67;546,673
62444,955;546,232
62445,24;545,792
62445,525;545,354
62445,81;544,918
62446,095;544,483
62446,38;544,051
62446,665;543,62
62446,95;543,191
62447,235;542,764
62447,52;542,339
62447,805;541,915
62448,09;541,493
62448,375;541,073
62448,66;540,655
62448,945;540,238
62449,23;539,822
62449,515;539,409
62449,8;538,997
62450,085;538,586
62450,37;538,178
62450,655;537,77
62450,94;537,365
62451,225;536,96
62451,51;536,558
62451,795;536,156
62452,08;535,757
62452,365;535,358
62452,65;534,962
62452,935;534,566
62453,22;534,172
62453,505;533,779
62453,79;533,388
62454,075;532,998
62454,36;532,609
62454,645;532,22
62454,93;531,832
62455,215;531,444
62455,5;531,056
62455,785;530,668
62456,07;530,279
62456,355;529,89
62456,64;529,5
62456,925;529,108
62457,21;528,715
62457,495;528,321
62457,78;527,924
62458,065;527,526
62458,35;527,125
62458,635;526,721
62458,92;526,315
62459,205;525,906
62459,49;525,493
62459,775;525,077
62460,06;524,657
62460,345;524,233
62460,63;523,805
62460,915;523,373
62461,2;522,936
62461,485;522,494
62461,77;522,047
62462,055;521,594
62462,34;521,136
62462,625;520,672
62462,91;520,202
62463,195;519,726
62463,48;519,243
62463,765;518,753
62464,05;518,257
62464,335;517,753
62464,62;517,242
62464,905;516,723
62465,19;516,196
62465,475;515,661
62465,76;515,117
62466,045;514,565
62466,33;514,005
62466,615;513,435
62466,9;512,855
62467,185;512,266
62467,47;511,668
62467,755;511,059
62468,04;510,44
62468,325;509,811
62468,61;509,171
62468,895;508,519
62469,18;507,857
62469,465;507,184
62469,75;506,498
62470,035;505,801
62470,32;505,092
62470,605;504,37
62470,89;503,637
62471,175;502,892
62471,46;502,136
62471,745;501,37
62472,03;500,593
62472,315;499,808
62472,6;499,013
62472,885;498,21
62473,17;497,399
62473,455;496,581
62473,74;495,756
62474,025;494,924
62474,31;494,087
62474,595;493,244
62474,88;492,396
62475,165;491,544
62475,45;490,688
62475,735;489,829
62476,02;488,967
62476,305;488,102
62476,59;487,236
62476,875;486,368
62477,16;485,499
62477,445;484,63
62477,73;483,762
62478,015;482,894
62478,3;482,027
62478,585;481,161
62478,87;480,298
62479,155;479,438
62479,44;478,581
62479,725;477,727
62480,01;476,878
62480,295;476,033
62480,58;475,194
62480,865;474,36
62481,15;473,532
62481,435;472,712
62481,72;471,898
62482,005;471,092
62482,29;470,295
62482,575;469,506
62482,86;468,726
62483,145;467,956
62483,43;467,196
62483,715;466,448
62484;465,71
62484,285;464,984
62484,57;464,27
62484,855;463,57
62485,14;462,882
62485,425;462,208
62485,71;461,549
62485,995;460,904
62486,28;460,274
62486,565;459,661
62486,85;459,063
62487,135;458,483
62487,42;457,919
62487,705;457,373
62487,99;456,844
62488,275;456,331
62488,56;455,834
62488,845;455,353
62489,13;454,887
62489,415;454,436
62489,7;454
62489,985;453,578
62490,27;453,17
62490,555;452,776
62490,84;452,395
62491,125;452,027
62491,41;451,672
62491,695;451,328
62491,98;450,997
62492,265;450,677
62492,55;450,368
62492,835;450,07
62493,12;449,783
62493,405;449,505
62493,69;449,238
62493,975;448,98
62494,26;448,73
62494,545;448,49
62494,83;448,258
62495,115;448,033
62495,4;447,817
62495,685;447,608
62495,97;447,405
62496,255;447,21
62496,54;447,02
62496,825;446,836
62497,11;446,658
62497,395;446,485
62497,68;446,317
62497,965;446,154
62498,25;445,994
62498,535;445,838
62498,82;445,686
62499,105;445,537
62499,39;445,39
62499,675;445,246
62499,96;445,104
62500,245;444,964
62500,53;444,824
62500,815;444,686
62501,1;444,549
62501,385;444,411
62501,67;444,274
62501,955;444,136
62502,24;443,997
62502,525;443,857
62502,81;443,716
62503,095;443,573
62503,38;443,428
62503,665;443,28
62503,95;443,129
62504,235;442,975
62504,52;442,817
62504,805;442,657
62505,09;442,493
62505,375;442,326
62505,66;442,156
62505,945;441,983
62506,23;441,806
62506,515;441,627
62506,8;441,445
62507,085;441,26
62507,37;441,073
62507,655;440,882
62507,94;440,689
62508,225;440,493
62508,51;440,295
62508,795;440,094
62509,08;439,891
62509,365;439,685
62509,65;439,477
62509,935;439,267
62510,22;439,054
62510,505;438,84
62510,79;438,623
62511,075;438,403
62511,36;438,182
62511,645;437,959
62511,93;437,734
62512,215;437,507
62512,5;437,278
62512,785;437,048
62513,07;436,815
62513,355;436,581
62513,64;436,346
62513,925;436,108
62514,21;435,87
62514,495;435,629
62514,78;435,388
62515,065;435,145
62515,35;434,9
62515,635;434,655
62515,92;434,408
62516,205;434,16
62516,49;433,911
62516,775;433,661
62517,06;433,41
62517,345;433,158
62517,63;432,905
62517,915;432,651
62518,2;432,397
62518,485;432,142
62518,77;431,886
62519,055;431,629
62519,34;431,372
62519,625;431,114
62519,91;430,856
62520,195;430,598
62520,48;430,339
62520,765;430,08
62521,05;429,82
62521,335;429,56
62521,62;429,301
62521,905;429,04
62522,19;428,78
62522,475;428,52
62522,76;428,259
62523,045;427,998
62523,33;427,737
62523,615;427,476
62523,9;427,215
62524,185;426,954
62524,47;426,693
62524,755;426,431
62525,04;426,17
62525,325;425,908
62525,61;425,647
62525,895;425,385
62526,18;425,124
62526,465;424,862
62526,75;424,601
62527,035;424,339
62527,32;424,078
62527,605;423,817
62527,89;423,555
62528,175;423,294
62528,46;423,033
62528,745;422,772
62529,03;422,511
62529,315;422,251
62529,6;421,99
62529,885;421,73
62530,17;421,47
62530,455;421,21
62530,74;420,95
62531,025;420,691
62531,31;420,431
62531,595;420,172
62531,88;419,914
62532,165;419,655
62532,45;419,397
62532,735;419,139
62533,02;418,881
62533,305;418,624
62533,59;418,367
62533,875;418,111
62534,16;417,855
62534,445;417,599
62534,73;417,344
62535,015;417,089
62535,3;416,834
62535,585;416,58
62535,87;416,326
62536,155;416,073
62536,44;415,82
62536,725;415,568
62537,01;415,317
62537,295;415,065
62537,58;414,815
62537,865;414,565
62538,15;414,315
62538,435;414,066
62538,72;413,817
62539,005;413,569
62539,29;413,321
62539,575;413,074
62539,86;412,826
62540,145;412,579
62540,43;412,332
62540,715;412,086
62541;411,839
62541,285;411,592
62541,57;411,346
62541,855;411,099
62542,14;410,852
62542,425;410,606
62542,71;410,359
62542,995;410,112
62543,28;409,864
62543,565;409,617
62543,85;409,369
62544,135;409,12
62544,42;408,871
62544,705;408,622
62544,99;408,372
62545,275;408,122
62545,56;407,871
62545,845;407,62
62546,13;407,368
62546,415;407,115
62546,7;406,861
62546,985;406,607
62547,27;406,352
62547,555;406,095
62547,84;405,838
62548,125;405,58
62548,41;405,321
62548,695;405,061
62548,98;404,8
62549,265;404,538
62549,55;404,274
62549,835;404,009
62550,12;403,743
62550,405;403,476
62550,69;403,208
62550,975;402,937
62551,26;402,666
62551,545;402,393
62551,83;402,119
62552,115;401,843
62552,4;401,565
62552,685;401,286
62552,97;401,005
62553,255;400,722
62553,54;400,437
62553,825;400,151
62554,11;399,863
62554,395;399,573
62554,68;399,281
62554,965;398,987
62555,25;398,691
62555,535;398,393
62555,82;398,094
62556,105;397,793
62556,39;397,491
62556,675;397,187
62556,96;396,882
62557,245;396,575
62557,53;396,267
62557,815;395,959
62558,1;395,649
62558,385;395,338
62558,67;395,026
62558,955;394,713
62559,24;394,4
62559,525;394,086
62559,81;393,771
62560,095;393,456
62560,38;393,14
62560,665;392,824
62560,95;392,508
62561,235;392,192
62561,52;391,875
62561,805;391,559
62562,09;391,242
62562,375;390,926
62562,66;390,609
62562,945;390,294
62563,23;389,978
62563,515;389,663
62563,8;389,348
62564,085;389,034
62564,37;388,721
62564,655;388,408
62564,94;388,097
62565,225;387,786
62565,51;387,476
62565,795;387,167
62566,08;386,859
62566,365;386,553
62566,65;386,248
62566,935;385,944
62567,22;385,642
62567,505;385,341
62567,79;385,042
62568,075;384,745
62568,36;384,449
62568,645;384,155
62568,93;383,863
62569,215;383,574
62569,5;383,286
62569,785;383
62570,07;382,717
62570,355;382,436
62570,64;382,158
62570,925;381,881
62571,21;381,608
62571,495;381,337
62571,78;381,069
62572,065;380,803
62572,35;380,54
62572,635;380,279
62572,92;380,021
62573,205;379,765
62573,49;379,511
62573,775;379,259
62574,06;379,01
62574,345;378,762
62574,63;378,516
62574,915;378,272
62575,2;378,03
62575,485;377,79
62575,77;377,551
62576,055;377,314
62576,34;377,078
62576,625;376,843
62576,91;376,61
62577,195;376,378
62577,48;376,147
62577,765;375,918
62578,05;375,689
62578,335;375,461
62578,62;375,234
62578,905;375,008
62579,19;374,783
62579,475;374,558
62579,76;374,334
62580,045;374,11
62580,33;373,887
62580,615;373,664
62580,9;373,441
62581,185;373,219
62581,47;372,997
62581,755;372,774
62582,04;372,552
62582,325;372,33
62582,61;372,107
62582,895;371,884
62583,18;371,661
62583,465;371,438
62583,75;371,213
62584,035;370,989
62584,32;370,764
62584,605;370,538
62584,89;370,311
62585,175;370,083
62585,46;369,855
62585,745;369,625
62586,03;369,395
62586,315;369,163
62586,6;368,93
62586,885;368,696
62587,17;368,46
62587,455;368,223
62587,74;367,985
62588,025;367,745
62588,31;367,503
62588,595;367,259
62588,88;367,014
62589,165;366,767
62589,45;366,517
62589,735;366,266
62590,02;366,013
62590,305;365,757
62590,59;365,499
62590,875;365,239
62591,16;364,976
62591,445;364,71
62591,73;364,442
62592,015;364,172
62592,3;363,899
62592,585;363,622
62592,87;363,343
62593,155;363,061
62593,44;362,776
62593,725;362,488
62594,01;362,196
62594,295;361,901
62594,58;361,603
62594,865;361,301
62595,15;360,996
62595,435;360,687
62595,72;360,375
62596,005;360,059
62596,29;359,738
62596,575;359,414
62596,86;359,086
62597,145;358,754
62597,43;358,418
62597,715;358,077
62598;357,733
62598,285;357,383
62598,57;357,03
62598,855;356,671
62599,14;356,309
62599,425;355,941
62599,71;355,569
62599,995;355,191
62600,28;354,809
62600,565;354,422
62600,85;354,03
62601,135;353,632
62601,42;353,23
62601,705;352,822
62601,99;352,408
62602,275;351,989
62602,56;351,565
62602,845;351,135
62603,13;350,699
62603,415;350,258
62603,7;349,81
62603,985;349,357
62604,27;348,897
62604,555;348,432
62604,84;347,96
62605,125;347,482
62605,41;346,998
62605,695;346,507
62605,98;346,01
62606,265;345,507
62606,55;344,997
62606,835;344,48
62607,12;343,957
62607,405;343,428
62607,69;342,892
62607,975;342,349
62608,26;341,8
62608,545;341,243
62608,83;340,681
62609,115;340,111
62609,4;339,534
62609,685;338,951
62609,97;338,361
62610,255;337,764
62610,54;337,16
62610,825;336,549
62611,11;335,931
62611,395;335,306
62611,68;334,673
62611,965;334,034
62612,25;333,388
62612,535;332,734
62612,82;332,073
62613,105;331,405
62613,39;330,729
62613,675;330,046
62613,96;329,356
62614,245;328,659
62614,53;327,954
62614,815;327,241
62615,1;326,521
62615,385;325,794
62615,67;325,058
62615,955;324,316
62616,24;323,565
62616,525;322,807
62616,81;322,042
62617,095;321,268
62617,38;320,487
62617,665;319,697
62617,95;318,9
62618,235;318,096
62618,52;317,283
62618,805;316,462
62619,09;315,633
62619,375;314,796
62619,66;313,952
62619,945;313,099
62620,23;312,237
62620,515;311,368
62620,8;310,491
62621,085;309,605
62621,37;308,711
62621,655;307,809
62621,94;306,898
62622,225;305,979
62622,51;305,052
62622,795;304,118
62623,08;303,177
62623,365;302,228
62623,65;301,274
62623,935;300,314
62624,22;299,348
62624,505;298,377
62624,79;297,401
62625,075;296,42
62625,36;295,436
62625,645;294,448
62625,93;293,457
62626,215;292,463
62626,5;291,467
62626,785;290,468
62627,07;289,468
62627,355;288,467
62627,64;287,465
62627,925;286,462
62628,21;285,459
62628,495;284,456
62628,78;283,455
62629,065;282,454
62629,35;281,454
62629,635;280,457
62629,92;279,461
62630,205;278,469
62630,49;277,479
62630,775;276,493
62631,06;275,51
62631,345;274,532
62631,63;273,558
62631,915;272,589
62632,2;271,625
62632,485;270,667
62632,77;269,716
62633,055;268,771
62633,34;267,832
62633,625;266,901
62633,91;265,978
62634,195;265,062
62634,48;264,156
62634,765;263,258
62635,05;262,369
62635,335;261,49
62635,62;260,62
62635,905;259,762
62636,19;258,913
62636,475;258,077
62636,76;257,251
62637,045;256,438
62637,33;255,637
62637,615;254,849
62637,9;254,073
62638,185;253,312
62638,47;252,564
62638,755;251,83
62639,04;251,111
62639,325;250,406
62639,61;249,714
62639,895;249,035
62640,18;248,368
62640,465;247,712
62640,75;247,067
62641,035;246,433
62641,32;245,808
62641,605;245,193
62641,89;244,586
62642,175;243,987
62642,46;243,395
62642,745;242,81
62643,03;242,231
62643,315;241,657
62643,6;241,089
62643,885;240,525
62644,17;239,964
62644,455;239,407
62644,74;238,852
62645,025;238,3
62645,31;237,748
62645,595;237,198
62645,88;236,647
62646,165;236,096
62646,45;235,544
62646,735;234,991
62647,02;234,435
62647,305;233,876
62647,59;233,314
62647,875;232,748
62648,16;232,177
62648,445;231,601
62648,73;231,019
62649,015;230,431
62649,3;229,836
62649,585;229,233
62649,87;228,622
62650,155;228,002
62650,44;227,373
62650,725;226,734
62651,01;226,084
62651,295;225,423
62651,58;224,75
62651,865;224,065
62652,15;223,367
62652,435;222,655
62652,72;221,93
62653,005;221,189
62653,29;220,433
62653,575;219,661
62653,86;218,872
62654,145;218,066
62654,43;217,243
62654,715;216,401
62655;215,54
62655,285;214,66
62655,57;213,759
62655,855;212,838
62656,14;211,897
62656,425;210,936
62656,71;209,957
62656,995;208,958
62657,28;207,942
62657,565;206,908
62657,85;205,857
62658,135;204,789
62658,42;203,705
62658,705;202,606
62658,99;201,492
62659,275;200,363
62659,56;199,22
62659,845;198,064
62660,13;196,895
62660,415;195,713
62660,7;194,52
62660,985;193,315
62661,27;192,099
62661,555;190,873
62661,84;189,636
62662,125;188,391
62662,41;187,136
62662,695;185,873
62662,98;184,603
62663,265;183,325
62663,55;182,04
62663,835;180,748
62664,12;179,451
62664,405;178,149
62664,69;176,842
62664,975;175,53
62665,26;174,215
62665,545;172,896
62665,83;171,575
62666,115;170,252
62666,4;168,926
62666,685;167,6
62666,97;166,273
62667,255;164,945
62667,54;163,618
62667,825;162,292
62668,11;160,967
62668,395;159,644
62668,68;158,323
62668,965;157,005
62669,25;155,69
62669,535;154,38
62669,82;153,074
62670,105;151,772
62670,39;150,476
62670,675;149,186
62670,96;147,903
62671,245;146,626
62671,53;145,357
62671,815;144,095
62672,1;142,843
62672,385;141,599
62672,67;140,365
62672,955;139,14
62673,24;137,924
62673,525;136,719
62673,81;135,523
62674,095;134,337
62674,38;133,16
62674,665;131,994
62674,95;130,837
62675,235;129,69
62675,52;128,553
62675,805;127,427
62676,09;126,31
62676,375;125,203
62676,66;124,107
62676,945;123,021
62677,23;121,945
62677,515;120,88
62677,8;119,825
62678,085;118,78
62678,37;117,746
62678,655;116,723
62678,94;115,71
62679,225;114,707
62679,51;113,716
62679,795;112,735
62680,08;111,765
62680,365;110,806
62680,65;109,858
62680,935;108,92
62681,22;107,994
62681,505;107,079
62681,79;106,175
62682,075;105,282
62682,36;104,4
62682,645;103,53
62682,93;102,671
62683,215;101,823
62683,5;100,987
62683,785;100,162
62684,07;99,348
62684,355;98,547
62684,64;97,757
62684,925;96,978
62685,21;96,211
62685,495;95,457
62685,78;94,713
62686,065;93,982
62686,35;93,263
62686,635;92,556
62686,92;91,86
62687,205;91,177
62687,49;90,506
62687,775;89,847
62688,06;89,201
62688,345;88,566
62688,63;87,944
62688,915;87,335
62689,2;86,738
62689,485;86,153
62689,77;85,58
62690,055;85,019
62690,34;84,47
62690,625;83,931
62690,91;83,403
62691,195;82,886
62691,48;82,378
62691,765;81,879
62692,05;81,389
62692,335;80,909
62692,62;80,436
62692,905;79,971
62693,19;79,514
62693,475;79,063
62693,76;78,62
62694,045;78,183
62694,33;77,751
62694,615;77,325
62694,9;76,905
62695,185;76,489
62695,47;76,077
62695,755;75,67
62696,04;75,266
62696,325;74,865
62696,61;74,467
62696,895;74,072
62697,18;73,678
62697,465;73,287
62697,75;72,896
62698,035;72,507
62698,32;72,118
62698,605;71,729
62698,89;71,339
62699,175;70,949
62699,46;70,559
62699,745;70,166
62700,03;69,772
62700,315;69,376
62700,6;68,977
62700,885;68,575
62701,17;68,169
62701,455;67,76
62701,74;67,347
62702,025;66,929
62702,31;66,506
62702,595;66,078
62702,88;65,644
62703,165;65,205
62703,45;64,758
62703,735;64,305
62704,02;63,845
62704,305;63,377
62704,59;62,901
62704,875;62,416
62705,16;61,923
62705,445;61,421
62705,73;60,909
62706,015;60,387
62706,3;59,854
62706,585;59,312
62706,87;58,76
62707,155;58,199
62707,44;57,629
62707,725;57,05
62708,01;56,463
62708,295;55,869
62708,58;55,266
62708,865;54,657
62709,15;54,041
62709,435;53,419
62709,72;52,791
62710,005;52,157
62710,29;51,518
62710,575;50,875
62710,86;50,227
62711,145;49,574
62711,43;48,918
62711,715;48,259
62712;47,597
62712,285;46,932
62712,57;46,265
62712,855;45,596
62713,14;44,926
62713,425;44,255
62713,71;43,582
62713,995;42,91
62714,28;42,238
62714,565;41,565
62714,85;40,894
62715,135;40,224
62715,42;39,555
62715,705;38,889
62715,99;38,224
62716,275;37,562
62716,56;36,904
62716,845;36,248
62717,13;35,597
62717,415;34,949
62717,7;34,306
62717,985;33,668
62718,27;33,035
62718,555;32,408
62718,84;31,787
62719,125;31,172
62719,41;30,563
62719,695;29,962
62719,98;29,369
62720,265;28,783
62720,55;28,206
62720,835;27,637
62721,12;27,077
62721,405;26,526
62721,69;25,986
62721,975;25,455
62722,26;24,935
62722,545;24,425
62722,83;23,927
62723,115;23,441
62723,4;22,965
62723,685;22,502
62723,97;22,049
62724,255;21,608
62724,54;21,178
62724,825;20,758
62725,11;20,349
62725,395;19,951
62725,68;19,563
62725,965;19,185
62726,25;18,817
62726,535;18,46
62726,82;18,112
62727,105;17,774
62727,39;17,445
62727,675;17,126
62727,96;16,816
62728,245;16,515
62728,53;16,223
62728,815;15,94
62729,1;15,666
62729,385;15,4
62729,67;15,142
62729,955;14,893
62730,24;14,652
62730,525;14,418
62730,81;14,193
62731,095;13,975
62731,38;13,765
62731,665;13,562
62731,95;13,367
62732,235;13,178
62732,52;12,997
62732,805;12,822
62733,09;12,654
62733,375;12,492
62733,66;12,337
62733,945;12,188
62734,23;12,046
62734,515;11,909
62734,8;11,778
62735,085;11,653
62735,37;11,533
62735,655;11,418
62735,94;11,309
62736,225;11,205
62736,51;11,106
62736,795;11,012
62737,08;10,922
62737,365;10,837
62737,65;10,756
62737,935;10,68
62738,22;10,607
62738,505;10,539
62738,79;10,474
62739,075;10,413
62739,36;10,356
62739,645;10,302
62739,93;10,251
62740,215;10,204
62740,5;10,159
62740,785;10,117
62741,07;10,079
62741,355;10,043
62741,64;10,01
62741,925;9,979
62742,21;9,951
62742,495;9,926
62742,78;9,903
62743,065;9,882
62743,35;9,864
62743,635;9,848
62743,92;9,834
62744,205;9,822
62744,49;9,811
62744,775;9,803
62745,06;9,797
62745,345;9,792
62745,63;9,789
62745,915;9,787
62746,2;9,787
62746,485;9,788
62746,77;9,79
62747,055;9,794
62747,34;9,799
62747,625;9,804
62747,91;9,811
62748,195;9,819
62748,48;9,827
62748,765;9,836
62749,05;9,846
62749,335;9,856
62749,62;9,867
62749,905;9,879
62750,19;9,89
62750,475;9,902
62750,76;9,914
62751,045;9,926
62751,33;9,938
62751,615;9,95
62751,9;9,962
62752,185;9,973
62752,47;9,985
62752,755;9,995
62753,04;10,006
62753,325;10,015
62753,61;10,025
62753,895;10,033
62754,18;10,04
62754,465;10,047
62754,75;10,053
62755,035;10,057
62755,32;10,061
62755,605;10,063
62755,89;10,064
62756,175;10,064
62756,46;10,062
62756,745;10,059
62757,03;10,054
62757,315;10,047
62757,6;10,04
62757,885;10,03
62758,17;10,02
62758,455;10,008
62758,74;9,994
62759,025;9,98
62759,31;9,964
62759,595;9,947
62759,88;9,93
62760,165;9,91
62760,45;9,89
62760,735;9,869
62761,02;9,847
62761,305;9,824
62761,59;9,801
62761,875;9,776
62762,16;9,75
62762,445;9,724
62762,73;9,697
62763,015;9,67
62763,3;9,642
62763,585;9,613
62763,87;9,584
62764,155;9,554
62764,44;9,524
62764,725;9,493
62765,01;9,462
62765,295;9,43
62765,58;9,399
62765,865;9,367
62766,15;9,335
62766,435;9,302
62766,72;9,27
62767,005;9,237
62767,29;9,205
62767,575;9,172
62767,86;9,14
62768,145;9,107
62768,43;9,075
62768,715;9,043
62769;9,011
62769,285;8,979
62769,57;8,948
62769,855;8,916
62770,14;8,886
62770,425;8,855
62770,71;8,825
62770,995;8,796
62771,28;8,767
62771,565;8,739
62771,85;8,711
62772,135;8,684
62772,42;8,658
62772,705;8,632
62772,99;8,607
62773,275;8,584
62773,56;8,56
62773,845;8,538
62774,13;8,517
62774,415;8,496
62774,7;8,477
62774,985;8,458
62775,27;8,44
62775,555;8,422
62775,84;8,406
62776,125;8,39
62776,41;8,375
62776,695;8,36
62776,98;8,347
62777,265;8,334
62777,55;8,322
62777,835;8,31
62778,12;8,299
62778,405;8,289
62778,69;8,279
62778,975;8,27
62779,26;8,261
62779,545;8,254
62779,83;8,246
62780,115;8,239
62780,4;8,233
62780,685;8,227
62780,97;8,222
62781,255;8,217
62781,54;8,213
62781,825;8,209
62782,11;8,206
62782,395;8,203
62782,68;8,2
62782,965;8,198
62783,25;8,196
62783,535;8,195
62783,82;8,194
62784,105;8,193
62784,39;8,193
62784,675;8,193
62784,96;8,193
62785,245;8,193
62785,53;8,194
62785,815;8,195
62786,1;8,196
62786,385;8,198
62786,67;8,2
62786,955;8,201
62787,24;8,203
62787,525;8,206
62787,81;8,208
62788,095;8,211
62788,38;8,213
62788,665;8,216
62788,95;8,219
62789,235;8,222
62789,52;8,225
62789,805;8,228
62790,09;8,231
62790,375;8,234
62790,66;8,237
62790,945;8,24
62791,23;8,242
62791,515;8,245
62791,8;8,248
62792,085;8,25
62792,37;8,252
62792,655;8,253
62792,94;8,255
62793,225;8,256
62793,51;8,256
62793,795;8,256
62794,08;8,255
62794,365;8,254
62794,65;8,252
62794,935;8,249
62795,22;8,246
62795,505;8,241
62795,79;8,236
62796,075;8,23
62796,36;8,223
62796,645;8,216
62796,93;8,207
62797,215;8,197
62797,5;8,186
62797,785;8,173
62798,07;8,16
62798,355;8,145
62798,64;8,129
62798,925;8,112
62799,21;8,093
62799,495;8,073
62799,78;8,052
62800,065;8,029
62800,35;8,004
62800,635;7,978
62800,92;7,95
62801,205;7,92
62801,49;7,888
62801,775;7,855
62802,06;7,82
62802,345;7,783
62802,63;7,744
62802,915;7,704
62803,2;7,661
62803,485;7,616
62803,77;7,569
62804,055;7,519
62804,34;7,468
62804,625;7,414
62804,91;7,358
62805,195;7,3
62805,48;7,239
62805,765;7,176
62806,05;7,11
62806,335;7,042
62806,62;6,971
62806,905;6,898
62807,19;6,822
62807,475;6,744
62807,76;6,663
62808,045;6,58
62808,33;6,495
62808,615;6,409
62808,9;6,321
62809,185;6,232
62809,47;6,143
62809,755;6,053
62810,04;5,963
62810,325;5,873
62810,61;5,783
62810,895;5,693
62811,18;5,604
62811,465;5,517
62811,75;5,43
62812,035;5,345
62812,32;5,262
62812,605;5,181
62812,89;5,102
62813,175;5,025
62813,46;4,951
62813,745;4,881
62814,03;4,813
62814,315;4,749
62814,6;4,689
62814,885;4,633
62815,17;4,581
62815,455;4,534
62815,74;4,492
62816,025;4,454
62816,31;4,422
62816,595;4,396
62816,88;4,375
62817,165;4,361
62817,45;4,352
62817,735;4,351
62818,02;4,356
62818,305;4,368
62818,59;4,388
62818,875;4,415
62819,16;4,45
62819,445;4,493
62819,73;4,544
62820,015;4,604
62820,3;4,673
62820,585;4,751
62820,87;4,839
62821,155;4,936
62821,44;5,043
62821,725;5,16
62822,01;5,288
62822,295;5,426
62822,58;5,575
62822,865;5,735
62823,15;5,906
62823,435;6,09
62823,72;6,285
62824,005;6,492
62824,29;6,711
62824,575;6,943
62824,86;7,185
62825,145;7,438
62825,43;7,702
62825,715;7,976
62826;8,26
62826,285;8,553
62826,57;8,855
62826,855;9,165
62827,14;9,484
62827,425;9,81
62827,71;10,143
62827,995;10,483
62828,28;10,83
62828,565;11,182
62828,85;11,541
62829,135;11,904
62829,42;12,272
62829,705;12,645
62829,99;13,022
62830,275;13,402
62830,56;13,786
62830,845;14,172
62831,13;14,56
62831,415;14,951
62831,7;15,343
62831,985;15,736
62832,27;16,13
62832,555;16,524
62832,84;16,919
62833,125;17,312
62833,41;17,705
62833,695;18,097
62833,98;18,487
62834,265;18,874
62834,55;19,26
62834,835;19,642
62835,12;20,021
62835,405;20,396
62835,69;20,767
62835,975;21,133
62836,26;21,495
62836,545;21,851
62836,83;22,202
62837,115;22,546
62837,4;22,883
62837,685;23,214
62837,97;23,537
62838,255;23,852
62838,54;24,16
62838,825;24,458
62839,11;24,747
62839,395;25,027
62839,68;25,298
62839,965;25,558
62840,25;25,807
62840,535;26,045
62840,82;26,272
62841,105;26,487
62841,39;26,691
62841,675;26,883
62841,96;27,066
62842,245;27,238
62842,53;27,4
62842,815;27,552
62843,1;27,696
62843,385;27,83
62843,67;27,956
62843,955;28,073
62844,24;28,183
62844,525;28,285
62844,81;28,38
62845,095;28,468
62845,38;28,55
62845,665;28,625
62845,95;28,695
62846,235;28,759
62846,52;28,818
62846,805;28,872
62847,09;28,921
62847,375;28,967
62847,66;29,008
62847,945;29,047
62848,23;29,082
62848,515;29,114
62848,8;29,144
62849,085;29,172
62849,37;29,198
62849,655;29,222
62849,94;29,246
62850,225;29,268
62850,51;29,291
62850,795;29,313
62851,08;29,336
62851,365;29,359
62851,65;29,383
62851,935;29,408
62852,22;29,436
62852,505;29,465
62852,79;29,496
62853,075;29,53
62853,36;29,567
62853,645;29,608
62853,93;29,652
62854,215;29,7
62854,5;29,752
62854,785;29,81
62855,07;29,872
62855,355;29,939
62855,64;30,013
62855,925;30,092
62856,21;30,178
62856,495;30,271
62856,78;30,37
62857,065;30,477
62857,35;30,592
62857,635;30,715
62857,92;30,846
62858,205;30,986
62858,49;31,134
62858,775;31,291
62859,06;31,456
62859,345;31,629
62859,63;31,811
62859,915;32,002
62860,2;32,201
62860,485;32,409
62860,77;32,625
62861,055;32,85
62861,34;33,084
62861,625;33,326
62861,91;33,577
62862,195;33,837
62862,48;34,106
62862,765;34,384
62863,05;34,67
62863,335;34,966
62863,62;35,27
62863,905;35,583
62864,19;35,905
62864,475;36,237
62864,76;36,577
62865,045;36,926
62865,33;37,285
62865,615;37,652
62865,9;38,029
62866,185;38,415
62866,47;38,81
62866,755;39,214
62867,04;39,627
62867,325;40,05
62867,61;40,482
62867,895;40,924
62868,18;41,374
62868,465;41,835
62868,75;42,304
62869,035;42,783
62869,32;43,272
62869,605;43,77
62869,89;44,277
62870,175;44,795
62870,46;45,321
62870,745;45,858
62871,03;46,404
62871,315;46,959
62871,6;47,525
62871,885;48,1
62872,17;48,685
62872,455;49,279
62872,74;49,884
62873,025;50,498
62873,31;51,122
62873,595;51,757
62873,88;52,401
62874,165;53,055
62874,45;53,719
62874,735;54,392
62875,02;55,076
62875,305;55,768
62875,59;56,47
62875,875;57,179
62876,16;57,897
62876,445;58,622
62876,73;59,355
62877,015;60,094
62877,3;60,84
62877,585;61,592
62877,87;62,35
62878,155;63,112
62878,44;63,88
62878,725;64,652
62879,01;65,429
62879,295;66,209
62879,58;66,992
62879,865;67,779
62880,15;68,568
62880,435;69,359
62880,72;70,152
62881,005;70,947
62881,29;71,742
62881,575;72,538
62881,86;73,335
62882,145;74,131
62882,43;74,927
62882,715;75,722
62883;76,516
62883,285;77,308
62883,57;78,098
62883,855;78,885
62884,14;79,67
62884,425;80,452
62884,71;81,229
62884,995;82,003
62885,28;82,773
62885,565;83,538
62885,85;84,298
62886,135;85,052
62886,42;85,8
62886,705;86,542
62886,99;87,277
62887,275;88,006
62887,56;88,726
62887,845;89,439
62888,13;90,144
62888,415;90,84
62888,7;91,527
62888,985;92,205
62889,27;92,873
62889,555;93,531
62889,84;94,178
62890,125;94,814
62890,41;95,44
62890,695;96,053
62890,98;96,654
62891,265;97,243
62891,55;97,819
62891,835;98,383
62892,12;98,934
62892,405;99,474
62892,69;100,003
62892,975;100,521
62893,26;101,028
62893,545;101,525
62893,83;102,012
62894,115;102,489
62894,4;102,957
62894,685;103,416
62894,97;103,867
62895,255;104,31
62895,54;104,744
62895,825;105,172
62896,11;105,592
62896,395;106,005
62896,68;106,413
62896,965;106,814
62897,25;107,209
62897,535;107,599
62897,82;107,984
62898,105;108,365
62898,39;108,741
62898,675;109,114
62898,96;109,482
62899,245;109,848
62899,53;110,211
62899,815;110,571
62900,1;110,929
62900,385;111,286
62900,67;111,64
62900,955;111,994
62901,24;112,347
62901,525;112,7
62901,81;113,053
62902,095;113,406
62902,38;113,76
62902,665;114,114
62902,95;114,471
62903,235;114,828
62903,52;115,188
62903,805;115,551
62904,09;115,916
62904,375;116,285
62904,66;116,657
62904,945;117,032
62905,23;117,412
62905,515;117,797
62905,8;118,187
62906,085;118,581
62906,37;118,982
62906,655;119,388
62906,94;119,801
62907,225;120,221
62907,51;120,647
62907,795;121,081
62908,08;121,523
62908,365;121,973
62908,65;122,43
62908,935;122,895
62909,22;123,368
62909,505;123,848
62909,79;124,335
62910,075;124,829
62910,36;125,329
62910,645;125,836
62910,93;126,349
62911,215;126,868
62911,5;127,392
62911,785;127,923
62912,07;128,458
62912,355;128,999
62912,64;129,545
62912,925;130,095
62913,21;130,65
62913,495;131,21
62913,78;131,773
62914,065;132,341
62914,35;132,912
62914,635;133,487
62914,92;134,064
62915,205;134,645
62915,49;135,229
62915,775;135,816
62916,06;136,405
62916,345;136,996
62916,63;137,589
62916,915;138,184
62917,2;138,781
62917,485;139,379
62917,77;139,979
62918,055;140,579
62918,34;141,18
62918,625;141,782
62918,91;142,384
62919,195;142,987
62919,48;143,589
62919,765;144,191
62920,05;144,793
62920,335;145,394
62920,62;145,994
62920,905;146,593
62921,19;147,191
62921,475;147,787
62921,76;148,381
62922,045;148,974
62922,33;149,565
62922,615;150,153
62922,9;150,739
62923,185;151,322
62923,47;151,902
62923,755;152,479
62924,04;153,052
62924,325;153,622
62924,61;154,189
62924,895;154,751
62925,18;155,309
62925,465;155,863
62925,75;156,414
62926,035;156,96
62926,32;157,504
62926,605;158,044
62926,89;158,581
62927,175;159,116
62927,46;159,648
62927,745;160,178
62928,03;160,705
62928,315;161,231
62928,6;161,755
62928,885;162,277
62929,17;162,798
62929,455;163,318
62929,74;163,836
62930,025;164,355
62930,31;164,872
62930,595;165,389
62930,88;165,906
62931,165;166,424
62931,45;166,941
62931,735;167,459
62932,02;167,978
62932,305;168,497
62932,59;169,018
62932,875;169,54
62933,16;170,063
62933,445;170,588
62933,73;171,116
62934,015;171,645
62934,3;172,176
62934,585;172,71
62934,87;173,247
62935,155;173,786
62935,44;174,329
62935,725;174,875
62936,01;175,424
62936,295;175,978
62936,58;176,535
62936,865;177,096
62937,15;177,662
62937,435;178,232
62937,72;178,807
62938,005;179,387
62938,29;179,972
62938,575;180,562
62938,86;181,158
62939,145;181,76
62939,43;182,367
62939,715;182,981
62940;183,601
62940,285;184,228
62940,57;184,861
62940,855;185,502
62941,14;186,149
62941,425;186,804
62941,71;187,467
62941,995;188,137
62942,28;188,815
62942,565;189,5
62942,85;190,192
62943,135;190,891
62943,42;191,597
62943,705;192,309
62943,99;193,027
62944,275;193,751
62944,56;194,481
62944,845;195,216
62945,13;195,956
62945,415;196,701
62945,7;197,45
62945,985;198,204
62946,27;198,962
62946,555;199,725
62946,84;200,49
62947,125;201,26
62947,41;202,032
62947,695;202,807
62947,98;203,585
62948,265;204,366
62948,55;205,149
62948,835;205,933
62949,12;206,72
62949,405;207,508
62949,69;208,297
62949,975;209,087
62950,26;209,878
62950,545;210,67
62950,83;211,462
62951,115;212,254
62951,4;213,045
62951,685;213,836
62951,97;214,627
62952,255;215,416
62952,54;216,205
62952,825;216,992
62953,11;217,777
62953,395;218,561
62953,68;219,342
62953,965;220,121
62954,25;220,897
62954,535;221,67
62954,82;222,441
62955,105;223,208
62955,39;223,971
62955,675;224,73
62955,96;225,486
62956,245;226,237
62956,53;226,983
62956,815;227,725
62957,1;228,462
62957,385;229,193
62957,67;229,919
62957,955;230,639
62958,24;231,353
62958,525;232,06
62958,81;232,762
62959,095;233,456
62959,38;234,145
62959,665;234,828
62959,95;235,504
62960,235;236,175
62960,52;236,84
62960,805;237,5
62961,09;238,155
62961,375;238,804
62961,66;239,449
62961,945;240,089
62962,23;240,724
62962,515;241,354
62962,8;241,981
62963,085;242,603
62963,37;243,222
62963,655;243,836
62963,94;244,447
62964,225;245,055
62964,51;245,659
62964,795;246,26
62965,08;246,858
62965,365;247,453
62965,65;248,046
62965,935;248,636
62966,22;249,224
62966,505;249,809
62966,79;250,393
62967,075;250,975
62967,36;251,555
62967,645;252,133
62967,93;252,711
62968,215;253,287
62968,5;253,862
62968,785;254,436
62969,07;255,009
62969,355;255,582
62969,64;256,155
62969,925;256,727
62970,21;257,3
62970,495;257,872
62970,78;258,445
62971,065;259,018
62971,35;259,592
62971,635;260,166
62971,92;260,742
62972,205;261,318
62972,49;261,896
62972,775;262,475
62973,06;263,056
62973,345;263,639
62973,63;264,223
62973,915;264,81
62974,2;265,398
62974,485;265,989
62974,77;266,583
62975,055;267,18
62975,34;267,779
62975,625;268,381
62975,91;268,987
62976,195;269,595
62976,48;270,205
62976,765;270,818
62977,05;271,432
62977,335;272,049
62977,62;272,667
62977,905;273,287
62978,19;273,908
62978,475;274,53
62978,76;275,152
62979,045;275,775
62979,33;276,399
62979,615;277,023
62979,9;277,646
62980,185;278,269
62980,47;278,892
62980,755;279,514
62981,04;280,135
62981,325;280,755
62981,61;281,374
62981,895;281,991
62982,18;282,606
62982,465;283,22
62982,75;283,831
62983,035;284,439
62983,32;285,045
62983,605;285,648
62983,89;286,249
62984,175;286,845
62984,46;287,439
62984,745;288,028
62985,03;288,614
62985,315;289,196
62985,6;289,773
62985,885;290,345
62986,17;290,913
62986,455;291,476
62986,74;292,034
62987,025;292,586
62987,31;293,133
62987,595;293,674
62987,88;294,208
62988,165;294,737
62988,45;295,259
62988,735;295,774
62989,02;296,283
62989,305;296,784
62989,59;297,278
62989,875;297,765
62990,16;298,243
62990,445;298,714
62990,73;299,177
62991,015;299,631
62991,3;300,076
62991,585;300,513
62991,87;300,941
62992,155;301,359
62992,44;301,768
62992,725;302,168
62993,01;302,559
62993,295;302,941
62993,58;303,315
62993,865;303,682
62994,15;304,041
62994,435;304,393
62994,72;304,738
62995,005;305,077
62995,29;305,41
62995,575;305,738
62995,86;306,06
62996,145;306,377
62996,43;306,69
62996,715;306,999
62997;307,304
62997,285;307,606
62997,57;307,905
62997,855;308,201
62998,14;308,495
62998,425;308,787
62998,71;309,078
62998,995;309,367
62999,28;309,656
62999,565;309,944
62999,85;310,232
63000,135;310,521
63000,42;310,81
63000,705;311,1
63000,99;311,392
63001,275;311,685
63001,56;311,981
63001,845;312,279
63002,13;312,58
63002,415;312,884
63002,7;313,192
63002,985;313,504
63003,27;313,82
63003,555;314,141
63003,84;314,468
63004,125;314,799
63004,41;315,137
63004,695;315,48
63004,98;315,83
63005,265;316,188
63005,55;316,552
63005,835;316,924
63006,12;317,305
63006,405;317,693
63006,69;318,091
63006,975;318,497
63007,26;318,913
63007,545;319,339
63007,83;319,775
63008,115;320,222
63008,4;320,68
63008,685;321,149
63008,97;321,63
63009,255;322,123
63009,54;322,629
63009,825;323,146
63010,11;323,674
63010,395;324,214
63010,68;324,766
63010,965;325,328
63011,25;325,902
63011,535;326,486
63011,82;327,08
63012,105;327,685
63012,39;328,3
63012,675;328,924
63012,96;329,559
63013,245;330,203
63013,53;330,856
63013,815;331,518
63014,1;332,189
63014,385;332,868
63014,67;333,556
63014,955;334,253
63015,24;334,957
63015,525;335,669
63015,81;336,389
63016,095;337,116
63016,38;337,851
63016,665;338,593
63016,95;339,341
63017,235;340,096
63017,52;340,857
63017,805;341,625
63018,09;342,399
63018,375;343,178
63018,66;343,963
63018,945;344,754
63019,23;345,55
63019,515;346,35
63019,8;347,156
63020,085;347,966
63020,37;348,781
63020,655;349,6
63020,94;350,422
63021,225;351,249
63021,51;352,079
63021,795;352,913
63022,08;353,75
63022,365;354,59
63022,65;355,432
63022,935;356,277
63023,22;357,125
63023,505;357,975
63023,79;358,827
63024,075;359,68
63024,36;360,535
63024,645;361,392
63024,93;362,249
63025,215;363,108
63025,5;363,967
63025,785;364,827
63026,07;365,688
63026,355;366,548
63026,64;367,409
63026,925;368,269
63027,21;369,129
63027,495;369,988
63027,78;370,847
63028,065;371,704
63028,35;372,561
63028,635;373,416
63028,92;374,269
63029,205;375,121
63029,49;375,97
63029,775;376,818
63030,06;377,663
63030,345;378,505
63030,63;379,345
63030,915;380,182
63031,2;381,016
63031,485;381,847
63031,77;382,674
63032,055;383,497
63032,34;384,316
63032,625;385,132
63032,91;385,943
63033,195;386,749
63033,48;387,551
63033,765;388,348
63034,05;389,14
63034,335;389,927
63034,62;390,708
63034,905;391,484
63035,19;392,253
63035,475;393,017
63035,76;393,775
63036,045;394,526
63036,33;395,27
63036,615;396,008
63036,9;396,739
63037,185;397,462
63037,47;398,179
63037,755;398,887
63038,04;399,588
63038,325;400,281
63038,61;400,965
63038,895;401,642
63039,18;402,31
63039,465;402,969
63039,75;403,619
63040,035;404,26
63040,32;404,891
63040,605;405,514
63040,89;406,126
63041,175;406,729
63041,46;407,321
63041,745;407,903
63042,03;408,475
63042,315;409,036
63042,6;409,586
63042,885;410,125
63043,17;410,653
63043,455;411,17
63043,74;411,677
63044,025;412,173
63044,31;412,659
63044,595;413,135
63044,88;413,602
63045,165;414,059
63045,45;414,506
63045,735;414,944
63046,02;415,374
63046,305;415,795
63046,59;416,207
63046,875;416,611
63047,16;417,007
63047,445;417,396
63047,73;417,776
63048,015;418,15
63048,3;418,516
63048,585;418,875
63048,87;419,227
63049,155;419,573
63049,44;419,913
63049,725;420,246
63050,01;420,574
63050,295;420,896
63050,58;421,212
63050,865;421,523
63051,15;421,83
63051,435;422,131
63051,72;422,428
63052,005;422,72
63052,29;423,009
63052,575;423,293
63052,86;423,574
63053,145;423,851
63053,43;424,124
63053,715;424,395
63054;424,663
63054,285;424,928
63054,57;425,191
63054,855;425,451
63055,14;425,71
63055,425;425,966
63055,71;426,222
63055,995;426,475
63056,28;426,728
63056,565;426,979
63056,85;427,23
63057,135;427,481
63057,42;427,731
63057,705;427,981
63057,99;428,231
63058,275;428,482
63058,56;428,733
63058,845;428,985
63059,13;429,237
63059,415;429,491
63059,7;429,747
63059,985;430,004
63060,27;430,262
63060,555;430,522
63060,84;430,783
63061,125;431,045
63061,41;431,309
63061,695;431,573
63061,98;431,838
63062,265;432,104
63062,55;432,371
63062,835;432,639
63063,12;432,907
63063,405;433,175
63063,69;433,445
63063,975;433,714
63064,26;433,984
63064,545;434,254
63064,83;434,524
63065,115;434,794
63065,4;435,064
63065,685;435,334
63065,97;435,604
63066,255;435,874
63066,54;436,143
63066,825;436,411
63067,11;436,68
63067,395;436,947
63067,68;437,214
63067,965;437,48
63068,25;437,745
63068,535;438,01
63068,82;438,273
63069,105;438,535
63069,39;438,796
63069,675;439,056
63069,96;439,315
63070,245;439,572
63070,53;439,827
63070,815;440,081
63071,1;440,334
63071,385;440,584
63071,67;440,833
63071,955;441,08
63072,24;441,325
63072,525;441,567
63072,81;441,808
63073,095;442,046
63073,38;442,282
63073,665;442,516
63073,95;442,747
63074,235;442,976
63074,52;443,202
63074,805;443,426
63075,09;443,646
63075,375;443,864
63075,66;444,078
63075,945;444,29
63076,23;444,499
63076,515;444,704
63076,8;444,906
63077,085;445,105
63077,37;445,301
63077,655;445,493
63077,94;445,683
63078,225;445,869
63078,51;446,052
63078,795;446,232
63079,08;446,409
63079,365;446,583
63079,65;446,754
63079,935;446,922
63080,22;447,087
63080,505;447,249
63080,79;447,409
63081,075;447,565
63081,36;447,718
63081,645;447,869
63081,93;448,017
63082,215;448,162
63082,5;448,304
63082,785;448,444
63083,07;448,581
63083,355;448,715
63083,64;448,846
63083,925;448,975
63084,21;449,101
63084,495;449,225
63084,78;449,346
63085,065;449,464
63085,35;449,58
63085,635;449,694
63085,92;449,805
63086,205;449,913
63086,49;450,02
63086,775;450,123
63087,06;450,225
63087,345;450,324
63087,63;450,42
63087,915;450,515
63088,2;450,607
63088,485;450,696
63088,77;450,784
63089,055;450,869
63089,34;450,952
63089,625;451,033
63089,91;451,112
63090,195;451,189
63090,48;451,264
63090,765;451,336
63091,05;451,407
63091,335;451,475
63091,62;451,542
63091,905;451,606
63092,19;451,669
63092,475;451,729
63092,76;451,788
63093,045;451,845
63093,33;451,9
63093,615;451,953
63093,9;452,004
63094,185;452,053
63094,47;452,101
63094,755;452,145
63095,04;452,188
63095,325;452,228
63095,61;452,266
63095,895;452,302
63096,18;452,335
63096,465;452,365
63096,75;452,392
63097,035;452,417
63097,32;452,439
63097,605;452,458
63097,89;452,473
63098,175;452,486
63098,46;452,496
63098,745;452,502
63099,03;452,505
63099,315;452,504
63099,6;452,5
63099,885;452,493
63100,17;452,481
63100,455;452,466
63100,74;452,448
63101,025;452,425
63101,31;452,398
63101,595;452,368
63101,88;452,333
63102,165;452,294
63102,45;452,25
63102,735;452,203
63103,02;452,151
63103,305;452,094
63103,59;452,033
63103,875;451,967
63104,16;451,896
63104,445;451,821
63104,73;451,74
63105,015;451,655
63105,3;451,565
63105,585;451,469
63105,87;451,368
63106,155;451,262
63106,44;451,151
63106,725;451,034
63107,01;450,912
63107,295;450,784
63107,58;450,65
63107,865;450,511
63108,15;450,365
63108,435;450,214
63108,72;450,057
63109,005;449,894
63109,29;449,724
63109,575;449,549
63109,86;449,367
63110,145;449,179
63110,43;448,984
63110,715;448,783
63111;448,576
63111,285;448,363
63111,57;448,144
63111,855;447,92
63112,14;447,69
63112,425;447,454
63112,71;447,214
63112,995;446,968
63113,28;446,718
63113,565;446,463
63113,85;446,203
63114,135;445,939
63114,42;445,671
63114,705;445,398
63114,99;445,121
63115,275;444,841
63115,56;444,557
63115,845;444,269
63116,13;443,978
63116,415;443,684
63116,7;443,387
63116,985;443,087
63117,27;442,784
63117,555;442,478
63117,84;442,17
63118,125;441,86
63118,41;441,547
63118,695;441,233
63118,98;440,917
63119,265;440,598
63119,55;440,279
63119,835;439,958
63120,12;439,635
63120,405;439,312
63120,69;438,988
63120,975;438,662
63121,26;438,337
63121,545;438,01
63121,83;437,684
63122,115;437,357
63122,4;437,03
63122,685;436,703
63122,97;436,376
63123,255;436,05
63123,54;435,725
63123,825;435,4
63124,11;435,076
63124,395;434,753
63124,68;434,431
63124,965;434,11
63125,25;433,791
63125,535;433,474
63125,82;433,158
63126,105;432,845
63126,39;432,533
63126,675;432,223
63126,96;431,916
63127,245;431,612
63127,53;431,31
63127,815;431,01
63128,1;430,712
63128,385;430,417
63128,67;430,124
63128,955;429,834
63129,24;429,545
63129,525;429,259
63129,81;428,975
63130,095;428,693
63130,38;428,412
63130,665;428,134
63130,95;427,858
63131,235;427,583
63131,52;427,31
63131,805;427,039
63132,09;426,77
63132,375;426,502
63132,66;426,236
63132,945;425,972
63133,23;425,709
63133,515;425,448
63133,8;425,188
63134,085;424,929
63134,37;424,672
63134,655;424,416
63134,94;424,161
63135,225;423,907
63135,51;423,655
63135,795;423,404
63136,08;423,154
63136,365;422,905
63136,65;422,656
63136,935;422,409
63137,22;422,163
63137,505;421,917
63137,79;421,673
63138,075;421,429
63138,36;421,185
63138,645;420,943
63138,93;420,701
63139,215;420,459
63139,5;420,218
63139,785;419,978
63140,07;419,738
63140,355;419,498
63140,64;419,259
63140,925;419,02
63141,21;418,781
63141,495;418,542
63141,78;418,304
63142,065;418,065
63142,35;417,827
63142,635;417,589
63142,92;417,351
63143,205;417,112
63143,49;416,874
63143,775;416,635
63144,06;416,396
63144,345;416,157
63144,63;415,918
63144,915;415,678
63145,2;415,438
63145,485;415,198
63145,77;414,957
63146,055;414,716
63146,34;414,474
63146,625;414,232
63146,91;413,99
63147,195;413,747
63147,48;413,504
63147,765;413,26
63148,05;413,015
63148,335;412,77
63148,62;412,525
63148,905;412,279
63149,19;412,032
63149,475;411,784
63149,76;411,536
63150,045;411,287
63150,33;411,037
63150,615;410,786
63150,9;410,535
63151,185;410,283
63151,47;410,03
63151,755;409,776
63152,04;409,521
63152,325;409,265
63152,61;409,009
63152,895;408,751
63153,18;408,492
63153,465;408,233
63153,75;407,972
63154,035;407,71
63154,32;407,447
63154,605;407,183
63154,89;406,918
63155,175;406,652
63155,46;406,384
63155,745;406,116
63156,03;405,846
63156,315;405,575
63156,6;405,302
63156,885;405,028
63157,17;404,753
63157,455;404,477
63157,74;404,199
63158,025;403,919
63158,31;403,639
63158,595;403,356
63158,88;403,073
63159,165;402,787
63159,45;402,501
63159,735;402,212
63160,02;401,923
63160,305;401,631
63160,59;401,338
63160,875;401,043
63161,16;400,747
63161,445;400,449
63161,73;400,149
63162,015;399,848
63162,3;399,546
63162,585;399,242
63162,87;398,937
63163,155;398,63
63163,44;398,322
63163,725;398,013
63164,01;397,702
63164,295;397,391
63164,58;397,078
63164,865;396,764
63165,15;396,449
63165,435;396,133
63165,72;395,816
63166,005;395,498
63166,29;395,179
63166,575;394,859
63166,86;394,538
63167,145;394,216
63167,43;393,894
63167,715;393,571
63168;393,247
63168,285;392,922
63168,57;392,597
63168,855;392,271
63169,14;391,945
63169,425;391,618
63169,71;391,291
63169,995;390,963
63170,28;390,635
63170,565;390,306
63170,85;389,977
63171,135;389,648
63171,42;389,319
63171,705;388,989
63171,99;388,659
63172,275;388,329
63172,56;387,999
63172,845;387,669
63173,13;387,338
63173,415;387,008
63173,7;386,678
63173,985;386,348
63174,27;386,018
63174,555;385,688
63174,84;385,358
63175,125;385,029
63175,41;384,7
63175,695;384,371
63175,98;384,042
63176,265;383,714
63176,55;383,386
63176,835;383,059
63177,12;382,732
63177,405;382,406
63177,69;382,08
63177,975;381,755
63178,26;381,431
63178,545;381,107
63178,83;380,785
63179,115;380,463
63179,4;380,143
63179,685;379,823
63179,97;379,505
63180,255;379,188
63180,54;378,872
63180,825;378,558
63181,11;378,246
63181,395;377,935
63181,68;377,625
63181,965;377,318
63182,25;377,012
63182,535;376,709
63182,82;376,407
63183,105;376,108
63183,39;375,81
63183,675;375,515
63183,96;375,223
63184,245;374,932
63184,53;374,645
63184,815;374,36
63185,1;374,077
63185,385;373,797
63185,67;373,521
63185,955;373,247
63186,24;372,976
63186,525;372,708
63186,81;372,443
63187,095;372,182
63187,38;371,924
63187,665;371,669
63187,95;371,418
63188,235;371,17
63188,52;370,926
63188,805;370,686
63189,09;370,45
63189,375;370,217
63189,66;369,989
63189,945;369,764
63190,23;369,544
63190,515;369,328
63190,8;369,116
63191,085;368,909
63191,37;368,706
63191,655;368,508
63191,94;368,314
63192,225;368,125
63192,51;367,941
63192,795;367,761
63193,08;367,587
63193,365;367,418
63193,65;367,254
63193,935;367,095
63194,22;366,941
63194,505;366,792
63194,79;366,649
63195,075;366,51
63195,36;366,375
63195,645;366,243
63195,93;366,114
63196,215;365,987
63196,5;365,862
63196,785;365,739
63197,07;365,617
63197,355;365,494
63197,64;365,372
63197,925;365,249
63198,21;365,125
63198,495;364,999
63198,78;364,871
63199,065;364,74
63199,35;364,606
63199,635;364,469
63199,92;364,327
63200,205;364,18
63200,49;364,029
63200,775;363,871
63201,06;363,707
63201,345;363,537
63201,63;363,359
63201,915;363,173
63202,2;362,98
63202,485;362,777
63202,77;362,565
63203,055;362,344
63203,34;362,112
63203,625;361,869
63203,91;361,615
63204,195;361,349
63204,48;361,071
63204,765;360,78
63205,05;360,475
63205,335;360,157
63205,62;359,825
63205,905;359,477
63206,19;359,115
63206,475;358,736
63206,76;358,341
63207,045;357,929
63207,33;357,5
63207,615;357,053
63207,9;356,587
63208,185;356,103
63208,47;355,599
63208,755;355,075
63209,04;354,531
63209,325;353,965
63209,61;353,379
63209,895;352,77
63210,18;352,139
63210,465;351,485
63210,75;350,808
63211,035;350,106
63211,32;349,381
63211,605;348,63
63211,89;347,856
63212,175;347,058
63212,46;346,237
63212,745;345,393
63213,03;344,526
63213,315;343,637
63213,6;342,725
63213,885;341,792
63214,17;340,837
63214,455;339,861
63214,74;338,864
63215,025;337,846
63215,31;336,808
63215,595;335,75
63215,88;334,672
63216,165;333,576
63216,45;332,46
63216,735;331,325
63217,02;330,172
63217,305;329
63217,59;327,811
63217,875;326,604
63218,16;325,381
63218,445;324,14
63218,73;322,883
63219,015;321,609
63219,3;320,319
63219,585;319,014
63219,87;317,693
63220,155;316,358
63220,44;315,007
63220,725;313,643
63221,01;312,264
63221,295;310,871
63221,58;309,465
63221,865;308,045
63222,15;306,613
63222,435;305,168
63222,72;303,711
63223,005;302,242
63223,29;300,761
63223,575;299,269
63223,86;297,766
63224,145;296,252
63224,43;294,727
63224,715;293,193
63225;291,649
63225,285;290,095
63225,57;288,532
63225,855;286,96
63226,14;285,38
63226,425;283,791
63226,71;282,195
63226,995;280,59
63227,28;278,979
63227,565;277,36
63227,85;275,735
63228,135;274,103
63228,42;272,466
63228,705;270,823
63228,99;269,176
63229,275;267,525
63229,56;265,87
63229,845;264,213
63230,13;262,554
63230,415;260,894
63230,7;259,233
63230,985;257,572
63231,27;255,911
63231,555;254,252
63231,84;252,595
63232,125;250,94
63232,41;249,288
63232,695;247,64
63232,98;245,997
63233,265;244,359
63233,55;242,726
63233,835;241,1
63234,12;239,481
63234,405;237,87
63234,69;236,267
63234,975;234,672
63235,26;233,088
63235,545;231,514
63235,83;229,95
63236,115;228,399
63236,4;226,859
63236,685;225,332
63236,97;223,819
63237,255;222,32
63237,54;220,836
63237,825;219,367
63238,11;217,914
63238,395;216,478
63238,68;215,059
63238,965;213,658
63239,25;212,276
63239,535;210,913
63239,82;209,57
63240,105;208,247
63240,39;206,946
63240,675;205,667
63240,96;204,41
63241,245;203,176
63241,53;201,966
63241,815;200,78
63242,1;199,62
63242,385;198,485
63242,67;197,377
63242,955;196,295
63243,24;195,242
63243,525;194,216
63243,81;193,22
63244,095;192,253
63244,38;191,316
63244,665;190,41
63244,95;189,536
63245,235;188,692
63245,52;187,879
63245,805;187,096
63246,09;186,341
63246,375;185,614
63246,66;184,915
63246,945;184,241
63247,23;183,593
63247,515;182,97
63247,8;182,371
63248,085;181,794
63248,37;181,24
63248,655;180,708
63248,94;180,196
63249,225;179,704
63249,51;179,231
63249,795;178,776
63250,08;178,339
63250,365;177,919
63250,65;177,514
63250,935;177,124
63251,22;176,749
63251,505;176,387
63251,79;176,037
63252,075;175,7
63252,36;175,373
63252,645;175,057
63252,93;174,75
63253,215;174,452
63253,5;174,161
63253,785;173,877
63254,07;173,6
63254,355;173,328
63254,64;173,061
63254,925;172,797
63255,21;172,537
63255,495;172,278
63255,78;172,021
63256,065;171,764
63256,35;171,508
63256,635;171,25
63256,92;170,99
63257,205;170,728
63257,49;170,462
63257,775;170,192
63258,06;169,917
63258,345;169,636
63258,63;169,348
63258,915;169,053
63259,2;168,75
63259,485;168,437
63259,77;168,115
63260,055;167,781
63260,34;167,437
63260,625;167,08
63260,91;166,71
63261,195;166,326
63261,48;165,927
63261,765;165,513
63262,05;165,083
63262,335;164,637
63262,62;164,176
63262,905;163,699
63263,19;163,207
63263,475;162,699
63263,76;162,177
63264,045;161,639
63264,33;161,085
63264,615;160,517
63264,9;159,934
63265,185;159,335
63265,47;158,722
63265,755;158,095
63266,04;157,452
63266,325;156,795
63266,61;156,124
63266,895;155,438
63267,18;154,737
63267,465;154,023
63267,75;153,294
63268,035;152,551
63268,32;151,794
63268,605;151,023
63268,89;150,238
63269,175;149,44
63269,46;148,627
63269,745;147,801
63270,03;146,962
63270,315;146,109
63270,6;145,242
63270,885;144,363
63271,17;143,469
63271,455;142,563
63271,74;141,644
63272,025;140,711
63272,31;139,766
63272,595;138,808
63272,88;137,837
63273,165;136,853
63273,45;135,857
63273,735;134,848
63274,02;133,827
63274,305;132,793
63274,59;131,747
63274,875;130,688
63275,16;129,618
63275,445;128,535
63275,73;127,441
63276,015;126,334
63276,3;125,216
63276,585;124,086
63276,87;122,944
63277,155;121,79
63277,44;120,625
63277,725;119,449
63278,01;118,261
63278,295;117,062
63278,58;115,851
63278,865;114,63
63279,15;113,4
63279,435;112,16
63279,72;110,912
63280,005;109,657
63280,29;108,396
63280,575;107,13
63280,86;105,859
63281,145;104,584
63281,43;103,307
63281,715;102,028
63282;100,748
63282,285;99,467
63282,57;98,188
63282,855;96,911
63283,14;95,636
63283,425;94,364
63283,71;93,097
63283,995;91,836
63284,28;90,58
63284,565;89,331
63284,85;88,091
63285,135;86,859
63285,42;85,637
63285,705;84,425
63285,99;83,225
63286,275;82,038
63286,56;80,863
63286,845;79,703
63287,13;78,558
63287,415;77,428
63287,7;76,316
63287,985;75,221
63288,27;74,145
63288,555;73,088
63288,84;72,051
63289,125;71,036
63289,41;70,043
63289,695;69,073
63289,98;68,126
63290,265;67,205
63290,55;66,309
63290,835;65,44
63291,12;64,598
63291,405;63,784
63291,69;63
63291,975;62,245
63292,26;61,522
63292,545;60,831
63292,83;60,172
63293,115;59,547
63293,4;58,956
63293,685;58,401
63293,97;57,882
63294,255;57,401
63294,54;56,957
63294,825;56,553
63295,11;56,188
63295,395;55,864
63295,68;55,58
63295,965;55,337
63296,25;55,133
63296,535;54,967
63296,82;54,838
63297,105;54,746
63297,39;54,69
63297,675;0
63297,96;54,682
63298,245;54,728
63298,53;54,807
63298,815;54,918
63299,1;55,059
63299,385;55,231
63299,67;55,432
63299,955;55,661
63300,24;55,918
63300,525;56,202
63300,81;56,511
63301,095;56,846
63301,38;57,205
63301,665;57,587
63301,95;57,993
63302,235;58,42
63302,52;58,868
63302,805;59,336
63303,09;59,824
63303,375;60,33
63303,66;60,854
63303,945;61,395
63304,23;61,952
63304,515;62,524
63304,8;63,11
63305,085;63,711
63305,37;64,324
63305,655;64,949
63305,94;65,585
63306,225;66,232
63306,51;66,888
63306,795;67,552
63307,08;68,225
63307,365;68,905
63307,65;69,591
63307,935;70,282
63308,22;70,978
63308,505;71,677
63308,79;72,38
63309,075;73,085
63309,36;73,791
63309,645;74,497
63309,93;75,203
63310,215;75,908
63310,5;76,611
63310,785;77,312
63311,07;78,008
63311,355;78,7
63311,64;79,387
63311,925;80,068
63312,21;80,741
63312,495;81,408
63312,78;82,067
63313,065;82,72
63313,35;83,365
63313,635;84,004
63313,92;84,637
63314,205;85,263
63314,49;85,884
63314,775;86,498
63315,06;87,107
63315,345;87,71
63315,63;88,308
63315,915;88,9
63316,2;89,488
63316,485;90,071
63316,77;90,649
63317,055;91,223
63317,34;91,792
63317,625;92,358
63317,91;92,919
63318,195;93,477
63318,48;94,031
63318,765;94,582
63319,05;95,129
63319,335;95,674
63319,62;96,215
63319,905;96,754
63320,19;97,291
63320,475;97,825
63320,76;98,357
63321,045;98,887
63321,33;99,415
63321,615;99,942
63321,9;100,467
63322,185;100,991
63322,47;101,514
63322,755;102,035
63323,04;102,557
63323,325;103,077
63323,61;103,598
63323,895;104,118
63324,18;104,638
63324,465;105,158
63324,75;105,679
63325,035;106,2
63325,32;106,722
63325,605;107,245
63325,89;107,768
63326,175;108,293
63326,46;108,82
63326,745;109,348
63327,03;109,878
63327,315;110,409
63327,6;110,943
63327,885;111,48
63328,17;112,018
63328,455;112,56
63328,74;113,104
63329,025;113,651
63329,31;114,201
63329,595;114,754
63329,88;115,31
63330,165;115,869
63330,45;116,43
63330,735;116,994
63331,02;117,559
63331,305;118,127
63331,59;118,696
63331,875;119,268
63332,16;119,84
63332,445;120,415
63332,73;120,99
63333,015;121,567
63333,3;122,145
63333,585;122,723
63333,87;123,303
63334,155;123,882
63334,44;124,463
63334,725;125,043
63335,01;125,624
63335,295;126,204
63335,58;126,785
63335,865;127,365
63336,15;127,944
63336,435;128,523
63336,72;129,101
63337,005;129,678
63337,29;130,254
63337,575;130,829
63337,86;131,403
63338,145;131,975
63338,43;132,545
63338,715;133,113
63339;133,68
63339,285;134,244
63339,57;134,806
63339,855;135,366
63340,14;135,923
63340,425;136,477
63340,71;137,029
63340,995;137,577
63341,28;138,122
63341,565;138,664
63341,85;139,203
63342,135;139,738
63342,42;140,269
63342,705;140,796
63342,99;141,319
63343,275;141,838
63343,56;142,353
63343,845;142,863
63344,13;143,369
63344,415;143,869
63344,7;144,365
63344,985;144,856
63345,27;145,341
63345,555;145,821
63345,84;146,296
63346,125;146,765
63346,41;147,228
63346,695;147,687
63346,98;148,141
63347,265;148,59
63347,55;149,035
63347,835;149,476
63348,12;149,913
63348,405;150,347
63348,69;150,778
63348,975;151,205
63349,26;151,63
63349,545;152,053
63349,83;152,473
63350,115;152,892
63350,4;153,309
63350,685;153,724
63350,97;154,139
63351,255;154,552
63351,54;154,965
63351,825;155,378
63352,11;155,791
63352,395;156,204
63352,68;156,617
63352,965;157,031
63353,25;157,446
63353,535;157,862
63353,82;158,28
63354,105;158,7
63354,39;159,121
63354,675;159,545
63354,96;159,972
63355,245;160,401
63355,53;160,833
63355,815;161,269
63356,1;161,708
63356,385;162,152
63356,67;162,599
63356,955;163,051
63357,24;163,507
63357,525;163,968
63357,81;164,435
63358,095;164,907
63358,38;165,385
63358,665;165,868
63358,95;166,358
63359,235;166,855
63359,52;167,358
63359,805;167,868
63360,09;168,386
63360,375;168,911
63360,66;169,444
63360,945;169,985
63361,23;170,534
63361,515;171,092
63361,8;171,658
63362,085;172,234
63362,37;172,82
63362,655;173,414
63362,94;174,019
63363,225;174,633
63363,51;175,257
63363,795;175,89
63364,08;176,532
63364,365;177,182
63364,65;177,842
63364,935;178,51
63365,22;179,186
63365,505;179,87
63365,79;180,561
63366,075;181,261
63366,36;181,968
63366,645;182,682
63366,93;183,403
63367,215;184,132
63367,5;184,866
63367,785;185,608
63368,07;186,355
63368,355;187,109
63368,64;187,868
63368,925;188,633
63369,21;189,404
63369,495;190,18
63369,78;190,96
63370,065;191,746
63370,35;192,537
63370,635;193,332
63370,92;194,131
63371,205;194,935
63371,49;195,742
63371,775;196,553
63372,06;197,367
63372,345;198,185
63372,63;199,006
63372,915;199,83
63373,2;200,657
63373,485;201,486
63373,77;202,317
63374,055;203,151
63374,34;203,986
63374,625;204,824
63374,91;205,662
63375,195;206,503
63375,48;207,344
63375,765;208,186
63376,05;209,029
63376,335;209,873
63376,62;210,717
63376,905;211,561
63377,19;212,405
63377,475;213,249
63377,76;214,092
63378,045;214,935
63378,33;215,777
63378,615;216,618
63378,9;217,458
63379,185;218,296
63379,47;219,133
63379,755;219,968
63380,04;220,801
63380,325;221,633
63380,61;222,462
63380,895;223,289
63381,18;224,114
63381,465;224,937
63381,75;225,758
63382,035;226,576
63382,32;227,392
63382,605;228,205
63382,89;229,016
63383,175;229,825
63383,46;230,63
63383,745;231,433
63384,03;232,233
63384,315;233,031
63384,6;233,825
63384,885;234,616
63385,17;235,405
63385,455;236,19
63385,74;236,972
63386,025;237,75
63386,31;238,526
63386,595;239,297
63386,88;240,066
63387,165;240,831
63387,45;241,592
63387,735;242,349
63388,02;243,103
63388,305;243,853
63388,59;244,599
63388,875;245,341
63389,16;246,079
63389,445;246,813
63389,73;247,543
63390,015;248,268
63390,3;248,99
63390,585;249,706
63390,87;250,419
63391,155;251,127
63391,44;251,83
63391,725;252,529
63392,01;253,223
63392,295;253,912
63392,58;254,596
63392,865;255,276
63393,15;255,95
63393,435;256,62
63393,72;257,284
63394,005;257,943
63394,29;258,597
63394,575;259,245
63394,86;259,888
63395,145;260,526
63395,43;261,158
63395,715;261,785
63396;262,405
63396,285;263,02
63396,57;263,63
63396,855;264,233
63397,14;264,831
63397,425;265,424
63397,71;266,011
63397,995;266,592
63398,28;267,168
63398,565;267,739
63398,85;268,305
63399,135;268,865
63399,42;269,42
63399,705;269,971
63399,99;270,516
63400,275;271,057
63400,56;271,593
63400,845;272,124
63401,13;272,651
63401,415;273,173
63401,7;273,691
63401,985;274,204
63402,27;274,713
63402,555;275,217
63402,84;275,718
63403,125;276,214
63403,41;276,707
63403,695;277,195
63403,98;277,68
63404,265;278,16
63404,55;278,637
63404,835;279,11
63405,12;279,58
63405,405;280,046
63405,69;280,509
63405,975;280,969
63406,26;281,425
63406,545;281,877
63406,83;282,327
63407,115;282,774
63407,4;283,217
63407,685;283,658
63407,97;284,096
63408,255;284,531
63408,54;284,964
63408,825;285,393
63409,11;285,82
63409,395;286,245
63409,68;286,667
63409,965;287,087
63410,25;287,505
63410,535;287,921
63410,82;288,334
63411,105;288,745
63411,39;289,155
63411,675;289,562
63411,96;289,968
63412,245;290,372
63412,53;290,774
63412,815;291,174
63413,1;291,573
63413,385;291,971
63413,67;292,367
63413,955;292,762
63414,24;293,156
63414,525;293,55
63414,81;293,942
63415,095;294,333
63415,38;294,724
63415,665;295,115
63415,95;295,505
63416,235;295,895
63416,52;296,285
63416,805;296,676
63417,09;297,066
63417,375;297,457
63417,66;297,848
63417,945;298,24
63418,23;298,632
63418,515;299,025
63418,8;299,42
63419,085;299,815
63419,37;300,212
63419,655;300,61
63419,94;301,009
63420,225;301,411
63420,51;301,813
63420,795;302,218
63421,08;302,625
63421,365;303,034
63421,65;303,445
63421,935;303,859
63422,22;304,275
63422,505;304,694
63422,79;305,115
63423,075;305,54
63423,36;305,967
63423,645;306,398
63423,93;306,832
63424,215;307,269
63424,5;307,71
63424,785;308,155
63425,07;308,603
63425,355;309,055
63425,64;309,512
63425,925;309,972
63426,21;310,437
63426,495;310,907
63426,78;311,381
63427,065;311,859
63427,35;312,343
63427,635;312,831
63427,92;313,325
63428,205;313,823
63428,49;314,327
63428,775;314,837
63429,06;315,352
63429,345;315,873
63429,63;316,4
63429,915;316,932
63430,2;317,471
63430,485;318,016
63430,77;318,567
63431,055;319,124
63431,34;319,687
63431,625;320,255
63431,91;320,83
63432,195;321,41
63432,48;321,996
63432,765;322,588
63433,05;323,185
63433,335;323,788
63433,62;324,396
63433,905;325,01
63434,19;325,629
63434,475;326,253
63434,76;326,883
63435,045;327,518
63435,33;328,159
63435,615;328,804
63435,9;329,455
63436,185;330,11
63436,47;330,771
63436,755;331,437
63437,04;332,107
63437,325;332,782
63437,61;333,462
63437,895;334,147
63438,18;334,837
63438,465;335,531
63438,75;336,23
63439,035;336,933
63439,32;337,641
63439,605;338,354
63439,89;339,07
63440,175;339,791
63440,46;340,517
63440,745;341,246
63441,03;341,98
63441,315;342,718
63441,6;343,46
63441,885;344,206
63442,17;344,956
63442,455;345,71
63442,74;346,468
63443,025;347,229
63443,31;347,995
63443,595;348,764
63443,88;349,537
63444,165;350,313
63444,45;351,093
63444,735;351,877
63445,02;352,664
63445,305;353,454
63445,59;354,248
63445,875;355,045
63446,16;355,846
63446,445;356,649
63446,73;357,456
63447,015;358,266
63447,3;359,079
63447,585;359,895
63447,87;360,713
63448,155;361,533
63448,44;362,356
63448,725;363,181
63449,01;364,008
63449,295;364,836
63449,58;365,666
63449,865;366,498
63450,15;367,33
63450,435;368,163
63450,72;368,997
63451,005;369,832
63451,29;370,667
63451,575;371,502
63451,86;372,337
63452,145;373,173
63452,43;374,007
63452,715;374,842
63453;375,675
63453,285;376,508
63453,57;377,339
63453,855;378,17
63454,14;378,999
63454,425;379,826
63454,71;380,651
63454,995;381,475
63455,28;382,296
63455,565;383,115
63455,85;383,932
63456,135;384,745
63456,42;385,556
63456,705;386,364
63456,99;387,169
63457,275;387,97
63457,56;388,767
63457,845;389,561
63458,13;390,351
63458,415;391,136
63458,7;391,917
63458,985;392,694
63459,27;393,466
63459,555;394,233
63459,84;394,994
63460,125;395,751
63460,41;396,502
63460,695;397,248
63460,98;397,987
63461,265;398,721
63461,55;399,449
63461,835;400,17
63462,12;400,884
63462,405;401,592
63462,69;402,293
63462,975;402,987
63463,26;403,674
63463,545;404,353
63463,83;405,024
63464,115;405,688
63464,4;406,345
63464,685;406,994
63464,97;407,636
63465,255;408,271
63465,54;408,9
63465,825;409,521
63466,11;410,137
63466,395;410,745
63466,68;411,348
63466,965;411,944
63467,25;412,535
63467,535;413,12
63467,82;413,699
63468,105;414,273
63468,39;414,841
63468,675;415,404
63468,96;415,962
63469,245;416,515
63469,53;417,064
63469,815;417,607
63470,1;418,147
63470,385;418,682
63470,67;419,213
63470,955;419,74
63471,24;420,263
63471,525;420,782
63471,81;421,297
63472,095;421,81
63472,38;422,319
63472,665;422,825
63472,95;423,328
63473,235;423,828
63473,52;424,325
63473,805;424,82
63474,09;425,312
63474,375;425,802
63474,66;426,291
63474,945;426,777
63475,23;427,261
63475,515;427,744
63475,8;428,225
63476,085;428,705
63476,37;429,183
63476,655;429,661
63476,94;430,138
63477,225;430,613
63477,51;431,089
63477,795;431,563
63478,08;432,038
63478,365;432,512
63478,65;432,986
63478,935;433,461
63479,22;433,935
63479,505;434,411
63479,79;434,886
63480,075;435,362
63480,36;435,84
63480,645;436,318
63480,93;436,797
63481,215;437,277
63481,5;437,758
63481,785;438,24
63482,07;438,722
63482,355;439,205
63482,64;439,689
63482,925;440,173
63483,21;440,657
63483,495;441,142
63483,78;441,627
63484,065;442,113
63484,35;442,598
63484,635;443,084
63484,92;443,57
63485,205;444,055
63485,49;444,541
63485,775;445,026
63486,06;445,511
63486,345;445,996
63486,63;446,48
63486,915;446,964
63487,2;447,447
63487,485;447,929
63487,77;448,411
63488,055;448,892
63488,34;449,373
63488,625;449,852
63488,91;450,331
63489,195;450,808
63489,48;451,284
63489,765;451,76
63490,05;452,233
63490,335;452,706
63490,62;453,177
63490,905;453,647
63491,19;454,115
63491,475;454,582
63491,76;455,047
63492,045;455,51
63492,33;455,971
63492,615;456,431
63492,9;456,889
63493,185;457,344
63493,47;457,798
63493,755;458,249
63494,04;458,698
63494,325;459,145
63494,61;459,589
63494,895;460,031
63495,18;460,471
63495,465;460,908
63495,75;461,342
63496,035;461,774
63496,32;462,203
63496,605;462,629
63496,89;463,052
63497,175;463,472
63497,46;463,889
63497,745;464,303
63498,03;464,713
63498,315;465,121
63498,6;465,525
63498,885;465,926
63499,17;466,324
63499,455;466,719
63499,74;467,11
63500,025;467,497
63500,31;467,882
63500,595;468,262
63500,88;468,64
63501,165;469,013
63501,45;469,383
63501,735;469,75
63502,02;470,113
63502,305;470,472
63502,59;470,827
63502,875;471,179
63503,16;471,526
63503,445;471,87
63503,73;472,21
63504,015;472,546
63504,3;472,878
63504,585;473,206
63504,87;473,53
63505,155;473,85
63505,44;474,166
63505,725;474,478
63506,01;474,785
63506,295;475,088
63506,58;475,387
63506,865;475,682
63507,15;475,972
63507,435;476,258
63507,72;476,54
63508,005;476,817
63508,29;477,089
63508,575;477,357
63508,86;477,621
63509,145;477,88
63509,43;478,134
63509,715;478,383
63510;478,628
63510,285;478,868
63510,57;479,104
63510,855;479,334
63511,14;479,56
63511,425;479,78
63511,71;479,996
63511,995;480,207
63512,28;480,412
63512,565;480,613
63512,85;480,809
63513,135;480,999
63513,42;481,184
63513,705;481,364
63513,99;481,539
63514,275;481,709
63514,56;481,873
63514,845;482,032
63515,13;482,186
63515,415;482,336
63515,7;482,48
63515,985;482,62
63516,27;482,755
63516,555;482,885
63516,84;483,011
63517,125;483,133
63517,41;483,251
63517,695;483,364
63517,98;483,474
63518,265;483,579
63518,55;483,681
63518,835;483,779
63519,12;483,873
63519,405;483,964
63519,69;484,052
63519,975;484,136
63520,26;484,217
63520,545;484,295
63520,83;484,37
63521,115;484,442
63521,4;484,511
63521,685;484,578
63521,97;484,642
63522,255;484,703
63522,54;484,762
63522,825;484,819
63523,11;484,874
63523,395;484,926
63523,68;484,977
63523,965;485,025
63524,25;485,072
63524,535;485,117
63524,82;485,161
63525,105;485,203
63525,39;485,244
63525,675;485,283
63525,96;485,322
63526,245;485,359
63526,53;485,395
63526,815;485,431
63527,1;485,466
63527,385;485,5
63527,67;485,533
63527,955;485,566
63528,24;485,599
63528,525;485,631
63528,81;485,664
63529,095;485,696
63529,38;485,728
63529,665;485,76
63529,95;485,793
63530,235;485,826
63530,52;485,86
63530,805;485,894
63531,09;485,928
63531,375;485,964
63531,66;486
63531,945;486,036
63532,23;486,072
63532,515;486,109
63532,8;486,145
63533,085;486,181
63533,37;486,217
63533,655;486,253
63533,94;486,287
63534,225;486,321
63534,51;486,354
63534,795;486,387
63535,08;486,417
63535,365;486,447
63535,65;486,475
63535,935;486,502
63536,22;486,527
63536,505;486,55
63536,79;486,571
63537,075;486,589
63537,36;486,606
63537,645;486,62
63537,93;486,632
63538,215;486,64
63538,5;486,646
63538,785;486,649
63539,07;486,649
63539,355;486,646
63539,64;486,639
63539,925;486,629
63540,21;486,615
63540,495;486,597
63540,78;486,576
63541,065;486,55
63541,35;486,52
63541,635;486,485
63541,92;486,447
63542,205;486,403
63542,49;486,355
63542,775;486,301
63543,06;486,243
63543,345;486,18
63543,63;486,111
63543,915;486,036
63544,2;485,957
63544,485;485,871
63544,77;485,779
63545,055;485,682
63545,34;485,578
63545,625;485,468
63545,91;485,351
63546,195;485,228
63546,48;485,098
63546,765;484,961
63547,05;484,818
63547,335;484,667
63547,62;484,509
63547,905;484,343
63548,19;484,17
63548,475;483,99
63548,76;483,803
63549,045;483,609
63549,33;483,408
63549,615;483,202
63549,9;482,989
63550,185;482,77
63550,47;482,545
63550,755;482,315
63551,04;482,079
63551,325;481,838
63551,61;481,593
63551,895;481,342
63552,18;481,087
63552,465;480,828
63552,75;480,565
63553,035;480,298
63553,32;480,027
63553,605;479,753
63553,89;479,475
63554,175;479,194
63554,46;478,911
63554,745;478,624
63555,03;478,336
63555,315;478,045
63555,6;477,752
63555,885;477,457
63556,17;477,161
63556,455;476,863
63556,74;476,564
63557,025;476,264
63557,31;475,963
63557,595;475,661
63557,88;475,359
63558,165;475,057
63558,45;474,755
63558,735;474,453
63559,02;474,152
63559,305;473,851
63559,59;473,551
63559,875;473,252
63560,16;472,955
63560,445;472,659
63560,73;472,364
63561,015;472,071
63561,3;471,781
63561,585;471,493
63561,87;471,207
63562,155;470,924
63562,44;470,644
63562,725;470,366
63563,01;470,093
63563,295;469,822
63563,58;469,556
63563,865;469,293
63564,15;469,035
63564,435;468,781
63564,72;468,531
63565,005;468,286
63565,29;468,046
63565,575;467,81
63565,86;467,578
63566,145;467,35
63566,43;467,126
63566,715;466,906
63567;466,69
63567,285;466,478
63567,57;466,269
63567,855;466,063
63568,14;465,861
63568,425;465,662
63568,71;465,466
63568,995;465,273
63569,28;465,082
63569,565;464,894
63569,85;464,709
63570,135;464,526
63570,42;464,346
63570,705;464,167
63570,99;463,991
63571,275;463,816
63571,56;463,644
63571,845;463,473
63572,13;463,303
63572,415;463,135
63572,7;462,968
63572,985;462,803
63573,27;462,638
63573,555;462,475
63573,84;462,312
63574,125;462,15
63574,41;461,988
63574,695;461,827
63574,98;461,666
63575,265;461,505
63575,55;461,345
63575,835;461,184
63576,12;461,023
63576,405;460,862
63576,69;460,701
63576,975;460,539
63577,26;460,376
63577,545;460,212
63577,83;460,048
63578,115;459,883
63578,4;459,716
63578,685;459,548
63578,97;459,379
63579,255;459,208
63579,54;459,035
63579,825;458,861
63580,11;458,685
63580,395;458,506
63580,68;458,326
63580,965;458,143
63581,25;457,958
63581,535;457,77
63581,82;457,58
63582,105;457,388
63582,39;457,193
63582,675;456,995
63582,96;456,796
63583,245;456,594
63583,53;456,39
63583,815;456,184
63584,1;455,976
63584,385;455,766
63584,67;455,554
63584,955;455,341
63585,24;455,126
63585,525;454,91
63585,81;454,692
63586,095;454,472
63586,38;454,252
63586,665;454,03
63586,95;453,807
63587,235;453,582
63587,52;453,357
63587,805;453,131
63588,09;452,904
63588,375;452,676
63588,66;452,448
63588,945;452,219
63589,23;451,989
63589,515;451,759
63589,8;451,529
63590,085;451,298
63590,37;451,067
63590,655;450,836
63590,94;450,604
63591,225;450,373
63591,51;450,142
63591,795;449,911
63592,08;449,68
63592,365;449,45
63592,65;449,22
63592,935;448,99
63593,22;448,761
63593,505;448,533
63593,79;448,305
63594,075;448,078
63594,36;447,852
63594,645;447,627
63594,93;447,403
63595,215;447,18
63595,5;446,958
63595,785;446,737
63596,07;446,518
63596,355;446,3
63596,64;446,084
63596,925;445,869
63597,21;445,656
63597,495;445,444
63597,78;445,235
63598,065;445,027
63598,35;444,821
63598,635;444,617
63598,92;444,416
63599,205;444,216
63599,49;444,017
63599,775;443,821
63600,06;443,626
63600,345;443,433
63600,63;443,241
63600,915;443,051
63601,2;442,862
63601,485;442,675
63601,77;442,489
63602,055;442,304
63602,34;442,121
63602,625;441,938
63602,91;441,756
63603,195;441,576
63603,48;441,396
63603,765;441,218
63604,05;441,04
63604,335;440,862
63604,62;440,686
63604,905;440,51
63605,19;440,334
63605,475;440,159
63605,76;439,985
63606,045;439,811
63606,33;439,637
63606,615;439,463
63606,9;439,289
63607,185;439,116
63607,47;438,943
63607,755;438,769
63608,04;438,595
63608,325;438,422
63608,61;438,248
63608,895;438,074
63609,18;437,899
63609,465;437,724
63609,75;437,548
63610,035;437,372
63610,32;437,196
63610,605;437,018
63610,89;436,84
63611,175;436,662
63611,46;436,482
63611,745;436,301
63612,03;436,12
63612,315;435,937
63612,6;435,753
63612,885;435,568
63613,17;435,382
63613,455;435,195
63613,74;435,006
63614,025;434,816
63614,31;434,624
63614,595;434,431
63614,88;434,236
63615,165;434,039
63615,45;433,841
63615,735;433,641
63616,02;433,439
63616,305;433,236
63616,59;433,031
63616,875;432,825
63617,16;432,617
63617,445;432,408
63617,73;432,198
63618,015;431,986
63618,3;431,773
63618,585;431,559
63618,87;431,344
63619,155;431,128
63619,44;430,911
63619,725;430,693
63620,01;430,473
63620,295;430,253
63620,58;430,033
63620,865;429,811
63621,15;429,589
63621,435;429,366
63621,72;429,142
63622,005;428,918
63622,29;428,693
63622,575;428,468
63622,86;428,242
63623,145;428,016
63623,43;427,79
63623,715;427,563
63624;427,336
63624,285;427,109
63624,57;426,882
63624,855;426,655
63625,14;426,427
63625,425;426,2
63625,71;425,973
63625,995;425,746
63626,28;425,519
63626,565;425,292
63626,85;425,066
63627,135;424,84
63627,42;424,614
63627,705;424,388
63627,99;424,164
63628,275;423,939
63628,56;423,716
63628,845;423,492
63629,13;423,27
63629,415;423,048
63629,7;422,827
63629,985;422,607
63630,27;422,388
63630,555;422,169
63630,84;421,952
63631,125;421,735
63631,41;421,52
63631,695;421,306
63631,98;421,093
63632,265;420,881
63632,55;420,67
63632,835;420,461
63633,12;420,253
63633,405;420,045
63633,69;419,839
63633,975;419,635
63634,26;419,431
63634,545;419,228
63634,83;419,027
63635,115;418,827
63635,4;418,627
63635,685;418,429
63635,97;418,232
63636,255;418,036
63636,54;417,841
63636,825;417,647
63637,11;417,454
63637,395;417,262
63637,68;417,072
63637,965;416,882
63638,25;416,693
63638,535;416,505
63638,82;416,318
63639,105;416,132
63639,39;415,947
63639,675;415,763
63639,96;415,58
63640,245;415,398
63640,53;415,217
63640,815;415,037
63641,1;414,857
63641,385;414,679
63641,67;414,501
63641,955;414,324
63642,24;414,148
63642,525;413,973
63642,81;413,799
63643,095;413,625
63643,38;413,453
63643,665;413,281
63643,95;413,11
63644,235;412,939
63644,52;412,77
63644,805;412,601
63645,09;412,433
63645,375;412,266
63645,66;412,099
63645,945;411,934
63646,23;411,768
63646,515;411,604
63646,8;411,44
63647,085;411,277
63647,37;411,115
63647,655;410,953
63647,94;410,792
63648,225;410,632
63648,51;410,472
63648,795;410,313
63649,08;410,154
63649,365;409,996
63649,65;409,839
63649,935;409,682
63650,22;409,525
63650,505;409,368
63650,79;409,212
63651,075;409,055
63651,36;408,899
63651,645;408,743
63651,93;408,586
63652,215;408,43
63652,5;408,273
63652,785;408,116
63653,07;407,958
63653,355;407,8
63653,64;407,641
63653,925;407,482
63654,21;407,322
63654,495;407,161
63654,78;407
63655,065;406,837
63655,35;406,674
63655,635;406,509
63655,92;406,343
63656,205;406,177
63656,49;406,008
63656,775;405,839
63657,06;405,668
63657,345;405,496
63657,63;405,322
63657,915;405,146
63658,2;404,969
63658,485;404,79
63658,77;404,609
63659,055;404,426
63659,34;404,242
63659,625;404,055
63659,91;403,866
63660,195;403,674
63660,48;403,481
63660,765;403,285
63661,05;403,087
63661,335;402,886
63661,62;402,683
63661,905;402,477
63662,19;402,268
63662,475;402,057
63662,76;401,842
63663,045;401,625
63663,33;401,405
63663,615;401,182
63663,9;400,955
63664,185;400,725
63664,47;400,492
63664,755;400,256
63665,04;400,016
63665,325;399,773
63665,61;399,526
63665,895;399,276
63666,18;399,022
63666,465;398,765
63666,75;398,505
63667,035;398,242
63667,32;397,976
63667,605;397,709
63667,89;397,439
63668,175;397,168
63668,46;396,895
63668,745;396,62
63669,03;396,345
63669,315;396,068
63669,6;395,791
63669,885;395,513
63670,17;395,235
63670,455;394,958
63670,74;394,68
63671,025;394,403
63671,31;394,126
63671,595;393,851
63671,88;393,576
63672,165;393,303
63672,45;393,032
63672,735;392,762
63673,02;392,495
63673,305;392,229
63673,59;391,966
63673,875;391,706
63674,16;391,449
63674,445;391,195
63674,73;390,945
63675,015;390,698
63675,3;390,455
63675,585;390,216
63675,87;389,982
63676,155;389,752
63676,44;389,527
63676,725;389,307
63677,01;389,092
63677,295;388,883
63677,58;388,679
63677,865;388,481
63678,15;388,29
63678,435;388,104
63678,72;387,926
63679,005;387,754
63679,29;387,59
63679,575;387,432
63679,86;387,282
63680,145;387,14
63680,43;387,006
63680,715;386,881
63681;386,763
63681,285;386,655
63681,57;386,555
63681,855;386,464
63682,14;386,383
63682,425;386,311
63682,71;386,249
63682,995;386,197
63683,28;386,155
63683,565;386,122
63683,85;386,098
63684,135;386,085
63684,42;386,08
63684,705;386,085
63684,99;386,1
63685,275;386,123
63685,56;386,156
63685,845;386,198
63686,13;386,249
63686,415;386,309
63686,7;386,377
63686,985;386,455
63687,27;386,541
63687,555;386,636
63687,84;386,74
63688,125;386,852
63688,41;386,973
63688,695;387,102
63688,98;387,24
63689,265;387,386
63689,55;387,54
63689,835;387,702
63690,12;387,872
63690,405;388,051
63690,69;388,237
63690,975;388,431
63691,26;388,633
63691,545;388,843
63691,83;389,06
63692,115;389,285
63692,4;389,518
63692,685;389,758
63692,97;390,006
63693,255;390,261
63693,54;390,523
63693,825;390,792
63694,11;391,069
63694,395;391,353
63694,68;391,643
63694,965;391,941
63695,25;392,246
63695,535;392,557
63695,82;392,875
63696,105;393,2
63696,39;393,531
63696,675;393,869
63696,96;394,214
63697,245;394,565
63697,53;394,922
63697,815;395,285
63698,1;395,655
63698,385;396,031
63698,67;396,413
63698,955;396,801
63699,24;397,195
63699,525;397,595
63699,81;398
63700,095;398,411
63700,38;398,828
63700,665;399,249
63700,95;399,676
63701,235;400,107
63701,52;400,543
63701,805;400,983
63702,09;401,427
63702,375;401,876
63702,66;402,328
63702,945;402,783
63703,23;403,243
63703,515;403,705
63703,8;404,17
63704,085;404,639
63704,37;405,11
63704,655;405,583
63704,94;406,059
63705,225;406,536
63705,51;407,016
63705,795;407,497
63706,08;407,98
63706,365;408,464
63706,65;408,95
63706,935;409,436
63707,22;409,923
63707,505;410,41
63707,79;410,898
63708,075;411,386
63708,36;411,874
63708,645;412,362
63708,93;412,85
63709,215;413,337
63709,5;413,823
63709,785;414,308
63710,07;414,792
63710,355;415,274
63710,64;415,755
63710,925;416,235
63711,21;416,712
63711,495;417,187
63711,78;417,66
63712,065;418,131
63712,35;418,599
63712,635;419,064
63712,92;419,525
63713,205;419,984
63713,49;420,439
63713,775;420,891
63714,06;421,338
63714,345;421,782
63714,63;422,221
63714,915;422,656
63715,2;423,087
63715,485;423,512
63715,77;423,933
63716,055;424,348
63716,34;424,759
63716,625;425,164
63716,91;425,563
63717,195;425,959
63717,48;426,349
63717,765;426,735
63718,05;427,117
63718,335;427,496
63718,62;427,87
63718,905;428,241
63719,19;428,609
63719,475;428,974
63719,76;429,336
63720,045;429,695
63720,33;430,052
63720,615;430,407
63720,9;430,76
63721,185;431,112
63721,47;431,462
63721,755;431,81
63722,04;432,158
63722,325;432,505
63722,61;432,851
63722,895;433,197
63723,18;433,542
63723,465;433,888
63723,75;434,234
63724,035;434,581
63724,32;434,928
63724,605;435,276
63724,89;435,625
63725,175;435,976
63725,46;436,329
63725,745;436,683
63726,03;437,039
63726,315;437,398
63726,6;437,759
63726,885;438,123
63727,17;438,49
63727,455;438,859
63727,74;439,233
63728,025;439,61
63728,31;439,99
63728,595;440,375
63728,88;440,764
63729,165;441,158
63729,45;441,556
63729,735;441,959
63730,02;442,367
63730,305;442,781
63730,59;443,2
63730,875;443,626
63731,16;444,057
63731,445;444,494
63731,73;444,938
63732,015;445,388
63732,3;445,846
63732,585;446,31
63732,87;446,782
63733,155;447,262
63733,44;447,749
63733,725;448,243
63734,01;448,744
63734,295;449,252
63734,58;449,766
63734,865;450,286
63735,15;450,811
63735,435;451,343
63735,72;451,88
63736,005;452,421
63736,29;452,968
63736,575;453,519
63736,86;454,074
63737,145;454,633
63737,43;455,195
63737,715;455,761
63738;456,33
63738,285;456,902
63738,57;457,477
63738,855;458,054
63739,14;458,632
63739,425;459,213
63739,71;459,795
63739,995;460,378
63740,28;460,962
63740,565;461,547
63740,85;462,132
63741,135;462,718
63741,42;463,303
63741,705;463,888
63741,99;464,472
63742,275;465,055
63742,56;465,637
63742,845;466,217
63743,13;466,795
63743,415;467,372
63743,7;467,946
63743,985;468,518
63744,27;469,086
63744,555;469,652
63744,84;470,214
63745,125;470,773
63745,41;471,327
63745,695;471,878
63745,98;472,423
63746,265;472,965
63746,55;473,501
63746,835;474,031
63747,12;474,556
63747,405;475,076
63747,69;475,589
63747,975;476,096
63748,26;476,596
63748,545;477,089
63748,83;477,575
63749,115;478,054
63749,4;478,524
63749,685;478,987
63749,97;479,442
63750,255;479,888
63750,54;480,326
63750,825;480,757
63751,11;481,181
63751,395;481,597
63751,68;482,007
63751,965;482,41
63752,25;482,808
63752,535;483,199
63752,82;483,585
63753,105;483,966
63753,39;484,342
63753,675;484,714
63753,96;485,081
63754,245;485,444
63754,53;485,803
63754,815;486,159
63755,1;486,512
63755,385;486,862
63755,67;487,209
63755,955;487,554
63756,24;487,898
63756,525;488,239
63756,81;488,58
63757,095;488,919
63757,38;489,258
63757,665;489,596
63757,95;489,934
63758,235;490,273
63758,52;490,611
63758,805;490,951
63759,09;491,291
63759,375;491,633
63759,66;491,977
63759,945;492,323
63760,23;492,671
63760,515;493,021
63760,8;493,374
63761,085;493,731
63761,37;494,091
63761,655;494,454
63761,94;494,822
63762,225;495,194
63762,51;495,571
63762,795;495,953
63763,08;496,34
63763,365;496,732
63763,65;497,13
63763,935;497,535
63764,22;497,946
63764,505;498,363
63764,79;498,788
63765,075;499,22
63765,36;499,66
63765,645;500,108
63765,93;500,564
63766,215;501,028
63766,5;501,501
63766,785;501,984
63767,07;502,475
63767,355;502,976
63767,64;503,485
63767,925;504,002
63768,21;504,529
63768,495;505,063
63768,78;505,605
63769,065;506,155
63769,35;506,713
63769,635;507,278
63769,92;507,85
63770,205;508,429
63770,49;509,014
63770,775;509,607
63771,06;510,206
63771,345;510,811
63771,63;511,422
63771,915;512,038
63772,2;512,661
63772,485;513,288
63772,77;513,921
63773,055;514,559
63773,34;515,202
63773,625;515,849
63773,91;516,501
63774,195;517,157
63774,48;517,817
63774,765;518,481
63775,05;519,148
63775,335;519,819
63775,62;520,493
63775,905;521,17
63776,19;521,85
63776,475;522,533
63776,76;523,218
63777,045;523,905
63777,33;524,594
63777,615;525,285
63777,9;525,978
63778,185;526,672
63778,47;527,368
63778,755;528,064
63779,04;528,762
63779,325;529,46
63779,61;530,158
63779,895;530,857
63780,18;531,556
63780,465;532,255
63780,75;532,953
63781,035;533,651
63781,32;534,348
63781,605;535,044
63781,89;535,739
63782,175;536,433
63782,46;537,126
63782,745;537,816
63783,03;538,505
63783,315;539,192
63783,6;539,876
63783,885;540,558
63784,17;541,237
63784,455;541,914
63784,74;542,589
63785,025;543,261
63785,31;543,93
63785,595;544,596
63785,88;545,26
63786,165;545,922
63786,45;546,58
63786,735;547,236
63787,02;547,889
63787,305;548,539
63787,59;549,186
63787,875;549,83
63788,16;550,471
63788,445;551,109
63788,73;551,744
63789,015;552,376
63789,3;553,005
63789,585;553,63
63789,87;554,253
63790,155;554,872
63790,44;555,487
63790,725;556,1
63791,01;556,709
63791,295;557,315
63791,58;557,917
63791,865;558,516
63792,15;559,111
63792,435;559,702
63792,72;560,29
63793,005;560,875
63793,29;561,455
63793,575;562,032
63793,86;562,605
63794,145;563,175
63794,43;563,74
63794,715;564,302
63795;564,86
63795,285;565,413
63795,57;565,963
63795,855;566,509
63796,14;567,051
63796,425;567,588
63796,71;568,121
63796,995;568,651
63797,28;569,176
63797,565;569,696
63797,85;570,213
63798,135;570,725
63798,42;571,232
63798,705;571,736
63798,99;572,234
63799,275;572,729
63799,56;573,218
63799,845;573,704
63800,13;574,184
63800,415;574,66
63800,7;575,131
63800,985;575,598
63801,27;576,06
63801,555;576,517
63801,84;576,97
63802,125;577,418
63802,41;577,861
63802,695;578,3
63802,98;578,734
63803,265;579,164
63803,55;579,589
63803,835;580,009
63804,12;580,425
63804,405;580,836
63804,69;581,243
63804,975;581,645
63805,26;582,043
63805,545;582,436
63805,83;582,825
63806,115;583,209
63806,4;583,589
63806,685;583,964
63806,97;584,335
63807,255;584,702
63807,54;585,064
63807,825;585,421
63808,11;585,774
63808,395;586,123
63808,68;586,467
63808,965;586,807
63809,25;587,142
63809,535;587,474
63809,82;587,8
63810,105;588,123
63810,39;588,441
63810,675;588,754
63810,96;589,064
63811,245;589,369
63811,53;589,669
63811,815;589,966
63812,1;590,258
63812,385;590,546
63812,67;590,829
63812,955;591,109
63813,24;591,384
63813,525;591,655
63813,81;591,921
63814,095;592,184
63814,38;592,442
63814,665;592,696
63814,95;592,945
63815,235;593,191
63815,52;593,432
63815,805;593,669
63816,09;593,902
63816,375;594,131
63816,66;594,356
63816,945;594,577
63817,23;594,793
63817,515;595,006
63817,8;595,214
63818,085;595,419
63818,37;595,621
63818,655;595,819
63818,94;596,015
63819,225;596,207
63819,51;596,397
63819,795;596,585
63820,08;596,77
63820,365;596,954
63820,65;597,136
63820,935;597,316
63821,22;597,495
63821,505;597,673
63821,79;597,849
63822,075;598,026
63822,36;598,201
63822,645;598,377
63822,93;598,552
63823,215;598,727
63823,5;598,903
63823,785;599,079
63824,07;599,256
63824,355;599,434
63824,64;599,613
63824,925;599,794
63825,21;599,976
63825,495;600,16
63825,78;600,346
63826,065;600,534
63826,35;600,724
63826,635;600,917
63826,92;601,113
63827,205;601,312
63827,49;601,514
63827,775;601,72
63828,06;601,929
63828,345;602,143
63828,63;602,36
63828,915;602,581
63829,2;602,807
63829,485;603,038
63829,77;603,274
63830,055;603,514
63830,34;603,76
63830,625;604,012
63830,91;604,269
63831,195;604,533
63831,48;604,802
63831,765;605,078
63832,05;605,36
63832,335;605,649
63832,62;605,945
63832,905;606,249
63833,19;606,559
63833,475;606,878
63833,76;607,204
63834,045;607,538
63834,33;607,88
63834,615;608,228
63834,9;608,582
63835,185;608,941
63835,47;609,302
63835,755;609,665
63836,04;610,029
63836,325;610,392
63836,61;610,754
63836,895;611,113
63837,18;611,468
63837,465;611,817
63837,75;612,16
63838,035;612,496
63838,32;612,823
63838,605;613,14
63838,89;613,446
63839,175;613,739
63839,46;614,019
63839,745;614,285
63840,03;614,534
63840,315;614,767
63840,6;614,981
63840,885;615,176
63841,17;615,35
63841,455;615,503
63841,74;615,633
63842,025;615,738
63842,31;615,818
63842,595;615,872
63842,88;615,898
63843,165;615,895
63843,45;615,862
63843,735;615,798
63844,02;615,701
63844,305;615,571
63844,59;615,406
63844,875;615,206
63845,16;614,968
63845,445;614,691
63845,73;614,376
63846,015;614,019
63846,3;613,621
63846,585;613,179
63846,87;612,694
63847,155;612,163
63847,44;611,585
63847,725;610,96
63848,01;610,285
63848,295;609,561
63848,58;608,785
63848,865;607,957
63849,15;607,075
63849,435;606,138
63849,72;605,145
63850,005;604,095
63850,29;602,986
63850,575;601,818
63850,86;600,589
63851,145;599,299
63851,43;597,95
63851,715;596,544
63852;595,084
63852,285;593,571
63852,57;592,008
63852,855;590,396
63853,14;588,739
63853,425;587,037
63853,71;585,294
63853,995;583,512
63854,28;581,691
63854,565;579,836
63854,85;577,948
63855,135;576,028
63855,42;574,08
63855,705;572,105
63855,99;570,106
63856,275;568,085
63856,56;566,043
63856,845;563,983
63857,13;561,908
63857,415;559,819
63857,7;557,718
63857,985;555,608
63858,27;553,491
63858,555;551,369
63858,84;549,243
63859,125;547,118
63859,41;544,993
63859,695;542,872
63859,98;540,757
63860,265;538,65
63860,55;536,553
63860,835;534,469
63861,12;532,398
63861,405;530,344
63861,69;528,309
63861,975;526,295
63862,26;524,304
63862,545;522,338
63862,83;520,399
63863,115;518,49
63863,4;516,612
63863,685;514,769
63863,97;512,961
63864,255;511,191
63864,54;509,462
63864,825;507,775
63865,11;506,133
63865,395;504,538
63865,68;502,991
63865,965;501,496
63866,25;500,053
63866,535;498,667
63866,82;497,337
63867,105;496,068
63867,39;494,86
63867,675;493,717
63867,96;492,638
63868,245;491,624
63868,53;490,673
63868,815;489,783
63869,1;488,953
63869,385;488,181
63869,67;487,466
63869,955;486,807
63870,24;486,203
63870,525;485,651
63870,81;485,151
63871,095;484,7
63871,38;484,299
63871,665;483,944
63871,95;483,636
63872,235;483,371
63872,52;483,15
63872,805;482,97
63873,09;482,83
63873,375;482,73
63873,66;482,666
63873,945;482,638
63874,23;482,645
63874,515;482,685
63874,8;482,757
63875,085;482,858
63875,37;482,989
63875,655;483,147
63875,94;483,331
63876,225;483,54
63876,51;483,772
63876,795;484,026
63877,08;484,3
63877,365;484,593
63877,65;484,903
63877,935;485,23
63878,22;485,571
63878,505;485,926
63878,79;486,292
63879,075;486,669
63879,36;487,055
63879,645;487,449
63879,93;487,849
63880,215;488,254
63880,5;488,662
63880,785;489,072
63881,07;489,483
63881,355;489,893
63881,64;490,301
63881,925;490,705
63882,21;491,104
63882,495;491,497
63882,78;491,881
63883,065;492,257
63883,35;492,621
63883,635;492,974
63883,92;493,313
63884,205;493,637
63884,49;493,945
63884,775;494,235
63885,06;494,508
63885,345;494,764
63885,63;495,004
63885,915;495,228
63886,2;495,436
63886,485;495,629
63886,77;495,806
63887,055;495,97
63887,34;496,119
63887,625;496,254
63887,91;496,376
63888,195;496,484
63888,48;496,58
63888,765;496,664
63889,05;496,736
63889,335;496,796
63889,62;496,845
63889,905;496,884
63890,19;496,912
63890,475;496,93
63890,76;496,938
63891,045;496,937
63891,33;496,927
63891,615;496,908
63891,9;496,882
63892,185;496,848
63892,47;496,806
63892,755;496,757
63893,04;496,702
63893,325;496,64
63893,61;496,573
63893,895;496,5
63894,18;496,421
63894,465;496,339
63894,75;496,251
63895,035;496,16
63895,32;496,065
63895,605;495,967
63895,89;495,866
63896,175;495,763
63896,46;495,658
63896,745;495,55
63897,03;495,442
63897,315;495,332
63897,6;495,222
63897,885;495,112
63898,17;495,002
63898,455;494,892
63898,74;494,784
63899,025;494,676
63899,31;494,57
63899,595;494,467
63899,88;494,366
63900,165;494,267
63900,45;494,172
63900,735;494,081
63901,02;493,993
63901,305;493,909
63901,59;493,831
63901,875;493,757
63902,16;493,687
63902,445;493,622
63902,73;493,561
63903,015;493,504
63903,3;493,451
63903,585;493,403
63903,87;493,358
63904,155;493,317
63904,44;493,279
63904,725;493,246
63905,01;493,216
63905,295;493,189
63905,58;493,165
63905,865;493,145
63906,15;493,128
63906,435;493,114
63906,72;493,102
63907,005;493,094
63907,29;493,088
63907,575;493,085
63907,86;493,085
63908,145;493,086
63908,43;493,091
63908,715;493,097
63909;493,106
63909,285;493,116
63909,57;493,129
63909,855;493,143
63910,14;493,159
63910,425;493,177
63910,71;493,196
63910,995;493,216
63911,28;493,238
63911,565;493,262
63911,85;493,286
63912,135;493,311
63912,42;493,338
63912,705;493,365
63912,99;493,393
63913,275;493,422
63913,56;493,451
63913,845;493,48
63914,13;493,51
63914,415;493,54
63914,7;493,571
63914,985;493,601
63915,27;493,632
63915,555;493,662
63915,84;493,692
63916,125;493,722
63916,41;493,751
63916,695;493,78
63916,98;493,808
63917,265;493,835
63917,55;493,862
63917,835;493,887
63918,12;493,912
63918,405;493,935
63918,69;493,958
63918,975;493,979
63919,26;493,999
63919,545;494,018
63919,83;494,037
63920,115;494,054
63920,4;494,07
63920,685;494,085
63920,97;494,099
63921,255;494,112
63921,54;494,124
63921,825;494,135
63922,11;494,146
63922,395;494,155
63922,68;494,164
63922,965;494,171
63923,25;494,178
63923,535;494,184
63923,82;494,189
63924,105;494,194
63924,39;494,197
63924,675;494,2
63924,96;494,202
63925,245;494,203
63925,53;494,204
63925,815;494,203
63926,1;494,202
63926,385;494,201
63926,67;494,199
63926,955;494,196
63927,24;494,192
63927,525;494,188
63927,81;494,183
63928,095;494,178
63928,38;494,172
63928,665;494,166
63928,95;494,159
63929,235;494,151
63929,52;494,143
63929,805;494,134
63930,09;494,125
63930,375;494,116
63930,66;494,106
63930,945;494,096
63931,23;494,085
63931,515;494,074
63931,8;494,062
63932,085;494,05
63932,37;494,038
63932,655;494,025
63932,94;494,012
63933,225;493,999
63933,51;493,986
63933,795;493,972
63934,08;493,958
63934,365;493,943
63934,65;493,929
63934,935;493,914
63935,22;493,899
63935,505;493,884
63935,79;493,869
63936,075;493,854
63936,36;493,838
63936,645;493,823
63936,93;493,807
63937,215;493,792
63937,5;493,777
63937,785;493,762
63938,07;493,747
63938,355;493,732
63938,64;493,717
63938,925;493,703
63939,21;493,689
63939,495;493,676
63939,78;493,662
63940,065;493,649
63940,35;493,637
63940,635;493,625
63940,92;493,614
63941,205;493,603
63941,49;493,592
63941,775;493,583
63942,06;493,574
63942,345;493,565
63942,63;493,558
63942,915;493,551
63943,2;493,545
63943,485;493,54
63943,77;493,535
63944,055;493,532
63944,34;493,529
63944,625;493,528
63944,91;493,527
63945,195;493,527
63945,48;493,529
63945,765;493,532
63946,05;493,535
63946,335;493,54
63946,62;493,547
63946,905;493,554
63947,19;493,563
63947,475;493,573
63947,76;493,584
63948,045;493,597
63948,33;493,611
63948,615;493,627
63948,9;493,644
63949,185;493,663
63949,47;493,683
63949,755;493,705
63950,04;493,729
63950,325;493,754
63950,61;493,781
63950,895;493,81
63951,18;493,84
63951,465;493,873
63951,75;493,907
63952,035;493,943
63952,32;493,982
63952,605;494,024
63952,89;494,07
63953,175;494,121
63953,46;494,179
63953,745;494,243
63954,03;494,314
63954,315;494,394
63954,6;494,484
63954,885;494,583
63955,17;494,693
63955,455;494,815
63955,74;494,949
63956,025;495,097
63956,31;495,259
63956,595;495,435
63956,88;495,628
63957,165;495,838
63957,45;496,064
63957,735;496,309
63958,02;496,574
63958,305;496,858
63958,59;497,163
63958,875;497,49
63959,16;497,839
63959,445;498,211
63959,73;498,608
63960,015;499,03
63960,3;499,477
63960,585;499,951
63960,87;500,452
63961,155;500,982
63961,44;501,54
63961,725;502,129
63962,01;502,748
63962,295;503,399
63962,58;504,082
63962,865;504,799
63963,15;505,549
63963,435;506,335
63963,72;507,156
63964,005;508,014
63964,29;508,909
63964,575;509,842
63964,86;510,814
63965,145;511,826
63965,43;512,879
63965,715;513,973
63966;515,11
63966,285;516,29
63966,57;517,513
63966,855;518,782
63967,14;520,096
63967,425;521,457
63967,71;522,865
63967,995;524,321
63968,28;525,826
63968,565;527,381
63968,85;528,986
63969,135;530,641
63969,42;532,343
63969,705;534,09
63969,99;535,881
63970,275;537,713
63970,56;539,584
63970,845;541,494
63971,13;543,438
63971,415;545,417
63971,7;547,427
63971,985;549,466
63972,27;551,534
63972,555;553,627
63972,84;555,744
63973,125;557,883
63973,41;560,041
63973,695;562,218
63973,98;564,41
63974,265;566,617
63974,55;568,835
63974,835;571,064
63975,12;573,3
63975,405;575,543
63975,69;577,79
63975,975;580,039
63976,26;582,288
63976,545;584,536
63976,83;586,78
63977,115;589,018
63977,4;591,249
63977,685;593,47
63977,97;595,679
63978,255;597,875
63978,54;600,056
63978,825;602,219
63979,11;604,362
63979,395;606,485
63979,68;608,584
63979,965;610,657
63980,25;612,704
63980,535;614,721
63980,82;616,707
63981,105;618,66
63981,39;620,578
63981,675;622,459
63981,96;624,3
63982,245;626,101
63982,53;627,859
63982,815;629,572
63983,1;631,238
63983,385;632,855
63983,67;634,421
63983,955;635,935
63984,24;637,394
63984,525;638,796
63984,81;640,139
63985,095;641,422
63985,38;642,642
63985,665;643,798
63985,95;644,89
63986,235;645,919
63986,52;646,887
63986,805;647,794
63987,09;648,643
63987,375;649,434
63987,66;650,17
63987,945;650,851
63988,23;651,479
63988,515;652,055
63988,8;652,58
63989,085;653,057
63989,37;653,486
63989,655;653,869
63989,94;654,206
63990,225;654,501
63990,51;654,753
63990,795;654,964
63991,08;655,136
63991,365;655,27
63991,65;655,368
63991,935;655,43
63992,22;655,458
63992,505;655,454
63992,79;655,418
63993,075;655,353
63993,36;655,259
63993,645;655,139
63993,93;654,993
63994,215;654,822
63994,5;654,629
63994,785;654,414
63995,07;654,18
63995,355;653,926
63995,64;653,655
63995,925;653,368
63996,21;653,067
63996,495;652,752
63996,78;652,426
63997,065;652,089
63997,35;651,743
63997,635;651,389
63997,92;651,029
63998,205;650,664
63998,49;650,295
63998,775;649,924
63999,06;649,553
63999,345;649,182
63999,63;648,813
63999,915;648,447
64000,2;648,086
64000,485;647,731
64000,77;647,383
64001,055;647,045
64001,34;646,716
64001,625;646,399
64001,91;646,095
64002,195;645,805
64002,48;645,531
64002,765;645,273
64003,05;645,031
64003,335;644,804
64003,62;644,592
64003,905;644,394
64004,19;644,211
64004,475;644,041
64004,76;643,884
64005,045;643,741
64005,33;643,611
64005,615;643,492
64005,9;643,386
64006,185;643,291
64006,47;643,208
64006,755;643,135
64007,04;643,073
64007,325;643,02
64007,61;642,978
64007,895;642,945
64008,18;642,921
64008,465;642,906
64008,75;642,898
64009,035;642,899
64009,32;642,907
64009,605;642,923
64009,89;642,945
64010,175;642,974
64010,46;643,008
64010,745;643,049
64011,03;643,094
64011,315;643,145
64011,6;643,2
64011,885;643,259
64012,17;643,323
64012,455;643,389
64012,74;643,459
64013,025;643,532
64013,31;643,607
64013,595;643,683
64013,88;643,762
64014,165;643,842
64014,45;643,922
64014,735;644,004
64015,02;644,085
64015,305;644,166
64015,59;644,247
64015,875;644,326
64016,16;644,404
64016,445;644,481
64016,73;644,556
64017,015;644,628
64017,3;644,697
64017,585;644,763
64017,87;644,826
64018,155;644,884
64018,44;644,939
64018,725;644,989
64019,01;645,034
64019,295;645,073
64019,58;645,107
64019,865;645,135
64020,15;645,157
64020,435;645,173
64020,72;645,183
64021,005;645,187
64021,29;645,184
64021,575;645,174
64021,86;645,158
64022,145;645,135
64022,43;645,104
64022,715;645,067
64023;645,022
64023,285;644,97
64023,57;644,91
64023,855;644,842
64024,14;644,766
64024,425;644,683
64024,71;644,591
64024,995;644,491
64025,28;644,382
64025,565;644,264
64025,85;644,138
64026,135;644,003
64026,42;643,859
64026,705;643,705
64026,99;643,542
64027,275;643,37
64027,56;643,188
64027,845;642,996
64028,13;642,795
64028,415;642,583
64028,7;642,361
64028,985;642,128
64029,27;641,885
64029,555;641,632
64029,84;641,367
64030,125;641,092
64030,41;640,806
64030,695;640,508
64030,98;640,199
64031,265;639,878
64031,55;639,546
64031,835;639,202
64032,12;638,846
64032,405;638,478
64032,69;638,097
64032,975;637,705
64033,26;637,299
64033,545;636,881
64033,83;636,45
64034,115;636,007
64034,4;635,55
64034,685;635,08
64034,97;634,596
64035,255;634,099
64035,54;633,588
64035,825;633,063
64036,11;632,525
64036,395;631,972
64036,68;631,406
64036,965;630,827
64037,25;630,235
64037,535;629,63
64037,82;629,013
64038,105;628,383
64038,39;627,743
64038,675;627,09
64038,96;626,427
64039,245;625,753
64039,53;625,069
64039,815;624,375
64040,1;623,671
64040,385;622,957
64040,67;622,235
64040,955;621,503
64041,24;620,764
64041,525;620,016
64041,81;619,26
64042,095;618,497
64042,38;617,726
64042,665;616,949
64042,95;616,165
64043,235;615,375
64043,52;614,579
64043,805;613,777
64044,09;612,97
64044,375;612,159
64044,66;611,342
64044,945;610,522
64045,23;609,697
64045,515;608,868
64045,8;608,037
64046,085;607,202
64046,37;606,365
64046,655;605,525
64046,94;604,683
64047,225;603,839
64047,51;602,994
64047,795;602,148
64048,08;601,301
64048,365;600,453
64048,65;599,606
64048,935;598,758
64049,22;597,911
64049,505;597,065
64049,79;596,22
64050,075;595,377
64050,36;594,535
64050,645;593,695
64050,93;592,858
64051,215;592,023
64051,5;591,192
64051,785;590,364
64052,07;589,539
64052,355;588,719
64052,64;587,903
64052,925;587,091
64053,21;586,284
64053,495;585,482
64053,78;584,685
64054,065;583,892
64054,35;583,104
64054,635;582,32
64054,92;581,541
64055,205;580,766
64055,49;579,996
64055,775;579,229
64056,06;578,467
64056,345;577,709
64056,63;576,954
64056,915;576,204
64057,2;575,458
64057,485;574,715
64057,77;573,976
64058,055;573,241
64058,34;572,509
64058,625;571,781
64058,91;571,057
64059,195;570,336
64059,48;569,618
64059,765;568,904
64060,05;568,192
64060,335;567,484
64060,62;566,779
64060,905;566,077
64061,19;565,378
64061,475;564,682
64061,76;563,989
64062,045;563,298
64062,33;562,61
64062,615;561,925
64062,9;561,242
64063,185;560,562
64063,47;559,884
64063,755;559,209
64064,04;558,536
64064,325;557,865
64064,61;557,196
64064,895;556,529
64065,18;555,865
64065,465;555,202
64065,75;554,541
64066,035;553,882
64066,32;553,225
64066,605;552,57
64066,89;551,916
64067,175;551,264
64067,46;550,613
64067,745;549,964
64068,03;549,316
64068,315;548,669
64068,6;548,024
64068,885;547,379
64069,17;546,736
64069,455;546,094
64069,74;545,453
64070,025;544,813
64070,31;544,174
64070,595;543,535
64070,88;542,897
64071,165;542,259
64071,45;541,622
64071,735;540,986
64072,02;540,349
64072,305;539,713
64072,59;539,077
64072,875;538,441
64073,16;537,804
64073,445;537,168
64073,73;536,531
64074,015;535,894
64074,3;535,256
64074,585;534,618
64074,87;533,979
64075,155;533,34
64075,44;532,699
64075,725;532,058
64076,01;531,416
64076,295;530,772
64076,58;530,128
64076,865;529,482
64077,15;528,834
64077,435;528,186
64077,72;527,535
64078,005;526,883
64078,29;526,23
64078,575;525,574
64078,86;524,917
64079,145;524,257
64079,43;523,595
64079,715;522,932
64080;522,266
64080,285;521,597
64080,57;520,926
64080,855;520,253
64081,14;519,577
64081,425;518,898
64081,71;518,216
64081,995;517,531
64082,28;516,844
64082,565;516,153
64082,85;515,459
64083,135;514,762
64083,42;514,061
64083,705;513,357
64083,99;512,649
64084,275;511,938
64084,56;511,223
64084,845;510,504
64085,13;509,781
64085,415;509,054
64085,7;508,323
64085,985;507,588
64086,27;506,849
64086,555;506,105
64086,84;505,357
64087,125;504,604
64087,41;503,848
64087,695;503,088
64087,98;502,324
64088,265;501,558
64088,55;500,788
64088,835;500,015
64089,12;499,24
64089,405;498,463
64089,69;497,683
64089,975;496,902
64090,26;496,119
64090,545;495,334
64090,83;494,549
64091,115;493,762
64091,4;492,975
64091,685;492,187
64091,97;491,399
64092,255;490,61
64092,54;489,822
64092,825;489,035
64093,11;488,248
64093,395;487,461
64093,68;486,676
64093,965;485,892
64094,25;485,11
64094,535;484,33
64094,82;483,551
64095,105;482,775
64095,39;482,001
64095,675;481,23
64095,96;480,462
64096,245;479,697
64096,53;478,935
64096,815;478,177
64097,1;477,422
64097,385;476,672
64097,67;475,926
64097,955;475,184
64098,24;474,447
64098,525;473,716
64098,81;472,989
64099,095;472,268
64099,38;471,552
64099,665;470,842
64099,95;470,138
64100,235;469,441
64100,52;468,75
64100,805;468,066
64101,09;467,389
64101,375;466,719
64101,66;466,057
64101,945;465,402
64102,23;464,755
64102,515;464,117
64102,8;463,486
64103,085;462,865
64103,37;462,252
64103,655;461,648
64103,94;461,053
64104,225;460,468
64104,51;459,892
64104,795;459,326
64105,08;458,769
64105,365;458,222
64105,65;457,685
64105,935;457,158
64106,22;456,641
64106,505;456,135
64106,79;455,639
64107,075;455,153
64107,36;454,678
64107,645;454,214
64107,93;453,761
64108,215;453,319
64108,5;452,889
64108,785;452,469
64109,07;452,061
64109,355;451,665
64109,64;451,28
64109,925;450,908
64110,21;450,547
64110,495;450,198
64110,78;449,862
64111,065;449,538
64111,35;449,226
64111,635;448,927
64111,92;448,641
64112,205;448,368
64112,49;448,107
64112,775;447,86
64113,06;447,626
64113,345;447,405
64113,63;447,198
64113,915;447,005
64114,2;446,825
64114,485;446,659
64114,77;446,508
64115,055;446,37
64115,34;446,247
64115,625;446,138
64115,91;446,043
64116,195;445,964
64116,48;445,899
64116,765;445,849
64117,05;445,814
64117,335;445,794
64117,62;445,79
64117,905;445,801
64118,19;445,827
64118,475;445,869
64118,76;445,927
64119,045;446,001
64119,33;446,091
64119,615;446,198
64119,9;446,32
64120,185;446,459
64120,47;446,615
64120,755;446,786
64121,04;446,974
64121,325;447,176
64121,61;447,393
64121,895;447,624
64122,18;447,869
64122,465;448,128
64122,75;448,4
64123,035;448,684
64123,32;448,98
64123,605;449,288
64123,89;449,607
64124,175;449,936
64124,46;450,276
64124,745;450,626
64125,03;450,985
64125,315;451,354
64125,6;451,731
64125,885;452,115
64126,17;452,508
64126,455;452,908
64126,74;453,314
64127,025;453,727
64127,31;454,146
64127,595;454,57
64127,88;454,999
64128,165;455,432
64128,45;455,87
64128,735;456,311
64129,02;456,756
64129,305;457,203
64129,59;457,653
64129,875;458,104
64130,16;458,557
64130,445;459,011
64130,73;459,466
64131,015;459,921
64131,3;460,375
64131,585;460,828
64131,87;461,281
64132,155;461,732
64132,44;462,18
64132,725;462,626
64133,01;463,069
64133,295;463,509
64133,58;463,944
64133,865;464,376
64134,15;464,803
64134,435;465,224
64134,72;465,64
64135,005;466,05
64135,29;466,453
64135,575;466,849
64135,86;467,238
64136,145;467,619
64136,43;467,991
64136,715;468,355
64137;468,71
64137,285;469,055
64137,57;469,391
64137,855;469,719
64138,14;470,039
64138,425;470,351
64138,71;470,656
64138,995;470,956
64139,28;471,249
64139,565;471,537
64139,85;471,82
64140,135;472,099
64140,42;472,374
64140,705;472,646
64140,99;472,915
64141,275;473,182
64141,56;473,448
64141,845;473,712
64142,13;473,976
64142,415;474,24
64142,7;474,504
64142,985;474,77
64143,27;475,037
64143,555;475,306
64143,84;475,578
64144,125;475,853
64144,41;476,131
64144,695;476,414
64144,98;476,702
64145,265;476,995
64145,55;477,293
64145,835;477,598
64146,12;477,91
64146,405;478,23
64146,69;478,557
64146,975;478,893
64147,26;479,238
64147,545;479,592
64147,83;479,956
64148,115;480,331
64148,4;480,717
64148,685;481,115
64148,97;481,525
64149,255;481,948
64149,54;482,384
64149,825;482,833
64150,11;483,297
64150,395;483,776
64150,68;484,27
64150,965;484,78
64151,25;485,307
64151,535;485,85
64151,82;486,411
64152,105;486,99
64152,39;487,587
64152,675;488,204
64152,96;488,84
64153,245;489,496
64153,53;490,173
64153,815;490,871
64154,1;491,591
64154,385;492,332
64154,67;493,093
64154,955;493,874
64155,24;494,675
64155,525;495,495
64155,81;496,334
64156,095;497,19
64156,38;498,063
64156,665;498,953
64156,95;499,859
64157,235;500,781
64157,52;501,718
64157,805;502,669
64158,09;503,634
64158,375;504,613
64158,66;505,605
64158,945;506,608
64159,23;507,624
64159,515;508,65
64159,8;509,688
64160,085;510,735
64160,37;511,791
64160,655;512,857
64160,94;513,931
64161,225;515,013
64161,51;516,102
64161,795;517,198
64162,08;518,3
64162,365;519,407
64162,65;520,52
64162,935;521,637
64163,22;522,758
64163,505;523,882
64163,79;525,009
64164,075;526,139
64164,36;527,27
64164,645;528,402
64164,93;529,535
64165,215;530,668
64165,5;531,8
64165,785;532,932
64166,07;534,061
64166,355;535,189
64166,64;536,313
64166,925;537,435
64167,21;538,552
64167,495;539,666
64167,78;540,774
64168,065;541,876
64168,35;542,973
64168,635;544,063
64168,92;545,146
64169,205;546,221
64169,49;547,288
64169,775;548,345
64170,06;549,394
64170,345;550,432
64170,63;551,46
64170,915;552,477
64171,2;553,483
64171,485;554,478
64171,77;555,461
64172,055;556,433
64172,34;557,394
64172,625;558,343
64172,91;559,281
64173,195;560,208
64173,48;561,123
64173,765;562,027
64174,05;562,919
64174,335;563,799
64174,62;564,668
64174,905;565,526
64175,19;566,371
64175,475;567,205
64175,76;568,027
64176,045;568,838
64176,33;569,636
64176,615;570,423
64176,9;571,197
64177,185;571,96
64177,47;572,711
64177,755;573,449
64178,04;574,176
64178,325;574,89
64178,61;575,592
64178,895;576,282
64179,18;576,96
64179,465;577,626
64179,75;578,279
64180,035;578,92
64180,32;579,549
64180,605;580,165
64180,89;580,768
64181,175;581,359
64181,46;581,938
64181,745;582,504
64182,03;583,057
64182,315;583,598
64182,6;584,126
64182,885;584,641
64183,17;585,144
64183,455;585,633
64183,74;586,11
64184,025;586,574
64184,31;587,025
64184,595;587,463
64184,88;587,888
64185,165;588,3
64185,45;588,699
64185,735;589,085
64186,02;589,457
64186,305;589,817
64186,59;590,163
64186,875;590,496
64187,16;590,815
64187,445;591,121
64187,73;591,414
64188,015;591,694
64188,3;591,961
64188,585;592,215
64188,87;592,458
64189,155;592,689
64189,44;592,908
64189,725;593,117
64190,01;593,314
64190,295;593,502
64190,58;593,679
64190,865;593,847
64191,15;594,005
64191,435;594,155
64191,72;594,296
64192,005;594,429
64192,29;594,553
64192,575;594,671
64192,86;594,781
64193,145;594,884
64193,43;594,98
64193,715;595,071
64194;595,155
64194,285;595,235
64194,57;595,309
64194,855;595,378
64195,14;595,442
64195,425;595,503
64195,71;595,56
64195,995;595,613
64196,28;595,664
64196,565;595,712
64196,85;595,757
64197,135;595,8
64197,42;595,842
64197,705;595,882
64197,99;595,921
64198,275;595,96
64198,56;595,998
64198,845;596,037
64199,13;596,076
64199,415;596,115
64199,7;596,156
64199,985;596,198
64200,27;596,242
64200,555;596,288
64200,84;596,336
64201,125;596,388
64201,41;596,442
64201,695;596,5
64201,98;596,562
64202,265;596,628
64202,55;596,699
64202,835;596,774
64203,12;596,855
64203,405;596,941
64203,69;597,033
64203,975;597,132
64204,26;597,237
64204,545;597,349
64204,83;597,468
64205,115;597,594
64205,4;597,726
64205,685;597,864
64205,97;598,009
64206,255;598,159
64206,54;598,315
64206,825;598,477
64207,11;598,644
64207,395;598,815
64207,68;598,992
64207,965;599,174
64208,25;599,36
64208,535;599,55
64208,82;599,744
64209,105;599,942
64209,39;600,144
64209,675;600,349
64209,96;600,558
64210,245;600,769
64210,53;600,984
64210,815;601,201
64211,1;601,421
64211,385;601,643
64211,67;601,867
64211,955;602,093
64212,24;602,32
64212,525;602,549
64212,81;602,78
64213,095;603,011
64213,38;603,243
64213,665;603,476
64213,95;603,709
64214,235;603,943
64214,52;604,177
64214,805;604,411
64215,09;604,644
64215,375;604,877
64215,66;605,109
64215,945;605,34
64216,23;605,57
64216,515;605,798
64216,8;606,025
64217,085;606,251
64217,37;606,474
64217,655;606,696
64217,94;606,914
64218,225;607,131
64218,51;607,345
64218,795;607,555
64219,08;607,763
64219,365;607,967
64219,65;608,168
64219,935;608,365
64220,22;608,558
64220,505;608,747
64220,79;608,932
64221,075;609,112
64221,36;609,288
64221,645;609,458
64221,93;609,624
64222,215;609,784
64222,5;609,94
64222,785;610,09
64223,07;610,235
64223,355;610,375
64223,64;610,509
64223,925;610,637
64224,21;610,76
64224,495;610,878
64224,78;610,989
64225,065;611,095
64225,35;611,194
64225,635;611,288
64225,92;611,375
64226,205;611,456
64226,49;611,531
64226,775;611,599
64227,06;611,661
64227,345;611,716
64227,63;611,765
64227,915;611,807
64228,2;611,841
64228,485;611,869
64228,77;611,89
64229,055;611,904
64229,34;611,911
64229,625;611,91
64229,91;611,902
64230,195;611,887
64230,48;611,864
64230,765;611,833
64231,05;611,795
64231,335;611,749
64231,62;611,694
64231,905;611,632
64232,19;611,562
64232,475;611,484
64232,76;611,397
64233,045;611,302
64233,33;611,199
64233,615;611,087
64233,9;610,967
64234,185;610,838
64234,47;610,7
64234,755;610,553
64235,04;610,397
64235,325;610,233
64235,61;610,059
64235,895;609,876
64236,18;609,683
64236,465;609,482
64236,75;609,271
64237,035;609,05
64237,32;608,819
64237,605;608,579
64237,89;608,329
64238,175;608,07
64238,46;607,8
64238,745;607,521
64239,03;607,233
64239,315;606,936
64239,6;606,63
64239,885;606,315
64240,17;605,993
64240,455;605,663
64240,74;605,325
64241,025;604,979
64241,31;604,627
64241,595;604,268
64241,88;603,902
64242,165;603,53
64242,45;603,152
64242,735;602,768
64243,02;602,379
64243,305;601,985
64243,59;601,585
64243,875;601,181
64244,16;600,773
64244,445;600,36
64244,73;599,944
64245,015;599,524
64245,3;599,1
64245,585;598,674
64245,87;598,244
64246,155;597,812
64246,44;597,378
64246,725;596,942
64247,01;596,504
64247,295;596,065
64247,58;595,624
64247,865;595,183
64248,15;594,741
64248,435;594,298
64248,72;593,856
64249,005;593,413
64249,29;592,971
64249,575;592,53
64249,86;592,089
64250,145;591,65
64250,43;591,212
64250,715;590,776
64251;590,342
64251,285;589,91
64251,57;589,481
64251,855;589,054
64252,14;588,631
64252,425;588,211
64252,71;587,794
64252,995;587,382
64253,28;586,973
64253,565;586,569
64253,85;586,17
64254,135;585,775
64254,42;585,386
64254,705;585,002
64254,99;584,624
64255,275;584,252
64255,56;583,886
64255,845;583,524
64256,13;583,168
64256,415;582,818
64256,7;582,472
64256,985;582,131
64257,27;581,795
64257,555;581,463
64257,84;581,135
64258,125;580,812
64258,41;580,492
64258,695;580,177
64258,98;579,865
64259,265;579,557
64259,55;579,252
64259,835;578,95
64260,12;578,652
64260,405;578,356
64260,69;578,063
64260,975;577,773
64261,26;577,485
64261,545;577,2
64261,83;576,916
64262,115;576,634
64262,4;576,355
64262,685;576,077
64262,97;575,8
64263,255;575,525
64263,54;575,251
64263,825;574,977
64264,11;574,705
64264,395;574,434
64264,68;574,163
64264,965;573,892
64265,25;573,621
64265,535;573,351
64265,82;573,081
64266,105;572,81
64266,39;572,539
64266,675;572,267
64266,96;571,994
64267,245;571,721
64267,53;571,447
64267,815;571,171
64268,1;570,894
64268,385;570,615
64268,67;570,335
64268,955;570,053
64269,24;569,769
64269,525;569,483
64269,81;569,194
64270,095;568,903
64270,38;568,61
64270,665;568,313
64270,95;568,014
64271,235;567,711
64271,52;567,405
64271,805;567,096
64272,09;566,784
64272,375;566,468
64272,66;566,148
64272,945;565,826
64273,23;565,5
64273,515;565,172
64273,8;564,84
64274,085;564,506
64274,37;564,169
64274,655;563,829
64274,94;563,487
64275,225;563,142
64275,51;562,795
64275,795;562,445
64276,08;562,094
64276,365;561,74
64276,65;561,384
64276,935;561,027
64277,22;560,667
64277,505;560,306
64277,79;559,943
64278,075;559,578
64278,36;559,212
64278,645;558,845
64278,93;558,476
64279,215;558,106
64279,5;557,735
64279,785;557,363
64280,07;556,99
64280,355;556,616
64280,64;556,242
64280,925;555,866
64281,21;555,49
64281,495;555,114
64281,78;554,737
64282,065;554,36
64282,35;553,982
64282,635;553,605
64282,92;553,227
64283,205;552,85
64283,49;552,472
64283,775;552,095
64284,06;551,718
64284,345;551,341
64284,63;550,965
64284,915;550,59
64285,2;550,215
64285,485;549,841
64285,77;549,468
64286,055;549,095
64286,34;548,724
64286,625;548,354
64286,91;547,985
64287,195;547,617
64287,48;547,251
64287,765;546,886
64288,05;546,523
64288,335;546,161
64288,62;545,801
64288,905;545,443
64289,19;545,086
64289,475;544,732
64289,76;544,379
64290,045;544,028
64290,33;543,678
64290,615;543,331
64290,9;542,985
64291,185;542,641
64291,47;542,298
64291,755;541,957
64292,04;541,618
64292,325;541,281
64292,61;540,945
64292,895;540,611
64293,18;540,279
64293,465;539,948
64293,75;539,619
64294,035;539,292
64294,32;538,966
64294,605;538,642
64294,89;538,319
64295,175;537,998
64295,46;537,679
64295,745;537,361
64296,03;537,045
64296,315;536,73
64296,6;536,417
64296,885;536,106
64297,17;535,796
64297,455;535,488
64297,74;535,181
64298,025;534,876
64298,31;534,572
64298,595;534,27
64298,88;533,969
64299,165;533,67
64299,45;533,372
64299,735;533,076
64300,02;532,781
64300,305;532,488
64300,59;532,196
64300,875;531,906
64301,16;531,617
64301,445;531,33
64301,73;531,044
64302,015;530,759
64302,3;530,476
64302,585;530,194
64302,87;529,914
64303,155;529,635
64303,44;529,358
64303,725;529,082
64304,01;528,807
64304,295;528,533
64304,58;528,261
64304,865;527,991
64305,15;527,721
64305,435;527,453
64305,72;527,187
64306,005;526,921
64306,29;526,657
64306,575;526,393
64306,86;526,13
64307,145;525,868
64307,43;525,607
64307,715;525,345
64308;525,084
64308,285;524,824
64308,57;524,563
64308,855;524,302
64309,14;524,041
64309,425;523,78
64309,71;523,518
64309,995;523,256
64310,28;522,993
64310,565;522,729
64310,85;522,464
64311,135;522,198
64311,42;521,931
64311,705;521,662
64311,99;521,392
64312,275;521,121
64312,56;520,848
64312,845;520,573
64313,13;520,296
64313,415;520,017
64313,7;519,735
64313,985;519,452
64314,27;519,166
64314,555;518,877
64314,84;518,586
64315,125;518,292
64315,41;517,994
64315,695;517,694
64315,98;517,391
64316,265;517,084
64316,55;516,774
64316,835;516,46
64317,12;516,143
64317,405;515,822
64317,69;515,497
64317,975;515,167
64318,26;514,834
64318,545;514,496
64318,83;514,154
64319,115;513,807
64319,4;513,456
64319,685;513,1
64319,97;512,738
64320,255;512,372
64320,54;512,001
64320,825;511,624
64321,11;511,242
64321,395;510,854
64321,68;510,46
64321,965;510,061
64322,25;509,656
64322,535;509,245
64322,82;508,828
64323,105;508,405
64323,39;507,977
64323,675;507,544
64323,96;507,106
64324,245;506,662
64324,53;506,214
64324,815;505,762
64325,1;505,305
64325,385;504,844
64325,67;504,378
64325,955;503,909
64326,24;503,436
64326,525;502,96
64326,81;502,48
64327,095;501,997
64327,38;501,511
64327,665;501,022
64327,95;500,531
64328,235;500,037
64328,52;499,541
64328,805;499,042
64329,09;498,542
64329,375;498,04
64329,66;497,536
64329,945;497,031
64330,23;496,524
64330,515;496,016
64330,8;495,508
64331,085;494,998
64331,37;494,489
64331,655;493,978
64331,94;493,468
64332,225;492,957
64332,51;492,447
64332,795;491,937
64333,08;491,427
64333,365;490,918
64333,65;490,409
64333,935;489,902
64334,22;489,396
64334,505;488,891
64334,79;488,388
64335,075;487,886
64335,36;487,386
64335,645;486,889
64335,93;486,393
64336,215;485,9
64336,5;485,409
64336,785;484,921
64337,07;484,436
64337,355;483,954
64337,64;483,476
64337,925;483
64338,21;482,529
64338,495;482,061
64338,78;481,597
64339,065;481,137
64339,35;480,681
64339,635;480,23
64339,92;479,782
64340,205;479,339
64340,49;478,899
64340,775;478,464
64341,06;478,032
64341,345;477,605
64341,63;477,181
64341,915;476,76
64342,2;476,344
64342,485;475,93
64342,77;475,521
64343,055;475,115
64343,34;474,712
64343,625;474,313
64343,91;473,916
64344,195;473,524
64344,48;473,134
64344,765;472,747
64345,05;472,364
64345,335;471,983
64345,62;471,605
64345,905;471,231
64346,19;470,859
64346,475;470,49
64346,76;470,123
64347,045;469,759
64347,33;469,398
64347,615;469,039
64347,9;468,683
64348,185;468,329
64348,47;467,977
64348,755;467,628
64349,04;467,281
64349,325;466,936
64349,61;466,593
64349,895;466,253
64350,18;465,914
64350,465;465,577
64350,75;465,242
64351,035;464,909
64351,32;464,578
64351,605;464,248
64351,89;463,92
64352,175;463,593
64352,46;463,269
64352,745;462,945
64353,03;462,623
64353,315;462,302
64353,6;461,983
64353,885;461,665
64354,17;461,348
64354,455;461,032
64354,74;460,717
64355,025;460,403
64355,31;460,09
64355,595;459,778
64355,88;459,467
64356,165;459,156
64356,45;458,846
64356,735;458,537
64357,02;458,229
64357,305;457,922
64357,59;457,615
64357,875;457,308
64358,16;457,003
64358,445;456,698
64358,73;456,394
64359,015;456,09
64359,3;455,787
64359,585;455,484
64359,87;455,182
64360,155;454,881
64360,44;454,58
64360,725;454,279
64361,01;453,979
64361,295;453,68
64361,58;453,381
64361,865;453,082
64362,15;452,784
64362,435;452,486
64362,72;452,189
64363,005;451,892
64363,29;451,595
64363,575;451,299
64363,86;451,003
64364,145;450,707
64364,43;450,412
64364,715;450,117
64365;449,822
64365,285;449,527
64365,57;449,233
64365,855;448,939
64366,14;448,645
64366,425;448,351
64366,71;448,058
64366,995;447,764
64367,28;447,471
64367,565;447,178
64367,85;446,884
64368,135;446,591
64368,42;446,298
64368,705;446,006
64368,99;445,713
64369,275;445,42
64369,56;445,127
64369,845;444,834
64370,13;444,541
64370,415;444,248
64370,7;443,955
64370,985;443,662
64371,27;443,369
64371,555;443,075
64371,84;442,782
64372,125;442,488
64372,41;442,195
64372,695;441,901
64372,98;441,606
64373,265;441,312
64373,55;441,018
64373,835;440,723
64374,12;440,428
64374,405;440,133
64374,69;439,838
64374,975;439,542
64375,26;439,247
64375,545;438,951
64375,83;438,655
64376,115;438,359
64376,4;438,063
64376,685;437,766
64376,97;437,47
64377,255;437,173
64377,54;436,877
64377,825;436,58
64378,11;436,283
64378,395;435,985
64378,68;435,688
64378,965;435,391
64379,25;435,093
64379,535;434,796
64379,82;434,498
64380,105;434,2
64380,39;433,902
64380,675;433,604
64380,96;433,306
64381,245;433,007
64381,53;432,709
64381,815;432,411
64382,1;432,112
64382,385;431,813
64382,67;431,515
64382,955;431,216
64383,24;430,917
64383,525;430,618
64383,81;430,319
64384,095;430,02
64384,38;429,721
64384,665;429,422
64384,95;429,123
64385,235;428,823
64385,52;428,524
64385,805;428,225
64386,09;427,925
64386,375;427,626
64386,66;427,326
64386,945;427,027
64387,23;426,727
64387,515;426,428
64387,8;426,128
64388,085;425,829
64388,37;425,529
64388,655;425,23
64388,94;424,93
64389,225;424,631
64389,51;424,331
64389,795;424,031
64390,08;423,732
64390,365;423,432
64390,65;423,132
64390,935;422,833
64391,22;422,533
64391,505;422,232
64391,79;421,932
64392,075;421,631
64392,36;421,331
64392,645;421,029
64392,93;420,728
64393,215;420,426
64393,5;420,124
64393,785;419,821
64394,07;419,519
64394,355;419,215
64394,64;418,911
64394,925;418,607
64395,21;418,302
64395,495;417,996
64395,78;417,69
64396,065;417,383
64396,35;417,076
64396,635;416,767
64396,92;416,459
64397,205;416,149
64397,49;415,838
64397,775;415,527
64398,06;415,215
64398,345;414,902
64398,63;414,588
64398,915;414,274
64399,2;413,958
64399,485;413,641
64399,77;413,324
64400,055;413,005
64400,34;412,685
64400,625;412,364
64400,91;412,042
64401,195;411,719
64401,48;411,395
64401,765;411,069
64402,05;410,742
64402,335;410,414
64402,62;410,085
64402,905;409,754
64403,19;409,422
64403,475;409,089
64403,76;408,754
64404,045;408,418
64404,33;408,08
64404,615;407,741
64404,9;407,4
64405,185;407,057
64405,47;406,713
64405,755;406,368
64406,04;406,021
64406,325;405,672
64406,61;405,321
64406,895;404,969
64407,18;404,615
64407,465;404,26
64407,75;403,903
64408,035;403,545
64408,32;403,185
64408,605;402,824
64408,89;402,462
64409,175;402,098
64409,46;401,734
64409,745;401,368
64410,03;401,001
64410,315;400,634
64410,6;400,265
64410,885;399,896
64411,17;399,525
64411,455;399,154
64411,74;398,782
64412,025;398,41
64412,31;398,037
64412,595;397,664
64412,88;397,29
64413,165;396,915
64413,45;396,541
64413,735;396,165
64414,02;395,79
64414,305;395,415
64414,59;395,039
64414,875;394,663
64415,16;394,288
64415,445;393,912
64415,73;393,536
64416,015;393,161
64416,3;392,785
64416,585;392,41
64416,87;392,036
64417,155;391,661
64417,44;391,287
64417,725;390,914
64418,01;390,541
64418,295;390,169
64418,58;389,797
64418,865;389,426
64419,15;389,056
64419,435;388,686
64419,72;388,318
64420,005;387,95
64420,29;387,583
64420,575;387,218
64420,86;386,853
64421,145;386,49
64421,43;386,128
64421,715;385,767
64422;385,407
64422,285;385,049
64422,57;384,692
64422,855;384,337
64423,14;383,983
64423,425;383,631
64423,71;383,28
64423,995;382,931
64424,28;382,584
64424,565;382,238
64424,85;381,894
64425,135;381,552
64425,42;381,211
64425,705;380,872
64425,99;380,534
64426,275;380,199
64426,56;379,865
64426,845;379,532
64427,13;379,202
64427,415;378,873
64427,7;378,546
64427,985;378,22
64428,27;377,897
64428,555;377,575
64428,84;377,255
64429,125;376,936
64429,41;376,62
64429,695;376,305
64429,98;375,992
64430,265;375,681
64430,55;375,371
64430,835;375,064
64431,12;374,758
64431,405;374,454
64431,69;374,152
64431,975;373,852
64432,26;373,553
64432,545;373,257
64432,83;372,962
64433,115;372,67
64433,4;372,379
64433,685;372,09
64433,97;371,803
64434,255;371,518
64434,54;371,235
64434,825;370,954
64435,11;370,675
64435,395;370,397
64435,68;370,122
64435,965;369,849
64436,25;369,578
64436,535;369,308
64436,82;369,041
64437,105;368,776
64437,39;368,512
64437,675;368,251
64437,96;367,992
64438,245;367,735
64438,53;367,48
64438,815;367,227
64439,1;366,976
64439,385;366,727
64439,67;366,48
64439,955;366,235
64440,24;365,992
64440,525;365,752
64440,81;365,513
64441,095;365,277
64441,38;365,042
64441,665;364,81
64441,95;364,579
64442,235;364,35
64442,52;364,122
64442,805;363,897
64443,09;363,673
64443,375;363,451
64443,66;363,23
64443,945;363,011
64444,23;362,793
64444,515;362,577
64444,8;362,362
64445,085;362,149
64445,37;361,937
64445,655;361,726
64445,94;361,516
64446,225;361,308
64446,51;361,1
64446,795;360,894
64447,08;360,689
64447,365;360,485
64447,65;360,282
64447,935;360,08
64448,22;359,879
64448,505;359,678
64448,79;359,478
64449,075;359,279
64449,36;359,081
64449,645;358,884
64449,93;358,687
64450,215;358,49
64450,5;358,295
64450,785;358,099
64451,07;357,904
64451,355;357,71
64451,64;357,516
64451,925;357,322
64452,21;357,128
64452,495;356,935
64452,78;356,742
64453,065;356,549
64453,35;356,356
64453,635;356,163
64453,92;355,97
64454,205;355,777
64454,49;355,584
64454,775;355,391
64455,06;355,198
64455,345;355,004
64455,63;354,811
64455,915;354,616
64456,2;354,422
64456,485;354,227
64456,77;354,032
64457,055;353,836
64457,34;353,64
64457,625;353,444
64457,91;353,247
64458,195;353,051
64458,48;352,855
64458,765;352,66
64459,05;352,465
64459,335;352,271
64459,62;352,077
64459,905;351,885
64460,19;351,694
64460,475;351,505
64460,76;351,316
64461,045;351,13
64461,33;350,946
64461,615;350,763
64461,9;350,583
64462,185;350,405
64462,47;350,229
64462,755;350,057
64463,04;349,887
64463,325;349,72
64463,61;349,556
64463,895;349,395
64464,18;349,238
64464,465;349,085
64464,75;348,935
64465,035;348,789
64465,32;348,647
64465,605;348,51
64465,89;348,377
64466,175;348,248
64466,46;348,125
64466,745;348,006
64467,03;347,892
64467,315;347,783
64467,6;347,68
64467,885;347,582
64468,17;347,49
64468,455;347,404
64468,74;347,324
64469,025;347,25
64469,31;347,182
64469,595;347,121
64469,88;347,066
64470,165;347,019
64470,45;346,978
64470,735;346,944
64471,02;346,918
64471,305;346,899
64471,59;346,887
64471,875;346,884
64472,16;346,888
64472,445;346,9
64472,73;346,921
64473,015;346,95
64473,3;346,987
64473,585;347,033
64473,87;347,088
64474,155;347,152
64474,44;347,225
64474,725;347,307
64475,01;347,397
64475,295;347,496
64475,58;347,604
64475,865;347,721
64476,15;347,846
64476,435;347,981
64476,72;348,123
64477,005;348,275
64477,29;348,434
64477,575;348,603
64477,86;348,78
64478,145;348,965
64478,43;349,159
64478,715;349,361
64479;349,572
64479,285;349,791
64479,57;350,019
64479,855;350,254
64480,14;350,498
64480,425;350,751
64480,71;351,011
64480,995;351,28
64481,28;351,557
64481,565;351,842
64481,85;352,135
64482,135;352,437
64482,42;352,746
64482,705;353,063
64482,99;353,389
64483,275;353,722
64483,56;354,063
64483,845;354,412
64484,13;354,769
64484,415;355,134
64484,7;355,507
64484,985;355,888
64485,27;356,276
64485,555;356,672
64485,84;357,076
64486,125;357,487
64486,41;357,907
64486,695;358,333
64486,98;358,768
64487,265;359,21
64487,55;359,659
64487,835;360,116
64488,12;360,581
64488,405;361,052
64488,69;361,532
64488,975;362,019
64489,26;362,513
64489,545;363,014
64489,83;363,523
64490,115;364,039
64490,4;364,562
64490,685;365,093
64490,97;365,63
64491,255;366,175
64491,54;366,725
64491,825;367,283
64492,11;367,846
64492,395;368,414
64492,68;368,989
64492,965;369,568
64493,25;370,152
64493,535;370,741
64493,82;371,335
64494,105;371,932
64494,39;372,534
64494,675;373,139
64494,96;373,747
64495,245;374,358
64495,53;374,972
64495,815;375,589
64496,1;376,208
64496,385;376,829
64496,67;377,451
64496,955;378,076
64497,24;378,701
64497,525;379,327
64497,81;379,954
64498,095;380,581
64498,38;381,209
64498,665;381,836
64498,95;382,463
64499,235;383,089
64499,52;383,714
64499,805;384,339
64500,09;384,961
64500,375;385,582
64500,66;386,201
64500,945;386,818
64501,23;387,432
64501,515;388,043
64501,8;388,652
64502,085;389,257
64502,37;389,858
64502,655;390,456
64502,94;391,049
64503,225;391,638
64503,51;392,223
64503,795;392,802
64504,08;393,377
64504,365;393,945
64504,65;394,509
64504,935;395,066
64505,22;395,617
64505,505;396,161
64505,79;396,699
64506,075;397,23
64506,36;397,753
64506,645;398,269
64506,93;398,777
64507,215;399,276
64507,5;399,768
64507,785;400,251
64508,07;400,726
64508,355;401,193
64508,64;401,653
64508,925;402,106
64509,21;402,551
64509,495;402,99
64509,78;403,423
64510,065;403,849
64510,35;404,27
64510,635;404,685
64510,92;405,095
64511,205;405,499
64511,49;405,899
64511,775;406,294
64512,06;406,686
64512,345;407,073
64512,63;407,456
64512,915;407,836
64513,2;408,214
64513,485;408,588
64513,77;408,959
64514,055;409,329
64514,34;409,696
64514,625;410,062
64514,91;410,426
64515,195;410,788
64515,48;411,15
64515,765;411,512
64516,05;411,873
64516,335;412,233
64516,62;412,594
64516,905;412,956
64517,19;413,318
64517,475;413,681
64517,76;414,046
64518,045;414,412
64518,33;414,779
64518,615;415,149
64518,9;415,521
64519,185;415,896
64519,47;416,274
64519,755;416,655
64520,04;417,039
64520,325;417,427
64520,61;417,82
64520,895;418,216
64521,18;418,617
64521,465;419,023
64521,75;419,434
64522,035;419,85
64522,32;420,272
64522,605;420,7
64522,89;421,134
64523,175;421,574
64523,46;422,022
64523,745;422,476
64524,03;422,938
64524,315;423,407
64524,6;423,883
64524,885;424,368
64525,17;424,859
64525,455;425,357
64525,74;425,862
64526,025;426,374
64526,31;426,892
64526,595;427,416
64526,88;427,946
64527,165;428,482
64527,45;429,023
64527,735;429,569
64528,02;430,121
64528,305;430,678
64528,59;431,239
64528,875;431,805
64529,16;432,374
64529,445;432,948
64529,73;433,526
64530,015;434,108
64530,3;434,692
64530,585;435,281
64530,87;435,872
64531,155;436,465
64531,44;437,062
64531,725;437,661
64532,01;438,262
64532,295;438,865
64532,58;439,469
64532,865;440,076
64533,15;440,683
64533,435;441,292
64533,72;441,901
64534,005;442,512
64534,29;443,123
64534,575;443,734
64534,86;444,345
64535,145;444,956
64535,43;445,566
64535,715;446,177
64536;446,786
64536,285;447,394
64536,57;448,002
64536,855;448,607
64537,14;449,212
64537,425;449,814
64537,71;450,414
64537,995;451,013
64538,28;451,608
64538,565;452,201
64538,85;452,792
64539,135;453,379
64539,42;453,963
64539,705;454,543
64539,99;455,12
64540,275;455,693
64540,56;456,262
64540,845;456,826
64541,13;457,386
64541,415;457,941
64541,7;458,492
64541,985;459,038
64542,27;459,58
64542,555;460,117
64542,84;460,65
64543,125;461,179
64543,41;461,703
64543,695;462,223
64543,98;462,738
64544,265;463,25
64544,55;463,757
64544,835;464,26
64545,12;464,759
64545,405;465,254
64545,69;465,745
64545,975;466,232
64546,26;466,715
64546,545;467,194
64546,83;467,67
64547,115;468,142
64547,4;468,609
64547,685;469,074
64547,97;469,534
64548,255;469,991
64548,54;470,445
64548,825;470,894
64549,11;471,341
64549,395;471,784
64549,68;472,223
64549,965;472,659
64550,25;473,092
64550,535;473,521
64550,82;473,948
64551,105;474,371
64551,39;474,791
64551,675;475,208
64551,96;475,621
64552,245;476,032
64552,53;476,44
64552,815;476,844
64553,1;477,246
64553,385;477,645
64553,67;478,041
64553,955;478,435
64554,24;478,826
64554,525;479,213
64554,81;479,599
64555,095;479,981
64555,38;480,362
64555,665;480,739
64555,95;481,114
64556,235;481,487
64556,52;481,857
64556,805;482,225
64557,09;482,591
64557,375;482,954
64557,66;483,315
64557,945;483,674
64558,23;484,031
64558,515;484,386
64558,8;484,739
64559,085;485,09
64559,37;485,44
64559,655;485,788
64559,94;486,135
64560,225;486,481
64560,51;486,827
64560,795;487,171
64561,08;487,515
64561,365;487,858
64561,65;488,201
64561,935;488,544
64562,22;488,886
64562,505;489,229
64562,79;489,572
64563,075;489,916
64563,36;490,26
64563,645;490,604
64563,93;490,95
64564,215;491,297
64564,5;491,644
64564,785;491,993
64565,07;492,344
64565,355;492,696
64565,64;493,049
64565,925;493,405
64566,21;493,762
64566,495;494,122
64566,78;494,484
64567,065;494,849
64567,35;495,216
64567,635;495,586
64567,92;495,959
64568,205;496,335
64568,49;496,714
64568,775;497,096
64569,06;497,482
64569,345;497,872
64569,63;498,265
64569,915;498,662
64570,2;499,064
64570,485;499,47
64570,77;499,88
64571,055;500,294
64571,34;500,713
64571,625;501,138
64571,91;501,567
64572,195;502,001
64572,48;502,44
64572,765;502,885
64573,05;503,336
64573,335;503,792
64573,62;504,254
64573,905;504,722
64574,19;505,196
64574,475;505,677
64574,76;506,164
64575,045;506,657
64575,33;507,157
64575,615;507,663
64575,9;508,175
64576,185;508,693
64576,47;509,217
64576,755;509,746
64577,04;510,28
64577,325;510,82
64577,61;511,365
64577,895;511,915
64578,18;512,47
64578,465;513,029
64578,75;513,593
64579,035;514,161
64579,32;514,733
64579,605;515,31
64579,89;515,89
64580,175;516,473
64580,46;517,061
64580,745;517,651
64581,03;518,245
64581,315;518,842
64581,6;519,441
64581,885;520,044
64582,17;520,649
64582,455;521,256
64582,74;521,866
64583,025;522,478
64583,31;523,091
64583,595;523,707
64583,88;524,324
64584,165;524,943
64584,45;525,563
64584,735;526,184
64585,02;526,806
64585,305;527,429
64585,59;528,052
64585,875;528,676
64586,16;529,301
64586,445;529,925
64586,73;530,55
64587,015;531,174
64587,3;531,799
64587,585;532,423
64587,87;533,046
64588,155;533,668
64588,44;534,29
64588,725;534,911
64589,01;535,53
64589,295;536,148
64589,58;536,765
64589,865;537,379
64590,15;537,992
64590,435;538,603
64590,72;539,212
64591,005;539,818
64591,29;540,422
64591,575;541,024
64591,86;541,622
64592,145;542,218
64592,43;542,811
64592,715;543,402
64593;543,989
64593,285;544,574
64593,57;545,156
64593,855;545,735
64594,14;546,312
64594,425;546,885
64594,71;547,456
64594,995;548,025
64595,28;548,59
64595,565;549,152
64595,85;549,712
64596,135;550,269
64596,42;550,823
64596,705;551,375
64596,99;551,924
64597,275;552,469
64597,56;553,012
64597,845;553,553
64598,13;554,09
64598,415;554,625
64598,7;555,156
64598,985;555,685
64599,27;556,212
64599,555;556,735
64599,84;557,256
64600,125;557,773
64600,41;558,288
64600,695;558,8
64600,98;559,31
64601,265;559,816
64601,55;560,32
64601,835;560,82
64602,12;561,318
64602,405;561,813
64602,69;562,306
64602,975;562,795
64603,26;563,282
64603,545;563,765
64603,83;564,246
64604,115;564,724
64604,4;565,2
64604,685;565,672
64604,97;566,141
64605,255;566,608
64605,54;567,072
64605,825;567,533
64606,11;567,991
64606,395;568,446
64606,68;568,898
64606,965;569,348
64607,25;569,794
64607,535;570,238
64607,82;570,679
64608,105;571,117
64608,39;571,552
64608,675;571,984
64608,96;572,413
64609,245;572,84
64609,53;573,265
64609,815;573,688
64610,1;574,108
64610,385;574,527
64610,67;574,945
64610,955;575,36
64611,24;575,775
64611,525;576,189
64611,81;576,602
64612,095;577,014
64612,38;577,425
64612,665;577,836
64612,95;578,248
64613,235;578,659
64613,52;579,07
64613,805;579,482
64614,09;579,894
64614,375;580,308
64614,66;580,722
64614,945;581,137
64615,23;581,554
64615,515;581,972
64615,8;582,392
64616,085;582,813
64616,37;583,237
64616,655;583,663
64616,94;584,091
64617,225;584,522
64617,51;584,956
64617,795;585,392
64618,08;585,832
64618,365;586,275
64618,65;586,722
64618,935;587,172
64619,22;587,626
64619,505;588,084
64619,79;588,546
64620,075;589,013
64620,36;589,484
64620,645;589,96
64620,93;590,441
64621,215;590,928
64621,5;591,419
64621,785;591,916
64622,07;592,419
64622,355;592,927
64622,64;593,442
64622,925;593,962
64623,21;594,489
64623,495;595,023
64623,78;595,563
64624,065;596,111
64624,35;596,665
64624,635;597,227
64624,92;597,796
64625,205;598,373
64625,49;598,958
64625,775;599,55
64626,06;600,15
64626,345;600,756
64626,63;601,369
64626,915;601,988
64627,2;602,613
64627,485;603,243
64627,77;603,879
64628,055;604,52
64628,34;605,165
64628,625;605,815
64628,91;606,469
64629,195;607,127
64629,48;607,788
64629,765;608,453
64630,05;609,12
64630,335;609,789
64630,62;610,461
64630,905;611,135
64631,19;611,81
64631,475;612,487
64631,76;613,164
64632,045;613,843
64632,33;614,521
64632,615;615,2
64632,9;615,878
64633,185;616,555
64633,47;617,232
64633,755;617,907
64634,04;618,581
64634,325;619,253
64634,61;619,923
64634,895;620,591
64635,18;621,255
64635,465;621,917
64635,75;622,575
64636,035;623,229
64636,32;623,88
64636,605;624,526
64636,89;625,167
64637,175;625,804
64637,46;626,435
64637,745;627,06
64638,03;627,68
64638,315;628,293
64638,6;628,9
64638,885;629,5
64639,17;630,093
64639,455;630,679
64639,74;631,256
64640,025;631,826
64640,31;632,387
64640,595;632,94
64640,88;633,483
64641,165;634,017
64641,45;634,542
64641,735;635,056
64642,02;635,561
64642,305;636,055
64642,59;636,538
64642,875;637,011
64643,16;637,474
64643,445;637,928
64643,73;638,371
64644,015;638,805
64644,3;639,23
64644,585;639,645
64644,87;640,052
64645,155;640,449
64645,44;640,838
64645,725;641,218
64646,01;641,59
64646,295;641,953
64646,58;642,309
64646,865;642,656
64647,15;642,996
64647,435;643,328
64647,72;643,653
64648,005;643,971
64648,29;644,282
64648,575;644,585
64648,86;644,882
64649,145;645,173
64649,43;645,457
64649,715;645,735
64650;646,007
64650,285;646,273
64650,57;646,533
64650,855;646,788
64651,14;647,037
64651,425;647,281
64651,71;647,52
64651,995;647,754
64652,28;647,984
64652,565;648,209
64652,85;648,429
64653,135;648,646
64653,42;648,858
64653,705;649,066
64653,99;649,271
64654,275;649,472
64654,56;649,67
64654,845;649,864
64655,13;650,056
64655,415;650,244
64655,7;650,43
64655,985;650,614
64656,27;650,795
64656,555;650,974
64656,84;651,15
64657,125;651,325
64657,41;651,498
64657,695;651,67
64657,98;651,84
64658,265;652,009
64658,55;652,177
64658,835;652,345
64659,12;652,511
64659,405;652,677
64659,69;652,842
64659,975;653,006
64660,26;653,169
64660,545;653,331
64660,83;653,492
64661,115;653,652
64661,4;653,811
64661,685;653,969
64661,97;654,126
64662,255;654,282
64662,54;654,436
64662,825;654,589
64663,11;654,74
64663,395;654,89
64663,68;655,039
64663,965;655,186
64664,25;655,331
64664,535;655,475
64664,82;655,617
64665,105;655,758
64665,39;655,896
64665,675;656,033
64665,96;656,168
64666,245;656,301
64666,53;656,432
64666,815;656,561
64667,1;656,688
64667,385;656,812
64667,67;656,935
64667,955;657,055
64668,24;657,173
64668,525;657,289
64668,81;657,402
64669,095;657,513
64669,38;657,622
64669,665;657,728
64669,95;657,831
64670,235;657,932
64670,52;658,03
64670,805;658,125
64671,09;658,218
64671,375;658,307
64671,66;658,394
64671,945;658,478
64672,23;658,559
64672,515;658,637
64672,8;658,712
64673,085;658,784
64673,37;658,852
64673,655;658,918
64673,94;658,98
64674,225;659,038
64674,51;659,094
64674,795;659,146
64675,08;659,194
64675,365;659,239
64675,65;659,281
64675,935;659,318
64676,22;659,353
64676,505;659,383
64676,79;659,41
64677,075;659,434
64677,36;659,454
64677,645;659,471
64677,93;659,484
64678,215;659,494
64678,5;659,501
64678,785;715
64679,07;715
64679,355;659,501
64679,64;659,495
64679,925;659,485
64680,21;659,473
64680,495;659,457
64680,78;659,438
64681,065;659,416
64681,35;659,391
64681,635;659,363
64681,92;659,332
64682,205;659,299
64682,49;659,262
64682,775;659,223
64683,06;659,18
64683,345;659,135
64683,63;659,087
64683,915;659,037
64684,2;658,984
64684,485;658,928
64684,77;658,869
64685,055;658,808
64685,34;658,744
64685,625;658,678
64685,91;658,609
64686,195;658,538
64686,48;658,465
64686,765;658,389
64687,05;658,31
64687,335;658,23
64687,62;658,147
64687,905;658,062
64688,19;657,974
64688,475;657,884
64688,76;657,793
64689,045;657,699
64689,33;657,602
64689,615;657,504
64689,9;657,404
64690,185;657,302
64690,47;657,198
64690,755;657,092
64691,04;656,984
64691,325;656,874
64691,61;656,762
64691,895;656,648
64692,18;656,533
64692,465;656,416
64692,75;656,297
64693,035;656,176
64693,32;656,054
64693,605;655,929
64693,89;655,802
64694,175;655,673
64694,46;655,541
64694,745;655,407
64695,03;655,27
64695,315;655,131
64695,6;654,988
64695,885;654,843
64696,17;654,694
64696,455;654,542
64696,74;654,387
64697,025;654,228
64697,31;654,065
64697,595;653,898
64697,88;653,728
64698,165;653,554
64698,45;653,375
64698,735;653,192
64699,02;653,005
64699,305;652,813
64699,59;652,617
64699,875;652,416
64700,16;652,21
64700,445;651,998
64700,73;651,782
64701,015;651,561
64701,3;651,334
64701,585;651,101
64701,87;650,863
64702,155;650,619
64702,44;650,37
64702,725;650,114
64703,01;649,852
64703,295;649,584
64703,58;649,309
64703,865;649,028
64704,15;648,741
64704,435;648,446
64704,72;648,145
64705,005;647,837
64705,29;647,521
64705,575;647,199
64705,86;646,869
64706,145;646,531
64706,43;646,186
64706,715;645,833
64707;645,472
64707,285;645,104
64707,57;644,727
64707,855;644,342
64708,14;643,948
64708,425;643,547
64708,71;643,136
64708,995;642,717
64709,28;642,289
64709,565;641,852
64709,85;641,406
64710,135;640,951
64710,42;640,488
64710,705;640,017
64710,99;639,538
64711,275;639,05
64711,56;638,555
64711,845;638,052
64712,13;637,542
64712,415;637,025
64712,7;636,5
64712,985;635,969
64713,27;635,431
64713,555;634,887
64713,84;634,336
64714,125;633,779
64714,41;633,217
64714,695;632,648
64714,98;632,075
64715,265;631,495
64715,55;630,911
64715,835;630,321
64716,12;629,727
64716,405;629,128
64716,69;628,525
64716,975;627,918
64717,26;627,306
64717,545;626,691
64717,83;626,071
64718,115;625,449
64718,4;624,823
64718,685;624,193
64718,97;623,561
64719,255;622,926
64719,54;622,289
64719,825;621,649
64720,11;621,007
64720,395;620,363
64720,68;619,717
64720,965;619,069
64721,25;618,42
64721,535;617,77
64721,82;617,118
64722,105;616,465
64722,39;615,812
64722,675;615,158
64722,96;614,504
64723,245;613,85
64723,53;613,196
64723,815;612,541
64724,1;611,888
64724,385;611,234
64724,67;610,582
64724,955;609,93
64725,24;609,28
64725,525;608,63
64725,81;607,983
64726,095;607,336
64726,38;606,692
64726,665;606,05
64726,95;605,409
64727,235;604,77
64727,52;604,133
64727,805;603,498
64728,09;602,864
64728,375;602,232
64728,66;601,602
64728,945;600,973
64729,23;600,346
64729,515;599,72
64729,8;599,096
64730,085;598,473
64730,37;597,851
64730,655;597,231
64730,94;596,612
64731,225;595,995
64731,51;595,378
64731,795;594,763
64732,08;594,149
64732,365;593,536
64732,65;592,924
64732,935;592,313
64733,22;591,703
64733,505;591,094
64733,79;590,486
64734,075;589,879
64734,36;589,273
64734,645;588,667
64734,93;588,062
64735,215;587,458
64735,5;586,855
64735,785;586,252
64736,07;585,65
64736,355;585,049
64736,64;584,448
64736,925;583,847
64737,21;583,247
64737,495;582,648
64737,78;582,049
64738,065;581,45
64738,35;580,851
64738,635;580,253
64738,92;579,655
64739,205;579,057
64739,49;578,459
64739,775;577,861
64740,06;577,264
64740,345;576,666
64740,63;576,069
64740,915;575,471
64741,2;574,874
64741,485;574,276
64741,77;573,678
64742,055;573,08
64742,34;572,482
64742,625;571,883
64742,91;571,284
64743,195;570,685
64743,48;570,085
64743,765;569,486
64744,05;568,886
64744,335;568,287
64744,62;567,688
64744,905;567,089
64745,19;566,492
64745,475;565,895
64745,76;565,299
64746,045;564,704
64746,33;564,111
64746,615;563,519
64746,9;562,928
64747,185;562,34
64747,47;561,753
64747,755;561,169
64748,04;560,587
64748,325;560,007
64748,61;559,43
64748,895;558,856
64749,18;558,284
64749,465;557,716
64749,75;557,151
64750,035;556,589
64750,32;556,031
64750,605;555,476
64750,89;554,925
64751,175;554,379
64751,46;553,836
64751,745;553,298
64752,03;552,765
64752,315;552,236
64752,6;551,712
64752,885;551,192
64753,17;550,678
64753,455;550,17
64753,74;549,666
64754,025;549,169
64754,31;548,677
64754,595;548,191
64754,88;547,711
64755,165;547,237
64755,45;546,77
64755,735;546,31
64756,02;545,856
64756,305;545,409
64756,59;544,969
64756,875;544,536
64757,16;544,11
64757,445;543,692
64757,73;543,282
64758,015;542,88
64758,3;542,485
64758,585;542,099
64758,87;541,721
64759,155;541,352
64759,44;540,991
64759,725;540,639
64760,01;540,295
64760,295;539,961
64760,58;539,635
64760,865;539,317
64761,15;539,007
64761,435;538,705
64761,72;538,409
64762,005;538,12
64762,29;537,838
64762,575;537,561
64762,86;537,29
64763,145;537,024
64763,43;536,764
64763,715;536,507
64764;536,255
64764,285;536,007
64764,57;535,762
64764,855;535,52
64765,14;535,281
64765,425;535,044
64765,71;534,81
64765,995;534,577
64766,28;534,345
64766,565;534,115
64766,85;533,885
64767,135;533,655
64767,42;533,425
64767,705;533,194
64767,99;532,963
64768,275;532,731
64768,56;532,497
64768,845;532,261
64769,13;532,023
64769,415;531,782
64769,7;531,538
64769,985;531,291
64770,27;531,04
64770,555;530,785
64770,84;530,526
64771,125;530,262
64771,41;529,993
64771,695;529,719
64771,98;529,438
64772,265;529,151
64772,55;528,858
64772,835;528,558
64773,12;528,251
64773,405;527,936
64773,69;527,613
64773,975;527,282
64774,26;526,942
64774,545;526,593
64774,83;526,234
64775,115;525,866
64775,4;525,487
64775,685;525,099
64775,97;524,699
64776,255;524,288
64776,54;523,865
64776,825;523,431
64777,11;522,985
64777,395;522,527
64777,68;522,057
64777,965;521,577
64778,25;521,085
64778,535;520,583
64778,82;520,071
64779,105;519,549
64779,39;519,017
64779,675;518,475
64779,96;517,925
64780,245;517,365
64780,53;516,797
64780,815;516,221
64781,1;515,636
64781,385;515,044
64781,67;514,444
64781,955;513,837
64782,24;513,223
64782,525;512,602
64782,81;511,976
64783,095;511,342
64783,38;510,704
64783,665;510,059
64783,95;509,41
64784,235;508,755
64784,52;508,096
64784,805;507,432
64785,09;506,764
64785,375;506,093
64785,66;505,417
64785,945;504,739
64786,23;504,057
64786,515;503,373
64786,8;502,686
64787,085;501,998
64787,37;501,307
64787,655;500,614
64787,94;499,921
64788,225;499,226
64788,51;498,531
64788,795;497,835
64789,08;497,138
64789,365;496,442
64789,65;495,746
64789,935;495,051
64790,22;494,357
64790,505;493,664
64790,79;492,973
64791,075;492,283
64791,36;491,595
64791,645;490,909
64791,93;490,227
64792,215;489,547
64792,5;488,87
64792,785;488,196
64793,07;487,527
64793,355;486,861
64793,64;486,2
64793,925;485,543
64794,21;484,89
64794,495;484,242
64794,78;483,598
64795,065;482,958
64795,35;482,323
64795,635;481,692
64795,92;481,064
64796,205;480,442
64796,49;479,823
64796,775;479,208
64797,06;478,597
64797,345;477,99
64797,63;477,388
64797,915;476,789
64798,2;476,194
64798,485;475,602
64798,77;475,015
64799,055;474,431
64799,34;473,851
64799,625;473,275
64799,91;472,702
