time;flow;dimless_flow;tau
0,0147;10,2;0,9532710280373832;0,0
0,0163;10,2;0,9532710280373832;0,00022972002871500343
0,0179;10,2;0,9532710280373832;0,0004594400574300071
0,0195;10,2;0,9532710280373832;0,0006891600861450108
0,0211;10,2;0,9532710280373832;0,0009188801148600145
0,0227;10,2;0,9532710280373832;0,0011486001435750182
0,0243;10,2;0,9532710280373832;0,0013783201722900214
0,0259;10,2;0,9532710280373832;0,0016080402010050252
0,0275;10,2;0,9532710280373832;0,0018377602297200287
0,0291;10,2;0,9532710280373832;0,0020674802584350325
0,0307;10,3;0,9626168224299066;0,002297200287150036
0,0323;10,4;0,97196261682243;0,0025269203158650396
0,0339;10,5;0,9813084112149534;0,002756640344580043
0,0355;10,6;0,9906542056074766;0,0029863603732950463
0,0371;10,6;0,9906542056074766;0,0032160804020100507
0,0387;10,6;0,9906542056074766;0,0034458004307250534
0,0403;10,6;0,9906542056074766;0,003675520459440058
0,0419;10,6;0,9906542056074766;0,003905240488155061
0,0435;10,6;0,9906542056074766;0,004134960516870064
0,0451;10,6;0,9906542056074766;0,0043646805455850686
0,0467;10,6;0,9906542056074766;0,004594400574300072
0,0483;10,6;0,9906542056074766;0,0048241206030150766
0,0499;10,6;0,9906542056074766;0,005053840631730078
0,0515;10,6;0,9906542056074766;0,005283560660445082
0,0531;10,5;0,9813084112149534;0,005513280689160086
0,0547;10,4;0,97196261682243;0,005743000717875089
0,0563;10,3;0,9626168224299066;0,0059727207465900935
0,0579;10,2;0,9532710280373832;0,006202440775305097
0,0595;10,1;0,9439252336448598;0,006432160804020101
0,0611;10,1;0,9439252336448598;0,006661880832735105
0,0627;10,1;0,9439252336448598;0,006891600861450108
0,0643;10,1;0,9439252336448598;0,0071213208901651105
0,0659;10,2;0,9532710280373832;0,007351040918880115
0,0675;10,2;0,9532710280373832;0,007580760947595119
0,0691;10,3;0,9626168224299066;0,007810480976310121
0,0707;10,3;0,9626168224299066;0,008040201005025125
0,0723;10,2;0,9532710280373832;0,00826992103374013
0,0739;10,1;0,9439252336448598;0,008499641062455132
0,0755;9,9;0,9252336448598132;0,008729361091170137
0,0771;9,7;0,9065420560747663;0,00895908111988514
0,0787;9,5;0,8878504672897197;0,009188801148600144
0,0803;9,3;0,869158878504673;0,009418521177315146
0,0819;9,2;0,8598130841121495;0,009648241206030151
0,0835;9,2;0,8598130841121495;0,009877961234745153
0,0851;9,2;0,8598130841121495;0,010107681263460155
0,0867;9,2;0,8598130841121495;0,01033740129217516
0,0883;9,3;0,869158878504673;0,010567121320890164
0,0899;9,3;0,869158878504673;0,010796841349605167
0,0915;9,4;0,8785046728971964;0,011026561378320171
0,0931;9,4;0,8785046728971964;0,011256281407035176
0,0947;9,3;0,869158878504673;0,011486001435750178
0,0963;9,2;0,8598130841121495;0,01171572146446518
0,0979;9,1;0,8504672897196262;0,011945441493180185
0,0995;8,9;0,8317757009345795;0,012175161521895189
0,1011;8,8;0,8224299065420562;0,012404881550610192
0,1027;8,7;0,8130841121495327;0,012634601579325196
0,1043;8,6;0,8037383177570093;0,012864321608040201
0,1059;8,6;0,8037383177570093;0,013094041636755201
0,1075;8,6;0,8037383177570093;0,013323761665470207
0,1091;8,7;0,8130841121495327;0,01355348169418521
0,1107;8,7;0,8130841121495327;0,013783201722900214
0,1123;8,7;0,8130841121495327;0,014012921751615217
0,1139;8,8;0,8224299065420562;0,014242641780330221
0,1155;8,7;0,8130841121495327;0,014472361809045226
0,1171;8,7;0,8130841121495327;0,014702081837760228
0,1187;8,6;0,8037383177570093;0,014931801866475233
0,1203;8,5;0,7943925233644861;0,015161521895190235
0,1219;8,4;0,7850467289719627;0,015391241923905239
0,1235;8,3;0,7757009345794393;0,015620961952620242
0,1251;8,2;0,7663551401869159;0,015850681981335244
0,1267;8,2;0,7663551401869159;0,01608040201005025
0,1283;8,2;0,7663551401869159;0,01631012203876525
0,1299;8,2;0,7663551401869159;0,016539842067480257
0,1315;8,2;0,7663551401869159;0,016769562096195262
0,1331;8,2;0,7663551401869159;0,016999282124910264
0,1347;8,3;0,7757009345794393;0,017229002153625265
0,1363;8,3;0,7757009345794393;0,017458722182340274
0,1379;8,3;0,7757009345794393;0,017688442211055273
0,1395;8,2;0,7663551401869159;0,01791816223977028
0,1411;8,1;0,7570093457943925;0,018147882268485283
0,1427;8,0;0,7476635514018692;0,01837760229720029
0,1443;7,9;0,7383177570093459;0,01860732232591529
0,1459;7,9;0,7383177570093459;0,018837042354630296
0,1475;7,8;0,7289719626168225;0,019066762383345297
0,1491;7,8;0,7289719626168225;0,019296482412060306
0,1507;7,8;0,7289719626168225;0,019526202440775305
0,1523;7,8;0,7289719626168225;0,019755922469490306
0,1539;7,8;0,7289719626168225;0,019985642498205315
0,1555;7,8;0,7289719626168225;0,020215362526920314
0,1571;7,8;0,7289719626168225;0,02044508255563532
0,1587;7,7;0,7196261682242991;0,020674802584350324
0,1603;7,8;0,7289719626168225;0,02090452261306533
0,1619;7,9;0,7383177570093459;0,021134242641780328
0,1635;8,0;0,7476635514018692;0,021363962670495337
0,1651;8,2;0,7663551401869159;0,02159368269921034
0,1667;8,5;0,7943925233644861;0,021823402727925337
0,1683;8,6;0,8037383177570093;0,022053122756640346
0,1699;8,7;0,8130841121495327;0,022282842785355347
0,1715;8,8;0,8224299065420562;0,022512562814070356
0,1731;8,8;0,8224299065420562;0,022742282842785354
0,1747;8,7;0,8130841121495327;0,022972002871500356
0,1763;8,7;0,8130841121495327;0,023201722900215365
0,1779;8,6;0,8037383177570093;0,023431442928930367
0,1795;8,5;0,7943925233644861;0,02366116295764537
0,1811;8,5;0,7943925233644861;0,023890882986360374
0,1827;8,6;0,8037383177570093;0,02412060301507538
0,1843;8,8;0,8224299065420562;0,024350323043790378
0,1859;9,0;0,8411214953271029;0,024580043072505386
0,1875;9,3;0,869158878504673;0,02480976310122039
0,1891;9,6;0,897196261682243;0,02503948312993539
0,1907;9,8;0,9158878504672898;0,025269203158650395
0,1923;9,9;0,9252336448598132;0,025498923187365397
0,1939;9,9;0,9252336448598132;0,025728643216080403
0,1955;9,9;0,9252336448598132;0,025958363244795404
0,1971;9,8;0,9158878504672898;0,02618808327351041
0,1987;9,8;0,9158878504672898;0,02641780330222541
0,2003;9,8;0,9158878504672898;0,02664752333094042
0,2019;9,8;0,9158878504672898;0,02687724335965542
0,2035;9,8;0,9158878504672898;0,02710696338837042
0,2051;9,8;0,9158878504672898;0,02733668341708543
0,2067;9,8;0,9158878504672898;0,027566403445800428
0,2083;9,8;0,9158878504672898;0,027796123474515436
0,2099;9,8;0,9158878504672898;0,028025843503230438
0,2115;9,8;0,9158878504672898;0,028255563531945443
0,2131;9,8;0,9158878504672898;0,028485283560660445
0,2147;9,8;0,9158878504672898;0,028715003589375447
0,2163;9,7;0,9065420560747663;0,028944723618090452
0,2179;9,7;0,9065420560747663;0,029174443646805458
0,2195;9,6;0,897196261682243;0,02940416367552046
0,2211;9,6;0,897196261682243;0,02963388370423546
0,2227;9,6;0,897196261682243;0,02986360373295047
0,2243;9,6;0,897196261682243;0,03009332376166547
0,2259;9,6;0,897196261682243;0,03032304379038047
0,2275;9,6;0,897196261682243;0,03055276381909548
0,2291;9,7;0,9065420560747663;0,03078248384781048
0,2307;9,7;0,9065420560747663;0,031012203876525483
0,2323;9,7;0,9065420560747663;0,031241923905240488
0,2339;9,7;0,9065420560747663;0,03147164393395549
0,2355;9,6;0,897196261682243;0,03170136396267049
0,2371;9,4;0,8785046728971964;0,0319310839913855
0,2387;9,3;0,869158878504673;0,0321608040201005
0,2403;9,1;0,8504672897196262;0,03239052404881551
0,2419;9,0;0,8411214953271029;0,03262024407753051
0,2435;8,9;0,8317757009345795;0,032849964106245515
0,2451;8,9;0,8317757009345795;0,03307968413496052
0,2467;9,0;0,8411214953271029;0,03330940416367552
0,2483;9,0;0,8411214953271029;0,033539124192390524
0,2499;9,0;0,8411214953271029;0,03376884422110553
0,2515;8,9;0,8317757009345795;0,033998564249820534
0,2531;8,9;0,8317757009345795;0,03422828427853553
0,2547;8,9;0,8317757009345795;0,03445800430725054
0,2563;8,9;0,8317757009345795;0,034687724335965536
0,2579;9,1;0,8504672897196262;0,03491744436468055
0,2595;9,3;0,869158878504673;0,03514716439339555
0,2611;9,5;0,8878504672897197;0,03537688442211055
0,2627;9,8;0,9158878504672898;0,03560660445082556
0,2643;9,9;0,9252336448598132;0,035836324479540556
0,2659;10,0;0,9345794392523366;0,03606604450825557
0,2675;10,1;0,9439252336448598;0,036295764536970566
0,2691;10,0;0,9345794392523366;0,03652548456568557
0,2707;10,0;0,9345794392523366;0,03675520459440058
0,2723;9,9;0,9252336448598132;0,03698492462311558
0,2739;9,8;0,9158878504672898;0,037214644651830574
0,2755;9,8;0,9158878504672898;0,037444364680545586
0,2771;9,8;0,9158878504672898;0,03767408470926059
0,2787;9,9;0,9252336448598132;0,03790380473797559
0,2803;10,1;0,9439252336448598;0,038133524766690595
0,2819;10,4;0,97196261682243;0,0383632447954056
0,2835;10,7;1,0;0,038592964824120606
0,2851;10,9;1,0186915887850467;0,038822684852835604
0,2867;11,1;1,0373831775700935;0,03905240488155061
0,2883;11,1;1,0373831775700935;0,039282124910265614
0,2899;11,1;1,0373831775700935;0,03951184493898061
0,2915;11,0;1,0280373831775702;0,03974156496769562
0,2931;11,0;1,0280373831775702;0,03997128499641063
0,2947;11,0;1,0280373831775702;0,040201005025125636
0,2963;11,1;1,0373831775700935;0,04043072505384063
0,2979;11,1;1,0373831775700935;0,04066044508255563
0,2995;11,1;1,0373831775700935;0,04089016511127064
0,3011;11,0;1,0280373831775702;0,041119885139985636
0,3027;10,7;1,0;0,04134960516870065
0,3043;10,4;0,97196261682243;0,041579325197415654
0,3059;10,0;0,9345794392523366;0,04180904522613066
0,3075;9,7;0,9065420560747663;0,04203876525484565
0,3091;9,5;0,8878504672897197;0,042268485283560656
0,3107;9,5;0,8878504672897197;0,04249820531227566
0,3123;9,5;0,8878504672897197;0,04272792534099067
0,3139;9,6;0,897196261682243;0,04295764536970567
0,3155;9,6;0,897196261682243;0,04318736539842068
0,3171;9,6;0,897196261682243;0,04341708542713568
0,3187;9,6;0,897196261682243;0,043646805455850674
0,3203;9,6;0,897196261682243;0,04387652548456568
0,3219;9,6;0,897196261682243;0,04410624551328069
0,3235;9,7;0,9065420560747663;0,044335965541995696
0,3251;9,9;0,9252336448598132;0,044565685570710695
0,3267;10,1;0,9439252336448598;0,0447954055994257
0,3283;10,4;0,97196261682243;0,045025125628140705
0,3299;10,5;0,9813084112149534;0,045254845656855704
0,3315;10,7;1,0;0,04548456568557071
0,3331;10,7;1,0;0,045714285714285714
0,3347;10,7;1,0;0,04594400574300071
0,3363;10,6;0,9906542056074766;0,04617372577171572
0,3379;10,6;0,9906542056074766;0,04640344580043072
0,3395;10,5;0,9813084112149534;0,046633165829145735
0,3411;10,5;0,9813084112149534;0,046862885857860734
0,3427;10,5;0,9813084112149534;0,04709260588657573
0,3443;10,6;0,9906542056074766;0,04732232591529074
0,3459;10,6;0,9906542056074766;0,047552045944005736
0,3475;10,6;0,9906542056074766;0,04778176597272074
0,3491;10,6;0,9906542056074766;0,04801148600143575
0,3507;10,7;1,0;0,04824120603015076
0,3523;10,7;1,0;0,04847092605886576
0,3539;10,7;1,0;0,048700646087580755
0,3555;10,6;0,9906542056074766;0,04893036611629576
0,3571;10,6;0,9906542056074766;0,04916008614501076
0,3587;10,6;0,9906542056074766;0,04938980617372577
0,3603;10,7;1,0;0,04961952620244078
0,3619;10,8;1,0093457943925235;0,04984924623115578
0,3635;10,8;1,0093457943925235;0,05007896625987078
0,3651;10,8;1,0093457943925235;0,05030868628858578
0,3667;10,7;1,0;0,05053840631730079
0,3683;10,4;0,97196261682243;0,050768126346015796
0,3699;10,1;0,9439252336448598;0,050997846374730794
0,3715;9,7;0,9065420560747663;0,0512275664034458
0,3731;9,4;0,8785046728971964;0,051457286432160805
0,3747;9,1;0,8504672897196262;0,0516870064608758
0,3763;9,0;0,8411214953271029;0,05191672648959081
0,3779;9,0;0,8411214953271029;0,052146446518305814
0,3795;9,1;0,8504672897196262;0,05237616654702082
0,3811;9,2;0,8598130841121495;0,05260588657573582
0,3827;9,2;0,8598130841121495;0,05283560660445082
0,3843;9,2;0,8598130841121495;0,05306532663316583
0,3859;9,2;0,8598130841121495;0,05329504666188084
0,3875;9,2;0,8598130841121495;0,05352476669059583
0,3891;9,2;0,8598130841121495;0,05375448671931084
0,3907;9,2;0,8598130841121495;0,05398420674802584
0,3923;9,2;0,8598130841121495;0,05421392677674084
0,3939;9,3;0,869158878504673;0,054443646805455846
0,3955;9,2;0,8598130841121495;0,05467336683417086
0,3971;9,1;0,8504672897196262;0,054903086862885864
0,3987;9,0;0,8411214953271029;0,055132806891600855
0,4003;8,8;0,8224299065420562;0,05536252692031586
0,4019;8,7;0,8130841121495327;0,055592246949030866
0,4035;8,5;0,7943925233644861;0,05582196697774587
0,4051;8,5;0,7943925233644861;0,056051687006460876
0,4067;8,5;0,7943925233644861;0,05628140703517588
0,4083;8,5;0,7943925233644861;0,05651112706389089
0,4099;8,5;0,7943925233644861;0,05674084709260588
0,4115;8,5;0,7943925233644861;0,056970567121320884
0,4131;8,5;0,7943925233644861;0,057200287150035896
0,4147;8,5;0,7943925233644861;0,057430007178750894
0,4163;8,5;0,7943925233644861;0,0576597272074659
0,4179;8,5;0,7943925233644861;0,057889447236180905
0,4195;8,6;0,8037383177570093;0,05811916726489591
0,4211;8,6;0,8037383177570093;0,05834888729361091
0,4227;8,7;0,8130841121495327;0,058578607322325914
0,4243;8,8;0,8224299065420562;0,05880832735104092
0,4259;8,8;0,8224299065420562;0,05903804737975592
0,4275;8,9;0,8317757009345795;0,05926776740847092
0,4291;8,9;0,8317757009345795;0,05949748743718593
0,4307;8,9;0,8317757009345795;0,05972720746590094
0,4323;8,9;0,8317757009345795;0,05995692749461594
0,4339;8,8;0,8224299065420562;0,06018664752333094
0,4355;8,7;0,8130841121495327;0,06041636755204594
0,4371;8,7;0,8130841121495327;0,06064608758076094
0,4387;8,7;0,8130841121495327;0,060875807609475946
0,4403;8,8;0,8224299065420562;0,06110552763819096
0,4419;9,1;0,8504672897196262;0,061335247666905963
0,4435;9,4;0,8785046728971964;0,06156496769562096
0,4451;9,7;0,9065420560747663;0,06179468772433596
0,4467;10,0;0,9345794392523366;0,062024407753050965
0,4483;10,1;0,9439252336448598;0,062254127781765964
0,4499;10,2;0,9532710280373832;0,062483847810480976
0,4515;10,2;0,9532710280373832;0,06271356783919597
0,4531;10,1;0,9439252336448598;0,06294328786791098
0,4547;10,1;0,9439252336448598;0,06317300789662599
0,4563;10,1;0,9439252336448598;0,06340272792534098
0,4579;10,1;0,9439252336448598;0,06363244795405598
0,4595;10,1;0,9439252336448598;0,063862167982771
0,4611;10,1;0,9439252336448598;0,064091888011486
0,4627;10,1;0,9439252336448598;0,064321608040201
0,4643;10,0;0,9345794392523366;0,064551328068916
0,4659;9,8;0,9158878504672898;0,06478104809763101
0,4675;9,7;0,9065420560747663;0,06501076812634601
0,4691;9,5;0,8878504672897197;0,06524048815506102
0,4707;9,4;0,8785046728971964;0,06547020818377602
0,4723;9,4;0,8785046728971964;0,06569992821249103
0,4739;9,4;0,8785046728971964;0,06592964824120602
0,4755;9,4;0,8785046728971964;0,06615936826992103
0,4771;9,5;0,8878504672897197;0,06638908829863605
0,4787;9,6;0,897196261682243;0,06661880832735104
0,4803;9,6;0,897196261682243;0,06684852835606604
0,4819;9,6;0,897196261682243;0,06707824838478105
0,4835;9,6;0,897196261682243;0,06730796841349605
0,4851;9,4;0,8785046728971964;0,06753768844221104
0,4867;9,1;0,8504672897196262;0,06776740847092606
0,4883;8,9;0,8317757009345795;0,06799712849964107
0,4899;8,6;0,8037383177570093;0,06822684852835607
0,4915;8,4;0,7850467289719627;0,06845656855707107
0,4931;8,3;0,7757009345794393;0,06868628858578607
0,4947;8,2;0,7663551401869159;0,06891600861450108
0,4963;8,3;0,7757009345794393;0,06914572864321608
0,4979;8,3;0,7757009345794393;0,06937544867193109
0,4995;8,4;0,7850467289719627;0,06960516870064609
0,5011;8,4;0,7850467289719627;0,0698348887293611
0,5027;8,5;0,7943925233644861;0,07006460875807609
0,5043;8,4;0,7850467289719627;0,0702943287867911
0,5059;8,4;0,7850467289719627;0,0705240488155061
0,5075;8,3;0,7757009345794393;0,07075376884422109
0,5091;8,2;0,7663551401869159;0,07098348887293611
0,5107;8,0;0,7476635514018692;0,07121320890165111
0,5123;7,9;0,7383177570093459;0,0714429289303661
0,5139;7,8;0,7289719626168225;0,07167264895908113
0,5155;7,8;0,7289719626168225;0,07190236898779612
0,5171;7,8;0,7289719626168225;0,07213208901651112
0,5187;7,8;0,7289719626168225;0,07236180904522611
0,5203;7,8;0,7289719626168225;0,07259152907394112
0,5219;7,8;0,7289719626168225;0,07282124910265612
0,5235;7,8;0,7289719626168225;0,07305096913137113
0,5251;7,8;0,7289719626168225;0,07328068916008613
0,5267;7,8;0,7289719626168225;0,07351040918880114
0,5283;7,8;0,7289719626168225;0,07374012921751615
0,5299;7,8;0,7289719626168225;0,07396984924623116
0,5315;7,9;0,7383177570093459;0,07419956927494614
0,5331;7,9;0,7383177570093459;0,07442928930366115
0,5347;7,9;0,7383177570093459;0,07465900933237615
0,5363;8,0;0,7476635514018692;0,07488872936109116
0,5379;8,0;0,7476635514018692;0,07511844938980618
0,5395;8,0;0,7476635514018692;0,07534816941852117
0,5411;8,0;0,7476635514018692;0,07557788944723619
0,5427;8,0;0,7476635514018692;0,07580760947595117
0,5443;7,9;0,7383177570093459;0,07603732950466617
0,5459;7,9;0,7383177570093459;0,07626704953338119
0,5475;7,9;0,7383177570093459;0,07649676956209618
0,5491;7,9;0,7383177570093459;0,0767264895908112
0,5507;8,0;0,7476635514018692;0,07695620961952619
0,5523;8,0;0,7476635514018692;0,07718592964824121
0,5539;8,1;0,7570093457943925;0,07741564967695619
0,5555;8,1;0,7570093457943925;0,0776453697056712
0,5571;8,1;0,7570093457943925;0,07787508973438621
0,5587;8,2;0,7663551401869159;0,0781048097631012
0,5603;8,2;0,7663551401869159;0,07833452979181622
0,5619;8,1;0,7570093457943925;0,07856424982053122
0,5635;8,1;0,7570093457943925;0,07879396984924623
0,5651;8,2;0,7663551401869159;0,07902368987796123
0,5667;8,2;0,7663551401869159;0,07925340990667622
0,5683;8,2;0,7663551401869159;0,07948312993539124
0,5699;8,2;0,7663551401869159;0,07971284996410623
0,5715;8,2;0,7663551401869159;0,07994256999282125
0,5731;8,1;0,7570093457943925;0,08017229002153625
0,5747;7,9;0,7383177570093459;0,08040201005025126
0,5763;7,7;0,7196261682242991;0,08063173007896625
0,5779;7,5;0,7009345794392524;0,08086145010768124
0,5795;7,4;0,691588785046729;0,08109117013639626
0,5811;7,3;0,6822429906542057;0,08132089016511125
0,5827;7,3;0,6822429906542057;0,08155061019382627
0,5843;7,3;0,6822429906542057;0,08178033022254128
0,5859;7,4;0,691588785046729;0,08201005025125628
0,5875;7,4;0,691588785046729;0,08223977027997127
0,5891;7,4;0,691588785046729;0,08246949030868626
0,5907;7,4;0,691588785046729;0,08269921033740128
0,5923;7,4;0,691588785046729;0,08292893036611629
0,5939;7,4;0,691588785046729;0,0831586503948313
0,5955;7,4;0,691588785046729;0,0833883704235463
0,5971;7,4;0,691588785046729;0,0836180904522613
0,5987;7,4;0,691588785046729;0,0838478104809763
0,6003;7,4;0,691588785046729;0,08407753050969129
0,6019;7,4;0,691588785046729;0,0843072505384063
0,6035;7,4;0,691588785046729;0,08453697056712131
0,6051;7,4;0,691588785046729;0,08476669059583632
0,6067;7,4;0,691588785046729;0,08499641062455132
0,6083;7,4;0,691588785046729;0,08522613065326633
0,6099;7,4;0,691588785046729;0,08545585068198132
0,6115;7,4;0,691588785046729;0,08568557071069632
0,6131;7,4;0,691588785046729;0,08591529073941133
0,6147;7,4;0,691588785046729;0,08614501076812633
0,6163;7,4;0,691588785046729;0,08637473079684134
0,6179;7,4;0,691588785046729;0,08660445082555634
0,6195;7,3;0,6822429906542057;0,08683417085427136
0,6211;7,3;0,6822429906542057;0,08706389088298634
0,6227;7,3;0,6822429906542057;0,08729361091170135
0,6243;7,5;0,7009345794392524;0,08752333094041635
0,6259;7,7;0,7196261682242991;0,08775305096913136
0,6275;8,1;0,7570093457943925;0,08798277099784636
0,6291;8,4;0,7850467289719627;0,08821249102656137
0,6307;8,6;0,8037383177570093;0,08844221105527639
0,6323;8,8;0,8224299065420562;0,08867193108399136
0,6339;8,8;0,8224299065420562;0,08890165111270637
0,6355;8,8;0,8224299065420562;0,08913137114142138
0,6371;8,7;0,8130841121495327;0,08936109117013638
0,6387;8,6;0,8037383177570093;0,0895908111988514
0,6403;8,6;0,8037383177570093;0,08982053122756639
0,6419;8,5;0,7943925233644861;0,09005025125628141
0,6435;8,5;0,7943925233644861;0,09027997128499639
0,6451;8,6;0,8037383177570093;0,0905096913137114
0,6467;8,8;0,8224299065420562;0,09073941134242641
0,6483;9,1;0,8504672897196262;0,0909691313711414
0,6499;9,4;0,8785046728971964;0,09119885139985642
0,6515;9,7;0,9065420560747663;0,09142857142857141
0,6531;9,9;0,9252336448598132;0,09165829145728643
0,6547;10,1;0,9439252336448598;0,09188801148600141
0,6563;10,1;0,9439252336448598;0,09211773151471642
0,6579;10,0;0,9345794392523366;0,09234745154343144
0,6595;10,0;0,9345794392523366;0,09257717157214643
0,6611;9,9;0,9252336448598132;0,09280689160086145
0,6627;9,8;0,9158878504672898;0,09303661162957644
0,6643;9,8;0,9158878504672898;0,09326633165829146
0,6659;9,8;0,9158878504672898;0,09349605168700645
0,6675;9,9;0,9252336448598132;0,09372577171572144
0,6691;10,1;0,9439252336448598;0,09395549174443646
0,6707;10,2;0,9532710280373832;0,09418521177315145
0,6723;10,4;0,97196261682243;0,09441493180186647
0,6739;10,6;0,9906542056074766;0,09464465183058147
0,6755;10,7;1,0;0,09487437185929648
0,6771;10,7;1,0;0,09510409188801147
0,6787;10,7;1,0;0,09533381191672648
0,6803;10,7;1,0;0,09556353194544148
0,6819;10,7;1,0;0,09579325197415647
0,6835;10,7;1,0;0,09602297200287149
0,6851;10,7;1,0;0,0962526920315865
0,6867;10,7;1,0;0,0964824120603015
0,6883;10,7;1,0;0,0967121320890165
0,6899;10,7;1,0;0,0969418521177315
0,6915;10,6;0,9906542056074766;0,0971715721464465
0,6931;10,6;0,9906542056074766;0,09740129217516151
0,6947;10,5;0,9813084112149534;0,09763101220387652
0,6963;10,5;0,9813084112149534;0,09786073223259152
0,6979;10,4;0,97196261682243;0,09809045226130653
0,6995;10,4;0,97196261682243;0,09832017229002152
0,7011;10,4;0,97196261682243;0,09854989231873652
0,7027;10,4;0,97196261682243;0,09877961234745153
0,7043;10,4;0,97196261682243;0,09900933237616653
0,7059;10,5;0,9813084112149534;0,09923905240488154
0,7075;10,5;0,9813084112149534;0,09946877243359654
0,7091;10,5;0,9813084112149534;0,09969849246231155
0,7107;10,5;0,9813084112149534;0,09992821249102654
0,7123;10,4;0,97196261682243;0,10015793251974156
0,7139;10,2;0,9532710280373832;0,10038765254845655
0,7155;10,0;0,9345794392523366;0,10061737257717156
0,7171;9,9;0,9252336448598132;0,10084709260588656
0,7187;9,7;0,9065420560747663;0,10107681263460157
0,7203;9,6;0,897196261682243;0,10130653266331659
0,7219;9,6;0,897196261682243;0,10153625269203156
0,7235;9,6;0,897196261682243;0,10176597272074658
0,7251;9,6;0,897196261682243;0,10199569274946158
0,7267;9,7;0,9065420560747663;0,10222541277817658
0,7283;9,7;0,9065420560747663;0,10245513280689159
0,7299;9,8;0,9158878504672898;0,10268485283560659
0,7315;9,8;0,9158878504672898;0,10291457286432161
0,7331;9,7;0,9065420560747663;0,10314429289303659
0,7347;9,6;0,897196261682243;0,1033740129217516
0,7363;9,4;0,8785046728971964;0,1036037329504666
0,7379;9,2;0,8598130841121495;0,1038334529791816
0,7395;8,9;0,8317757009345795;0,10406317300789662
0,7411;8,8;0,8224299065420562;0,10429289303661161
0,7427;8,7;0,8130841121495327;0,10452261306532663
0,7443;8,7;0,8130841121495327;0,10475233309404161
0,7459;8,7;0,8130841121495327;0,10498205312275663
0,7475;8,7;0,8130841121495327;0,10521177315147164
0,7491;8,8;0,8224299065420562;0,10544149318018663
0,7507;8,8;0,8224299065420562;0,10567121320890165
0,7523;8,8;0,8224299065420562;0,10590093323761664
0,7539;8,8;0,8224299065420562;0,10613065326633166
0,7555;8,8;0,8224299065420562;0,10636037329504663
0,7571;8,7;0,8130841121495327;0,10659009332376165
0,7587;8,7;0,8130841121495327;0,10681981335247666
0,7603;8,6;0,8037383177570093;0,10704953338119165
0,7619;8,5;0,7943925233644861;0,10727925340990667
0,7635;8,5;0,7943925233644861;0,10750897343862166
0,7651;8,5;0,7943925233644861;0,10773869346733668
0,7667;8,5;0,7943925233644861;0,10796841349605169
0,7683;8,5;0,7943925233644861;0,10819813352476668
0,7699;8,5;0,7943925233644861;0,10842785355348168
0,7715;8,5;0,7943925233644861;0,10865757358219667
0,7731;8,5;0,7943925233644861;0,10888729361091169
0,7747;8,5;0,7943925233644861;0,1091170136396267
0,7763;8,5;0,7943925233644861;0,1093467336683417
0,7779;8,5;0,7943925233644861;0,10957645369705671
0,7795;8,4;0,7850467289719627;0,1098061737257717
0,7811;8,4;0,7850467289719627;0,1100358937544867
0,7827;8,3;0,7757009345794393;0,1102656137832017
0,7843;8,2;0,7663551401869159;0,11049533381191672
0,7859;8,2;0,7663551401869159;0,11072505384063172
0,7875;8,2;0,7663551401869159;0,11095477386934673
0,7891;8,2;0,7663551401869159;0,11118449389806173
0,7907;8,2;0,7663551401869159;0,11141421392677672
0,7923;8,2;0,7663551401869159;0,11164393395549173
0,7939;8,2;0,7663551401869159;0,11187365398420673
0,7955;8,2;0,7663551401869159;0,11210337401292174
0,7971;8,2;0,7663551401869159;0,11233309404163674
0,7987;8,2;0,7663551401869159;0,11256281407035175
0,8003;8,2;0,7663551401869159;0,11279253409906675
0,8019;8,2;0,7663551401869159;0,11302225412778175
0,8035;8,2;0,7663551401869159;0,11325197415649675
0,8051;8,2;0,7663551401869159;0,11348169418521176
0,8067;8,2;0,7663551401869159;0,11371141421392676
0,8083;8,1;0,7570093457943925;0,11394113424264177
0,8099;8,1;0,7570093457943925;0,11417085427135677
0,8115;8,0;0,7476635514018692;0,11440057430007178
0,8131;7,9;0,7383177570093459;0,1146302943287868
0,8147;7,8;0,7289719626168225;0,11486001435750177
0,8163;7,8;0,7289719626168225;0,1150897343862168
0,8179;7,8;0,7289719626168225;0,11531945441493179
0,8195;7,8;0,7289719626168225;0,11554917444364679
0,8211;7,8;0,7289719626168225;0,11577889447236181
0,8227;7,8;0,7289719626168225;0,1160086145010768
0,8243;7,8;0,7289719626168225;0,11623833452979182
0,8259;7,8;0,7289719626168225;0,1164680545585068
0,8275;7,8;0,7289719626168225;0,11669777458722182
0,8291;7,8;0,7289719626168225;0,11692749461593681
0,8307;7,8;0,7289719626168225;0,11715721464465181
0,8323;7,9;0,7383177570093459;0,11738693467336683
0,8339;7,9;0,7383177570093459;0,11761665470208182
0,8355;8,0;0,7476635514018692;0,11784637473079684
0,8371;8,0;0,7476635514018692;0,11807609475951182
0,8387;8,0;0,7476635514018692;0,11830581478822684
0,8403;8,0;0,7476635514018692;0,11853553481694185
0,8419;8,0;0,7476635514018692;0,11876525484565684
0,8435;8,0;0,7476635514018692;0,11899497487437186
0,8451;8,0;0,7476635514018692;0,11922469490308685
0,8467;8,0;0,7476635514018692;0,11945441493180187
0,8483;8,0;0,7476635514018692;0,11968413496051686
0,8499;8,0;0,7476635514018692;0,11991385498923186
0,8515;8,0;0,7476635514018692;0,12014357501794687
0,8531;8,0;0,7476635514018692;0,12037329504666186
0,8547;7,9;0,7383177570093459;0,12060301507537688
0,8563;7,9;0,7383177570093459;0,12083273510409187
0,8579;7,8;0,7289719626168225;0,12106245513280689
0,8595;7,8;0,7289719626168225;0,12129217516152188
0,8611;7,8;0,7289719626168225;0,12152189519023689
0,8627;7,8;0,7289719626168225;0,12175161521895189
0,8643;7,8;0,7289719626168225;0,12198133524766688
0,8659;7,8;0,7289719626168225;0,1222110552763819
0,8675;7,9;0,7383177570093459;0,12244077530509691
0,8691;7,9;0,7383177570093459;0,12267049533381191
0,8707;7,9;0,7383177570093459;0,1229002153625269
0,8723;7,9;0,7383177570093459;0,12312993539124191
0,8739;7,8;0,7289719626168225;0,12335965541995692
0,8755;7,7;0,7196261682242991;0,1235893754486719
0,8771;7,5;0,7009345794392524;0,12381909547738693
0,8787;7,4;0,691588785046729;0,12404881550610193
0,8803;7,3;0,6822429906542057;0,12427853553481694
0,8819;7,3;0,6822429906542057;0,12450825556353193
0,8835;7,3;0,6822429906542057;0,12473797559224693
0,8851;7,3;0,6822429906542057;0,12496769562096194
0,8867;7,3;0,6822429906542057;0,12519741564967693
0,8883;7,3;0,6822429906542057;0,12542713567839195
0,8899;7,3;0,6822429906542057;0,12565685570710694
0,8915;7,2;0,6728971962616823;0,12588657573582196
0,8931;7,2;0,6728971962616823;0,12611629576453695
0,8947;7,3;0,6822429906542057;0,12634601579325197
0,8963;7,5;0,7009345794392524;0,12657573582196696
0,8979;7,7;0,7196261682242991;0,12680545585068195
0,8995;8,0;0,7476635514018692;0,12703517587939697
0,9011;8,3;0,7757009345794393;0,12726489590811196
0,9027;8,5;0,7943925233644861;0,12749461593682698
0,9043;8,7;0,8130841121495327;0,12772433596554197
0,9059;8,7;0,8130841121495327;0,127954055994257
0,9075;8,7;0,8130841121495327;0,12818377602297198
0,9091;8,6;0,8037383177570093;0,12841349605168698
0,9107;8,5;0,7943925233644861;0,128643216080402
0,9123;8,4;0,7850467289719627;0,128872936109117
0,9139;8,3;0,7757009345794393;0,129102656137832
0,9155;8,4;0,7850467289719627;0,129332376166547
0,9171;8,5;0,7943925233644861;0,12956209619526202
0,9187;8,8;0,8224299065420562;0,129791816223977
0,9203;9,2;0,8598130841121495;0,130021536252692
0,9219;9,6;0,897196261682243;0,13025125628140702
0,9235;9,9;0,9252336448598132;0,130480976310122
0,9251;10,2;0,9532710280373832;0,13071069633883703
0,9267;10,3;0,9626168224299066;0,13094041636755202
0,9283;10,3;0,9626168224299066;0,13117013639626704
0,9299;10,2;0,9532710280373832;0,13139985642498203
0,9315;10,1;0,9439252336448598;0,13162957645369702
0,9331;10,0;0,9345794392523366;0,13185929648241204
0,9347;10,0;0,9345794392523366;0,13208901651112703
0,9363;9,9;0,9252336448598132;0,13231873653984205
0,9379;10,0;0,9345794392523366;0,13254845656855704
0,9395;10,1;0,9439252336448598;0,13277817659727206
0,9411;10,4;0,97196261682243;0,13300789662598708
0,9427;10,7;1,0;0,13323761665470205
0,9443;11,0;1,0280373831775702;0,13346733668341706
0,9459;11,2;1,0467289719626167;0,13369705671213206
0,9475;11,4;1,0654205607476637;0,13392677674084708
0,9491;11,4;1,0654205607476637;0,1341564967695621
0,9507;11,4;1,0654205607476637;0,13438621679827709
0,9523;11,3;1,0560747663551404;0,1346159368269921
0,9539;11,3;1,0560747663551404;0,13484565685570707
0,9555;11,3;1,0560747663551404;0,1350753768844221
0,9571;11,3;1,0560747663551404;0,13530509691313708
0,9587;11,4;1,0654205607476637;0,1355348169418521
0,9603;11,3;1,0560747663551404;0,13576453697056712
0,9619;11,3;1,0560747663551404;0,1359942569992821
0,9635;11,1;1,0373831775700935;0,13622397702799713
0,9651;10,9;1,0186915887850467;0,13645369705671212
0,9667;10,8;1,0093457943925235;0,1366834170854271
0,9683;10,6;0,9906542056074766;0,13691313711414213
0,9699;10,6;0,9906542056074766;0,13714285714285712
0,9715;10,5;0,9813084112149534;0,13737257717157214
0,9731;10,6;0,9906542056074766;0,13760229720028713
0,9747;10,6;0,9906542056074766;0,13783201722900215
0,9763;10,6;0,9906542056074766;0,13806173725771714
0,9779;10,6;0,9906542056074766;0,13829145728643213
0,9795;10,6;0,9906542056074766;0,13852117731514715
0,9811;10,6;0,9906542056074766;0,13875089734386215
0,9827;10,6;0,9906542056074766;0,13898061737257716
0,9843;10,6;0,9906542056074766;0,13921033740129216
0,9859;10,6;0,9906542056074766;0,13944005743000717
0,9875;10,7;1,0;0,1396697774587222
0,9891;10,7;1,0;0,13989949748743716
0,9907;10,7;1,0;0,14012921751615218
0,9923;10,7;1,0;0,14035893754486717
0,9939;10,7;1,0;0,1405886575735822
0,9955;10,7;1,0;0,1408183776022972
0,9971;10,7;1,0;0,1410480976310122
0,9987;10,7;1,0;0,14127781765972722
1,0003;10,7;1,0;0,14150753768844218
1,0019;10,7;1,0;0,1417372577171572
1,0035;10,7;1,0;0,14196697774587222
1,0051;10,7;1,0;0,1421966977745872
1,0067;10,7;1,0;0,1424264178033022
1,0083;10,6;0,9906542056074766;0,14265613783201722
1,0099;10,6;0,9906542056074766;0,1428858578607322
1,0115;10,6;0,9906542056074766;0,1431155778894472
1,0131;10,7;1,0;0,14334529791816222
1,0147;10,9;1,0186915887850467;0,14357501794687721
1,0163;11,2;1,0467289719626167;0,14380473797559226
1,0179;11,4;1,0654205607476637;0,14403445800430725
1,0195;11,6;1,0841121495327104;0,14426417803302227
1,0211;11,7;1,0934579439252337;0,14449389806173724
1,0227;11,7;1,0934579439252337;0,14472361809045223
1,0243;11,6;1,0841121495327104;0,14495333811916727
1,0259;11,6;1,0841121495327104;0,14518305814788227
1,0275;11,6;1,0841121495327104;0,14541277817659728
1,0291;11,7;1,0934579439252337;0,14564249820531225
1,0307;11,7;1,0934579439252337;0,1458722182340273
1,0323;11,7;1,0934579439252337;0,1461019382627423
1,0339;11,7;1,0934579439252337;0,1463316582914573
1,0355;11,5;1,074766355140187;0,1465613783201723
1,0371;11,1;1,0373831775700935;0,14679109834888726
1,0387;10,8;1,0093457943925235;0,1470208183776023
1,0403;10,4;0,97196261682243;0,1472505384063173
1,0419;10,1;0,9439252336448598;0,14748025843503232
1,0435;9,9;0,9252336448598132;0,1477099784637473
1,0451;9,9;0,9252336448598132;0,14793969849246233
1,0467;9,9;0,9252336448598132;0,14816941852117732
1,0483;10,0;0,9345794392523366;0,1483991385498923
1,0499;10,1;0,9439252336448598;0,14862885857860733
1,0515;10,2;0,9532710280373832;0,14885857860732232
1,0531;10,3;0,9626168224299066;0,14908829863603734
1,0547;10,3;0,9626168224299066;0,14931801866475233
1,0563;10,1;0,9439252336448598;0,14954773869346735
1,0579;9,9;0,9252336448598132;0,14977745872218234
1,0595;9,6;0,897196261682243;0,15000717875089734
1,0611;9,2;0,8598130841121495;0,15023689877961235
1,0627;8,9;0,8317757009345795;0,15046661880832735
1,0643;8,7;0,8130841121495327;0,15069633883704237
1,0659;8,6;0,8037383177570093;0,15092605886575736
1,0675;8,6;0,8037383177570093;0,15115577889447238
1,0691;8,6;0,8037383177570093;0,15138549892318737
1,0707;8,7;0,8130841121495327;0,15161521895190236
1,0723;8,7;0,8130841121495327;0,15184493898061738
1,0739;8,7;0,8130841121495327;0,15207465900933237
1,0755;8,7;0,8130841121495327;0,1523043790380474
1,0771;8,7;0,8130841121495327;0,15253409906676238
1,0787;8,7;0,8130841121495327;0,1527638190954774
1,0803;8,7;0,8130841121495327;0,1529935391241924
1,0819;8,7;0,8130841121495327;0,15322325915290738
1,0835;8,6;0,8037383177570093;0,1534529791816224
1,0851;8,6;0,8037383177570093;0,1536826992103374
1,0867;8,6;0,8037383177570093;0,1539124192390524
1,0883;8,6;0,8037383177570093;0,1541421392677674
1,0899;8,6;0,8037383177570093;0,15437185929648245
1,0915;8,6;0,8037383177570093;0,1546015793251974
1,0931;8,6;0,8037383177570093;0,1548312993539124
1,0947;8,6;0,8037383177570093;0,15506101938262742
1,0963;8,6;0,8037383177570093;0,15529073941134242
1,0979;8,6;0,8037383177570093;0,15552045944005746
1,0995;8,6;0,8037383177570093;0,15575017946877243
1,1011;8,6;0,8037383177570093;0,15597989949748745
1,1027;8,7;0,8130841121495327;0,15620961952620244
1,1043;8,7;0,8130841121495327;0,15643933955491743
1,1059;8,7;0,8130841121495327;0,15666905958363248
1,1075;8,7;0,8130841121495327;0,15689877961234744
1,1091;8,7;0,8130841121495327;0,15712849964106246
1,1107;8,7;0,8130841121495327;0,15735821966977745
1,1123;8,7;0,8130841121495327;0,1575879396984925
1,1139;8,7;0,8130841121495327;0,15781765972720746
1,1155;8,7;0,8130841121495327;0,15804737975592245
1,1171;8,7;0,8130841121495327;0,15827709978463747
1,1187;8,8;0,8224299065420562;0,15850681981335246
1,1203;8,8;0,8224299065420562;0,1587365398420675
1,1219;8,7;0,8130841121495327;0,15896625987078247
1,1235;8,7;0,8130841121495327;0,1591959798994975
1,1251;8,6;0,8037383177570093;0,15942569992821248
1,1267;8,4;0,7850467289719627;0,15965541995692747
1,1283;8,3;0,7757009345794393;0,15988513998564252
1,1299;8,2;0,7663551401869159;0,16011486001435749
1,1315;8,1;0,7570093457943925;0,1603445800430725
1,1331;8,1;0,7570093457943925;0,1605743000717875
1,1347;8,1;0,7570093457943925;0,16080402010050254
1,1363;8,2;0,7663551401869159;0,16103374012921753
1,1379;8,2;0,7663551401869159;0,1612634601579325
1,1395;8,2;0,7663551401869159;0,16149318018664752
1,1411;8,3;0,7757009345794393;0,1617229002153625
1,1427;8,3;0,7757009345794393;0,16195262024407756
1,1443;8,2;0,7663551401869159;0,16218234027279255
1,1459;8,1;0,7570093457943925;0,16241206030150754
1,1475;8,0;0,7476635514018692;0,16264178033022253
1,1491;7,9;0,7383177570093459;0,16287150035893752
1,1507;7,8;0,7289719626168225;0,16310122038765257
1,1523;7,7;0,7196261682242991;0,16333094041636756
1,1539;7,7;0,7196261682242991;0,16356066044508255
1,1555;7,7;0,7196261682242991;0,16379038047379754
1,1571;7,7;0,7196261682242991;0,1640201005025126
1,1587;7,7;0,7196261682242991;0,16424982053122758
1,1603;7,7;0,7196261682242991;0,1644795405599426
1,1619;7,7;0,7196261682242991;0,16470926058865756
1,1635;7,7;0,7196261682242991;0,16493898061737255
1,1651;7,7;0,7196261682242991;0,1651687006460876
1,1667;7,7;0,7196261682242991;0,1653984206748026
1,1683;7,8;0,7289719626168225;0,16562814070351758
1,1699;7,8;0,7289719626168225;0,16585786073223258
1,1715;7,9;0,7383177570093459;0,16608758076094762
1,1731;7,9;0,7383177570093459;0,16631730078966261
1,1747;7,9;0,7383177570093459;0,1665470208183776
1,1763;8,0;0,7476635514018692;0,1667767408470926
1,1779;8,0;0,7476635514018692;0,1670064608758076
1,1795;7,9;0,7383177570093459;0,16723618090452264
1,1811;7,9;0,7383177570093459;0,16746590093323763
1,1827;7,9;0,7383177570093459;0,16769562096195265
1,1843;7,9;0,7383177570093459;0,1679253409906676
1,1859;7,9;0,7383177570093459;0,1681550610193826
1,1875;7,9;0,7383177570093459;0,16838478104809765
1,1891;7,9;0,7383177570093459;0,16861450107681264
1,1907;7,9;0,7383177570093459;0,16884422110552766
1,1923;7,9;0,7383177570093459;0,16907394113424262
1,1939;7,9;0,7383177570093459;0,16930366116295767
1,1955;7,9;0,7383177570093459;0,16953338119167266
1,1971;8,0;0,7476635514018692;0,16976310122038765
1,1987;8,1;0,7570093457943925;0,16999282124910267
1,2003;8,1;0,7570093457943925;0,17022254127781763
1,2019;8,2;0,7663551401869159;0,17045226130653268
1,2035;8,3;0,7757009345794393;0,17068198133524767
1,2051;8,3;0,7757009345794393;0,1709117013639627
1,2067;8,3;0,7757009345794393;0,17114142139267768
1,2083;8,3;0,7757009345794393;0,17137114142139265
1,2099;8,3;0,7757009345794393;0,1716008614501077
1,2115;8,3;0,7757009345794393;0,17183058147882269
1,2131;8,3;0,7757009345794393;0,1720603015075377
1,2147;8,3;0,7757009345794393;0,17229002153625267
1,2163;8,3;0,7757009345794393;0,17251974156496772
1,2179;8,3;0,7757009345794393;0,1727494615936827
1,2195;8,4;0,7850467289719627;0,1729791816223977
1,2211;8,4;0,7850467289719627;0,17320890165111272
1,2227;8,5;0,7943925233644861;0,17343862167982768
1,2243;8,6;0,8037383177570093;0,17366834170854273
1,2259;8,7;0,8130841121495327;0,17389806173725772
1,2275;8,7;0,8130841121495327;0,17412778176597274
1,2291;8,7;0,8130841121495327;0,17435750179468773
1,2307;8,7;0,8130841121495327;0,1745872218234027
1,2323;8,6;0,8037383177570093;0,17481694185211774
1,2339;8,7;0,8130841121495327;0,17504666188083273
1,2355;8,7;0,8130841121495327;0,17527638190954775
1,2371;8,7;0,8130841121495327;0,17550610193826274
1,2387;8,7;0,8130841121495327;0,17573582196697776
1,2403;8,6;0,8037383177570093;0,17596554199569275
1,2419;8,5;0,7943925233644861;0,17619526202440774
1,2435;8,4;0,7850467289719627;0,17642498205312276
1,2451;8,2;0,7663551401869159;0,17665470208183776
1,2467;8,1;0,7570093457943925;0,17688442211055277
1,2483;8,0;0,7476635514018692;0,17711414213926777
1,2499;8,0;0,7476635514018692;0,17734386216798279
1,2515;8,0;0,7476635514018692;0,17757358219669778
1,2531;8,1;0,7570093457943925;0,17780330222541277
1,2547;8,1;0,7570093457943925;0,1780330222541278
1,2563;8,1;0,7570093457943925;0,17826274228284278
1,2579;8,1;0,7570093457943925;0,1784924623115578
1,2595;8,1;0,7570093457943925;0,1787221823402728
1,2611;8,1;0,7570093457943925;0,17895190236898784
1,2627;8,1;0,7570093457943925;0,1791816223977028
1,2643;8,1;0,7570093457943925;0,1794113424264178
1,2659;8,1;0,7570093457943925;0,1796410624551328
1,2675;8,0;0,7476635514018692;0,1798707824838478
1,2691;8,0;0,7476635514018692;0,18010050251256282
1,2707;8,0;0,7476635514018692;0,1803302225412778
1,2723;8,1;0,7570093457943925;0,1805599425699928
1,2739;8,1;0,7570093457943925;0,18078966259870782
1,2755;8,1;0,7570093457943925;0,18101938262742281
1,2771;8,0;0,7476635514018692;0,18124910265613783
1,2787;8,0;0,7476635514018692;0,18147882268485283
1,2803;8,0;0,7476635514018692;0,18170854271356784
1,2819;8,0;0,7476635514018692;0,18193826274228284
1,2835;8,0;0,7476635514018692;0,18216798277099788
1,2851;8,1;0,7570093457943925;0,18239770279971285
1,2867;8,3;0,7757009345794393;0,18262742282842784
1,2883;8,4;0,7850467289719627;0,18285714285714286
1,2899;8,6;0,8037383177570093;0,18308686288585785
1,2915;8,7;0,8130841121495327;0,1833165829145729
1,2931;8,8;0,8224299065420562;0,18354630294328786
1,2947;8,8;0,8224299065420562;0,18377602297200285
1,2963;8,7;0,8130841121495327;0,18400574300071787
1,2979;8,7;0,8130841121495327;0,18423546302943286
1,2995;8,7;0,8130841121495327;0,1844651830581479
1,3011;8,7;0,8130841121495327;0,18469490308686287
1,3027;8,7;0,8130841121495327;0,1849246231155779
1,3043;8,7;0,8130841121495327;0,18515434314429288
1,3059;8,7;0,8130841121495327;0,18538406317300793
1,3075;8,7;0,8130841121495327;0,18561378320172292
1,3091;8,7;0,8130841121495327;0,18584350323043788
1,3107;8,6;0,8037383177570093;0,1860732232591529
1,3123;8,6;0,8037383177570093;0,1863029432878679
1,3139;8,6;0,8037383177570093;0,18653266331658294
1,3155;8,6;0,8037383177570093;0,1867623833452979
1,3171;8,6;0,8037383177570093;0,1869921033740129
1,3187;8,6;0,8037383177570093;0,18722182340272792
1,3203;8,6;0,8037383177570093;0,18745154343144294
1,3219;8,6;0,8037383177570093;0,18768126346015795
1,3235;8,6;0,8037383177570093;0,18791098348887292
1,3251;8,7;0,8130841121495327;0,18814070351758794
1,3267;8,7;0,8130841121495327;0,18837042354630293
1,3283;8,6;0,8037383177570093;0,18860014357501798
1,3299;8,5;0,7943925233644861;0,18882986360373297
1,3315;8,4;0,7850467289719627;0,18905958363244793
1,3331;8,3;0,7757009345794393;0,18928930366116295
1,3347;8,2;0,7663551401869159;0,18951902368987794
1,3363;8,2;0,7663551401869159;0,189748743718593
1,3379;8,2;0,7663551401869159;0,18997846374730798
1,3395;8,2;0,7663551401869159;0,19020818377602294
1,3411;8,2;0,7663551401869159;0,19043790380473796
1,3427;8,2;0,7663551401869159;0,19066762383345298
1,3443;8,1;0,7570093457943925;0,190897343862168
1,3459;8,0;0,7476635514018692;0,191127063890883
1,3475;7,3;0,6822429906542057;0,19135678391959798
1,3491;8,0;0,7476635514018692;0,19158650394831298
1,3507;8,3;0,7757009345794393;0,19181622397702802
1,3523;8,8;0,8224299065420562;0,192045944005743
1,3539;9,3;0,869158878504673;0,192275664034458
1,3555;9,9;0,9252336448598132;0,192505384063173
1,3571;10,3;0,9626168224299066;0,192735104091888
1,3587;10,6;0,9906542056074766;0,19296482412060303
1,3603;10,7;1,0;0,19319454414931803
1,3619;10,6;0,9906542056074766;0,19342426417803305
1,3635;10,5;0,9813084112149534;0,193653984206748
1,3651;10,4;0,97196261682243;0,19388370423546303
1,3667;10,4;0,97196261682243;0,19411342426417805
1,3683;10,4;0,97196261682243;0,19434314429289304
1,3699;10,4;0,97196261682243;0,19457286432160803
1,3715;10,4;0,97196261682243;0,19480258435032302
1,3731;10,4;0,97196261682243;0,19503230437903807
1,3747;10,4;0,97196261682243;0,19526202440775306
1,3763;10,3;0,9626168224299066;0,19549174443646805
1,3779;10,2;0,9532710280373832;0,19572146446518304
1,3795;10,1;0,9439252336448598;0,19595118449389803
1,3811;10,1;0,9439252336448598;0,19618090452261308
1,3827;10,1;0,9439252336448598;0,19641062455132807
1,3843;10,1;0,9439252336448598;0,1966403445800431
1,3859;10,1;0,9439252336448598;0,19687006460875806
1,3875;10,1;0,9439252336448598;0,19709978463747307
1,3891;10,1;0,9439252336448598;0,1973295046661881
1,3907;10,1;0,9439252336448598;0,19755922469490309
1,3923;10,1;0,9439252336448598;0,1977889447236181
1,3939;10,1;0,9439252336448598;0,19801866475233307
1,3955;10,2;0,9532710280373832;0,19824838478104811
1,3971;10,2;0,9532710280373832;0,1984781048097631
1,3987;10,2;0,9532710280373832;0,1987078248384781
1,4003;10,2;0,9532710280373832;0,19893754486719312
1,4019;10,1;0,9439252336448598;0,19916726489590808
1,4035;9,9;0,9252336448598132;0,19939698492462313
1,4051;9,7;0,9065420560747663;0,19962670495333812
1,4067;9,5;0,8878504672897197;0,19985642498205314
1,4083;9,4;0,8785046728971964;0,20008614501076813
1,4099;9,3;0,869158878504673;0,20031586503948312
1,4115;9,2;0,8598130841121495;0,20054558506819814
1,4131;9,3;0,869158878504673;0,20077530509691313
1,4147;9,3;0,869158878504673;0,20100502512562815
1,4163;9,3;0,869158878504673;0,20123474515434311
1,4179;9,3;0,869158878504673;0,20146446518305816
1,4195;9,3;0,869158878504673;0,20169418521177315
1,4211;9,3;0,869158878504673;0,20192390524048814
1,4227;9,3;0,869158878504673;0,20215362526920316
1,4243;9,4;0,8785046728971964;0,20238334529791813
1,4259;9,5;0,8878504672897197;0,20261306532663317
1,4275;9,6;0,897196261682243;0,20284278535534817
1,4291;9,8;0,9158878504672898;0,20307250538406318
1,4307;9,9;0,9252336448598132;0,20330222541277818
1,4323;9,9;0,9252336448598132;0,20353194544149317
1,4339;9,9;0,9252336448598132;0,2037616654702082
1,4355;9,9;0,9252336448598132;0,20399138549892318
1,4371;9,9;0,9252336448598132;0,2042211055276382
1,4387;9,9;0,9252336448598132;0,2044508255563532
1,4403;9,9;0,9252336448598132;0,2046805455850682
1,4419;9,9;0,9252336448598132;0,2049102656137832
1,4435;9,9;0,9252336448598132;0,2051399856424982
1,4451;9,9;0,9252336448598132;0,2053697056712132
1,4467;9,8;0,9158878504672898;0,2055994256999282
1,4483;9,7;0,9065420560747663;0,20582914572864322
1,4499;9,5;0,8878504672897197;0,2060588657573582
1,4515;9,4;0,8785046728971964;0,20628858578607323
1,4531;9,3;0,869158878504673;0,20651830581478822
1,4547;9,2;0,8598130841121495;0,20674802584350327
1,4563;9,2;0,8598130841121495;0,20697774587221823
1,4579;9,2;0,8598130841121495;0,20720746590093322
1,4595;9,3;0,869158878504673;0,20743718592964824
1,4611;9,3;0,869158878504673;0,20766690595836323
1,4627;9,4;0,8785046728971964;0,20789662598707825
1,4643;9,4;0,8785046728971964;0,20812634601579325
1,4659;9,4;0,8785046728971964;0,20835606604450824
1,4675;9,3;0,869158878504673;0,20858578607322326
1,4691;9,1;0,8504672897196262;0,20881550610193828
1,4707;8,8;0,8224299065420562;0,20904522613065327
1,4723;8,6;0,8037383177570093;0,20927494615936826
1,4739;8,3;0,7757009345794393;0,20950466618808328
1,4755;8,2;0,7663551401869159;0,20973438621679827
1,4771;8,1;0,7570093457943925;0,20996410624551332
1,4787;8,1;0,7570093457943925;0,21019382627422828
1,4803;8,2;0,7663551401869159;0,21042354630294327
1,4819;8,2;0,7663551401869159;0,2106532663316583
1,4835;8,2;0,7663551401869159;0,21088298636037328
1,4851;8,1;0,7570093457943925;0,21111270638908833
1,4867;8,1;0,7570093457943925;0,2113424264178033
1,4883;8,1;0,7570093457943925;0,21157214644651828
1,4899;8,3;0,7757009345794393;0,2118018664752333
1,4915;8,5;0,7943925233644861;0,21203158650394832
1,4931;8,9;0,8317757009345795;0,21226130653266334
1,4947;9,2;0,8598130841121495;0,2124910265613783
1,4963;9,5;0,8878504672897197;0,21272074659009332
1,4979;9,7;0,9065420560747663;0,21295046661880832
1,4995;9,8;0,9158878504672898;0,21318018664752336
1,5011;9,8;0,9158878504672898;0,21340990667623835
1,5027;9,7;0,9065420560747663;0,21363962670495332
1,5043;9,6;0,897196261682243;0,21386934673366834
1,5059;9,5;0,8878504672897197;0,21409906676238333
1,5075;9,5;0,8878504672897197;0,21432878679109837
1,5091;9,5;0,8878504672897197;0,21455850681981337
1,5107;9,6;0,897196261682243;0,21478822684852833
1,5123;9,7;0,9065420560747663;0,21501794687724335
1,5139;9,8;0,9158878504672898;0,21524766690595837
1,5155;9,9;0,9252336448598132;0,2154773869346734
1,5171;10,1;0,9439252336448598;0,21570710696338835
1,5187;10,2;0,9532710280373832;0,21593682699210337
1,5203;10,2;0,9532710280373832;0,21616654702081836
1,5219;10,2;0,9532710280373832;0,2163962670495334
1,5235;10,2;0,9532710280373832;0,2166259870782484
1,5251;10,2;0,9532710280373832;0,21685570710696336
1,5267;10,2;0,9532710280373832;0,21708542713567838
1,5283;10,2;0,9532710280373832;0,21731514716439337
1,5299;10,2;0,9532710280373832;0,21754486719310842
1,5315;10,2;0,9532710280373832;0,2177745872218234
1,5331;10,2;0,9532710280373832;0,21800430725053838
1,5347;10,1;0,9439252336448598;0,2182340272792534
1,5363;10,0;0,9345794392523366;0,21846374730796841
1,5379;9,9;0,9252336448598132;0,21869346733668343
1,5395;9,8;0,9158878504672898;0,21892318736539843
1,5411;9,7;0,9065420560747663;0,21915290739411342
1,5427;9,6;0,897196261682243;0,2193826274228284
1,5443;9,6;0,897196261682243;0,21961234745154345
1,5459;9,7;0,9065420560747663;0,21984206748025845
1,5475;9,7;0,9065420560747663;0,22007178750897344
1,5491;9,7;0,9065420560747663;0,22030150753768843
1,5507;9,7;0,9065420560747663;0,22053122756640342
1,5523;9,7;0,9065420560747663;0,22076094759511847
1,5539;9,7;0,9065420560747663;0,22099066762383346
1,5555;9,7;0,9065420560747663;0,22122038765254848
1,5571;9,7;0,9065420560747663;0,22145010768126344
1,5587;9,7;0,9065420560747663;0,22167982770997846
1,5603;9,7;0,9065420560747663;0,22190954773869348
1,5619;9,7;0,9065420560747663;0,22213926776740847
1,5635;9,7;0,9065420560747663;0,22236898779612346
1,5651;9,8;0,9158878504672898;0,22259870782483845
1,5667;9,8;0,9158878504672898;0,2228284278535535
1,5683;9,8;0,9158878504672898;0,2230581478822685
1,5699;9,7;0,9065420560747663;0,22328786791098348
1,5715;9,6;0,897196261682243;0,22351758793969848
1,5731;9,4;0,8785046728971964;0,22374730796841347
1,5747;9,2;0,8598130841121495;0,2239770279971285
1,5763;9,0;0,8411214953271029;0,2242067480258435
1,5779;8,9;0,8317757009345795;0,22443646805455852
1,5795;8,9;0,8317757009345795;0,2246661880832735
1,5811;9,0;0,8411214953271029;0,2248959081119885
1,5827;9,1;0,8504672897196262;0,22512562814070353
1,5843;9,3;0,869158878504673;0,22535534816941852
1,5859;9,3;0,869158878504673;0,22558506819813354
1,5875;9,4;0,8785046728971964;0,2258147882268485
1,5891;9,4;0,8785046728971964;0,22604450825556355
1,5907;9,4;0,8785046728971964;0,22627422828427854
1,5923;9,4;0,8785046728971964;0,22650394831299353
1,5939;9,4;0,8785046728971964;0,22673366834170855
1,5955;9,4;0,8785046728971964;0,2269633883704235
1,5971;9,4;0,8785046728971964;0,22719310839913856
1,5987;9,4;0,8785046728971964;0,22742282842785355
1,6003;9,5;0,8878504672897197;0,22765254845656857
1,6019;9,5;0,8878504672897197;0,22788226848528356
1,6035;9,6;0,897196261682243;0,22811198851399855
1,6051;9,6;0,897196261682243;0,22834170854271357
1,6067;9,5;0,8878504672897197;0,22857142857142856
1,6083;9,3;0,869158878504673;0,22880114860014358
1,6099;9,0;0,8411214953271029;0,22903086862885857
1,6115;8,7;0,8130841121495327;0,2292605886575736
1,6131;8,4;0,7850467289719627;0,22949030868628859
1,6147;8,2;0,7663551401869159;0,22972002871500358
1,6163;8,1;0,7570093457943925;0,2299497487437186
1,6179;8,1;0,7570093457943925;0,2301794687724336
1,6195;8,2;0,7663551401869159;0,2304091888011486
1,6211;8,2;0,7663551401869159;0,2306389088298636
1,6227;8,2;0,7663551401869159;0,23086862885857862
1,6243;8,2;0,7663551401869159;0,2310983488872936
1,6259;8,2;0,7663551401869159;0,2313280689160086
1,6275;8,2;0,7663551401869159;0,23155778894472362
1,6291;8,2;0,7663551401869159;0,2317875089734386
1,6307;8,4;0,7850467289719627;0,23201722900215363
1,6323;8,6;0,8037383177570093;0,23224694903086862
1,6339;8,9;0,8317757009345795;0,23247666905958364
1,6355;9,1;0,8504672897196262;0,23270638908829863
1,6371;9,2;0,8598130841121495;0,23293610911701362
1,6387;9,3;0,869158878504673;0,23316582914572864
1,6403;9,3;0,869158878504673;0,23339554917444366
1,6419;9,2;0,8598130841121495;0,23362526920315865
1,6435;9,2;0,8598130841121495;0,23385498923187364
1,6451;9,1;0,8504672897196262;0,23408470926058866
1,6467;9,1;0,8504672897196262;0,23431442928930366
1,6483;9,1;0,8504672897196262;0,2345441493180187
1,6499;9,1;0,8504672897196262;0,23477386934673367
1,6515;9,2;0,8598130841121495;0,23500358937544866
1,6531;9,4;0,8785046728971964;0,23523330940416368
1,6547;9,5;0,8878504672897197;0,23546302943287867
1,6563;9,7;0,9065420560747663;0,23569274946159371
1,6579;9,9;0,9252336448598132;0,23592246949030868
1,6595;9,9;0,9252336448598132;0,23615218951902367
1,6611;10,0;0,9345794392523366;0,2363819095477387
1,6627;9,9;0,9252336448598132;0,2366116295764537
1,6643;9,9;0,9252336448598132;0,2368413496051687
1,6659;9,9;0,9252336448598132;0,2370710696338837
1,6675;9,9;0,9252336448598132;0,2373007896625987
1,6691;9,9;0,9252336448598132;0,2375305096913137
1,6707;9,9;0,9252336448598132;0,23776022972002875
1,6723;9,9;0,9252336448598132;0,2379899497487437
1,6739;9,9;0,9252336448598132;0,2382196697774587
1,6755;9,9;0,9252336448598132;0,23844938980617372
1,6771;9,9;0,9252336448598132;0,23867910983488871
1,6787;9,9;0,9252336448598132;0,23890882986360376
1,6803;9,9;0,9252336448598132;0,23913854989231872
1,6819;9,9;0,9252336448598132;0,23936826992103372
1,6835;9,9;0,9252336448598132;0,23959798994974874
1,6851;9,9;0,9252336448598132;0,23982770997846375
1,6867;9,9;0,9252336448598132;0,24005743000717877
1,6883;9,9;0,9252336448598132;0,24028715003589374
1,6899;9,8;0,9158878504672898;0,24051687006460876
1,6915;9,8;0,9158878504672898;0,24074659009332375
1,6931;9,8;0,9158878504672898;0,2409763101220388
1,6947;9,8;0,9158878504672898;0,2412060301507538
1,6963;10,0;0,9345794392523366;0,24143575017946875
1,6979;10,3;0,9626168224299066;0,24166547020818377
1,6995;10,6;0,9906542056074766;0,24189519023689876
1,7011;10,9;1,0186915887850467;0,2421249102656138
1,7027;11,1;1,0373831775700935;0,2423546302943288
1,7043;11,1;1,0373831775700935;0,24258435032304376
1,7059;11,2;1,0467289719626167;0,24281407035175878
1,7075;11,1;1,0373831775700935;0,2430437903804738
1,7091;11,0;1,0280373831775702;0,24327351040918882
1,7107;11,0;1,0280373831775702;0,2435032304379038
1,7123;10,9;1,0186915887850467;0,2437329504666188
1,7139;10,9;1,0186915887850467;0,2439626704953338
1,7155;10,9;1,0186915887850467;0,24419239052404884
1,7171;11,0;1,0280373831775702;0,24442211055276383
1,7187;11,2;1,0467289719626167;0,2446518305814788
1,7203;11,3;1,0560747663551404;0,24488155061019382
1,7219;11,5;1,074766355140187;0,2451112706389088
1,7235;11,7;1,0934579439252337;0,24534099066762385
1,7251;11,8;1,1028037383177571;0,24557071069633885
1,7267;11,8;1,1028037383177571;0,2458004307250538
1,7283;11,8;1,1028037383177571;0,24603015075376883
1,7299;11,7;1,0934579439252337;0,24625987078248385
1,7315;11,7;1,0934579439252337;0,24648959081119887
1,7331;11,8;1,1028037383177571;0,24671931083991386
1,7347;11,9;1,1121495327102804;0,24694903086862885
1,7363;11,9;1,1121495327102804;0,24717875089734384
1,7379;11,9;1,1121495327102804;0,2474084709260589
1,7395;11,7;1,0934579439252337;0,24763819095477388
1,7411;11,3;1,0560747663551404;0,24786791098348887
1,7427;10,9;1,0186915887850467;0,24809763101220386
1,7443;10,5;0,9813084112149534;0,24832735104091885
1,7459;10,1;0,9439252336448598;0,2485570710696339
1,7475;9,9;0,9252336448598132;0,2487867910983489
1,7491;9,8;0,9158878504672898;0,2490165111270639
1,7507;9,8;0,9158878504672898;0,24924623115577887
1,7523;9,9;0,9252336448598132;0,2494759511844939
1,7539;10,0;0,9345794392523366;0,2497056712132089
1,7555;10,2;0,9532710280373832;0,2499353912419239
1,7571;10,2;0,9532710280373832;0,2501651112706389
1,7587;10,2;0,9532710280373832;0,25039483129935386
1,7603;10,1;0,9439252336448598;0,25062455132806893
1,7619;9,9;0,9252336448598132;0,2508542713567839
1,7635;9,5;0,8878504672897197;0,2510839913854989
1,7651;9,1;0,8504672897196262;0,2513137114142139
1,7667;8,6;0,8037383177570093;0,25154343144292896
1,7683;8,3;0,7757009345794393;0,2517731514716439
1,7699;8,2;0,7663551401869159;0,25200287150035894
1,7715;8,1;0,7570093457943925;0,25223259152907396
1,7731;8,2;0,7663551401869159;0,2524623115577889
1,7747;8,2;0,7663551401869159;0,25269203158650394
1,7763;8,3;0,7757009345794393;0,25292175161521896
1,7779;8,4;0,7850467289719627;0,253151471643934
1,7795;8,4;0,7850467289719627;0,25338119167264894
1,7811;8,3;0,7757009345794393;0,2536109117013639
1,7827;8,3;0,7757009345794393;0,253840631730079
1,7843;8,3;0,7757009345794393;0,25407035175879394
1,7859;8,2;0,7663551401869159;0,25430007178750896
1,7875;8,2;0,7663551401869159;0,254529791816224
1,7891;8,2;0,7663551401869159;0,254759511844939
1,7907;8,3;0,7757009345794393;0,25498923187365397
1,7923;8,5;0,7943925233644861;0,255218951902369
1,7939;8,6;0,8037383177570093;0,255448671931084
1,7955;8,8;0,8224299065420562;0,25567839195979897
1,7971;9,0;0,8411214953271029;0,255908111988514
1,7987;9,0;0,8411214953271029;0,256137832017229
1,8003;9,1;0,8504672897196262;0,256367552045944
1,8019;9,1;0,8504672897196262;0,256597272074659
1,8035;9,0;0,8411214953271029;0,256826992103374
1,8051;9,0;0,8411214953271029;0,257056712132089
1,8067;9,0;0,8411214953271029;0,257286432160804
1,8083;8,9;0,8317757009345795;0,257516152189519
1,8099;8,9;0,8317757009345795;0,25774587221823403
1,8115;9,0;0,8411214953271029;0,25797559224694905
1,8131;9,0;0,8411214953271029;0,258205312275664
1,8147;9,2;0,8598130841121495;0,25843503230437903
1,8163;9,3;0,869158878504673;0,25866475233309405
1,8179;9,5;0,8878504672897197;0,258894472361809
1,8195;9,6;0,897196261682243;0,25912419239052403
1,8211;9,6;0,897196261682243;0,25935391241923905
1,8227;9,6;0,897196261682243;0,25958363244795407
1,8243;9,6;0,897196261682243;0,25981335247666903
1,8259;9,6;0,897196261682243;0,26004307250538405
1,8275;9,6;0,897196261682243;0,2602727925340991
1,8291;9,6;0,897196261682243;0,26050251256281404
1,8307;9,6;0,897196261682243;0,26073223259152906
1,8323;9,6;0,897196261682243;0,2609619526202441
1,8339;9,6;0,897196261682243;0,2611916726489591
1,8355;9,5;0,8878504672897197;0,26142139267767406
1,8371;9,4;0,8785046728971964;0,2616511127063891
1,8387;9,3;0,869158878504673;0,2618808327351041
1,8403;9,1;0,8504672897196262;0,26211055276381906
1,8419;9,1;0,8504672897196262;0,26234027279253413
1,8435;9,0;0,8411214953271029;0,2625699928212491
1,8451;9,0;0,8411214953271029;0,2627997128499641
1,8467;9,1;0,8504672897196262;0,2630294328786791
1,8483;9,1;0,8504672897196262;0,2632591529073941
1,8499;9,0;0,8411214953271029;0,2634888729361091
1,8515;9,0;0,8411214953271029;0,2637185929648241
1,8531;8,9;0,8317757009345795;0,2639483129935391
1,8547;8,9;0,8317757009345795;0,2641780330222541
1,8563;9,0;0,8411214953271029;0,26440775305096914
1,8579;9,3;0,869158878504673;0,26463747307968416
1,8595;9,6;0,897196261682243;0,2648671931083991
1,8611;10,0;0,9345794392523366;0,26509691313711414
1,8627;10,3;0,9626168224299066;0,2653266331658291
1,8643;10,6;0,9906542056074766;0,2655563531945442
1,8659;10,6;0,9906542056074766;0,26578607322325914
1,8675;10,6;0,9906542056074766;0,26601579325197416
1,8691;10,6;0,9906542056074766;0,26624551328068913
1,8707;10,5;0,9813084112149534;0,26647523330940415
1,8723;10,5;0,9813084112149534;0,26670495333811917
1,8739;10,5;0,9813084112149534;0,26693467336683413
1,8755;10,5;0,9813084112149534;0,26716439339554915
1,8771;10,5;0,9813084112149534;0,26739411342426417
1,8787;10,5;0,9813084112149534;0,2676238334529792
1,8803;10,4;0,97196261682243;0,2678535534816942
1,8819;10,4;0,97196261682243;0,26808327351040917
1,8835;10,3;0,9626168224299066;0,2683129935391242
1,8851;10,2;0,9532710280373832;0,26854271356783915
1,8867;10,1;0,9439252336448598;0,2687724335965542
1,8883;10,1;0,9439252336448598;0,2690021536252692
1,8899;10,1;0,9439252336448598;0,2692318736539842
1,8915;10,1;0,9439252336448598;0,2694615936826992
1,8931;10,2;0,9532710280373832;0,26969131371141425
1,8947;10,2;0,9532710280373832;0,2699210337401292
1,8963;10,2;0,9532710280373832;0,27015075376884423
1,8979;10,2;0,9532710280373832;0,2703804737975592
1,8995;10,2;0,9532710280373832;0,2706101938262742
1,9011;10,1;0,9439252336448598;0,27083991385498923
1,9027;10,1;0,9439252336448598;0,27106963388370425
1,9043;10,0;0,9345794392523366;0,27129935391241927
1,9059;9,9;0,9252336448598132;0,27152907394113424
1,9075;9,9;0,9252336448598132;0,2717587939698492
1,9091;9,8;0,9158878504672898;0,2719885139985643
1,9107;9,9;0,9252336448598132;0,27221823402727924
1,9123;9,9;0,9252336448598132;0,27244795405599426
1,9139;9,9;0,9252336448598132;0,2726776740847092
1,9155;9,8;0,9158878504672898;0,2729073941134243
1,9171;9,7;0,9065420560747663;0,27313711414213926
1,9187;9,7;0,9065420560747663;0,2733668341708543
1,9203;9,7;0,9065420560747663;0,27359655419956924
1,9219;9,8;0,9158878504672898;0,27382627422828426
1,9235;10,1;0,9439252336448598;0,2740559942569993
1,9251;10,5;0,9813084112149534;0,2742857142857143
1,9267;11,0;1,0280373831775702;0,2745154343144293
1,9283;11,5;1,074766355140187;0,2747451543431443
1,9299;11,8;1,1028037383177571;0,27497487437185925
1,9315;12,0;1,1214953271028039;0,2752045944005743
1,9331;12,0;1,1214953271028039;0,2754343144292893
1,9347;11,9;1,1121495327102804;0,2756640344580043
1,9363;11,8;1,1028037383177571;0,27589375448671927
1,9379;11,7;1,0934579439252337;0,27612347451543434
1,9395;11,7;1,0934579439252337;0,2763531945441493
1,9411;11,6;1,0841121495327104;0,2765829145728643
1,9427;11,7;1,0934579439252337;0,27681263460157934
1,9443;11,7;1,0934579439252337;0,2770423546302943
1,9459;11,9;1,1121495327102804;0,2772720746590093
1,9475;12,1;1,1308411214953271;0,27750179468772435
1,9491;12,3;1,149532710280374;0,27773151471643936
1,9507;12,5;1,1682242990654206;0,27796123474515433
1,9523;12,6;1,177570093457944;0,2781909547738693
1,9539;12,6;1,177570093457944;0,27842067480258437
1,9555;12,6;1,177570093457944;0,27865039483129933
1,9571;12,6;1,177570093457944;0,27888011486001435
1,9587;12,6;1,177570093457944;0,27910983488872937
1,9603;12,6;1,177570093457944;0,2793395549174444
1,9619;12,7;1,1869158878504673;0,27956927494615935
1,9635;12,7;1,1869158878504673;0,27979899497487437
1,9651;12,7;1,1869158878504673;0,2800287150035894
1,9667;12,6;1,177570093457944;0,28025843503230435
1,9683;12,3;1,149532710280374;0,2804881550610194
1,9699;11,9;1,1121495327102804;0,2807178750897344
1,9715;11,5;1,074766355140187;0,2809475951184494
1,9731;11,2;1,0467289719626167;0,2811773151471644
1,9747;11,0;1,0280373831775702;0,28140703517587934
1,9763;10,9;1,0186915887850467;0,2816367552045944
1,9779;10,9;1,0186915887850467;0,2818664752333094
1,9795;11,0;1,0280373831775702;0,2820961952620244
1,9811;11,0;1,0280373831775702;0,2823259152907394
1,9827;11,1;1,0373831775700935;0,28255563531945443
1,9843;11,1;1,0373831775700935;0,2827853553481694
1,9859;11,1;1,0373831775700935;0,2830150753768844
1,9875;11,1;1,0373831775700935;0,28324479540559944
1,9891;11,0;1,0280373831775702;0,2834745154343144
1,9907;11,1;1,0373831775700935;0,2837042354630294
1,9923;11,1;1,0373831775700935;0,28393395549174444
1,9939;11,1;1,0373831775700935;0,28416367552045946
1,9955;11,1;1,0373831775700935;0,2843933955491744
1,9971;11,0;1,0280373831775702;0,28462311557788944
1,9987;10,9;1,0186915887850467;0,28485283560660446
2,0003;10,9;1,0186915887850467;0,2850825556353195
2,0019;10,8;1,0093457943925235;0,28531227566403444
2,0035;10,7;1,0;0,2855419956927494
2,0051;10,7;1,0;0,2857717157214645
2,0067;10,7;1,0;0,28600143575017944
2,0083;10,7;1,0;0,2862311557788945
2,0099;10,7;1,0;0,2864608758076095
2,0115;10,7;1,0;0,28669059583632445
2,0131;10,7;1,0;0,28692031586503947
2,0147;10,7;1,0;0,28715003589375443
2,0163;10,7;1,0;0,28737975592246956
2,0179;10,7;1,0;0,2876094759511845
2,0195;10,8;1,0093457943925235;0,2878391959798995
2,0211;10,9;1,0186915887850467;0,2880689160086145
2,0227;11,0;1,0280373831775702;0,28829863603732947
2,0243;11,0;1,0280373831775702;0,28852835606604454
2,0259;11,1;1,0373831775700935;0,2887580760947595
2,0275;11,1;1,0373831775700935;0,28898779612347447
2,0291;11,1;1,0373831775700935;0,2892175161521895
2,0307;11,1;1,0373831775700935;0,28944723618090445
2,0323;11,1;1,0373831775700935;0,2896769562096196
2,0339;11,0;1,0280373831775702;0,28990667623833455
2,0355;11,0;1,0280373831775702;0,2901363962670495
2,0371;11,0;1,0280373831775702;0,29036611629576453
2,0387;11,0;1,0280373831775702;0,29059583632447955
2,0403;11,1;1,0373831775700935;0,2908255563531945
2,0419;11,2;1,0467289719626167;0,29105527638190953
2,0435;11,3;1,0560747663551404;0,2912849964106245
2,0451;11,4;1,0654205607476637;0,2915147164393395
2,0467;11,5;1,074766355140187;0,2917444364680546
2,0483;11,5;1,074766355140187;0,29197415649676955
2,0499;11,5;1,074766355140187;0,2922038765254846
2,0515;11,5;1,074766355140187;0,29243359655419954
2,0531;11,5;1,074766355140187;0,2926633165829146
2,0547;11,5;1,074766355140187;0,2928930366116296
2,0563;11,4;1,0654205607476637;0,29312275664034454
2,0579;11,4;1,0654205607476637;0,29335247666905956
2,0595;11,4;1,0654205607476637;0,2935821966977745
2,0611;11,4;1,0654205607476637;0,29381191672648965
2,0627;11,5;1,074766355140187;0,2940416367552046
2,0643;11,6;1,0841121495327104;0,2942713567839196
2,0659;11,7;1,0934579439252337;0,2945010768126346
2,0675;11,9;1,1121495327102804;0,29473079684134956
2,0691;12,0;1,1214953271028039;0,29496051687006464
2,0707;12,0;1,1214953271028039;0,2951902368987796
2,0723;12,0;1,1214953271028039;0,29541995692749456
2,0739;12,0;1,1214953271028039;0,2956496769562096
2,0755;12,0;1,1214953271028039;0,29587939698492466
2,0771;12,0;1,1214953271028039;0,2961091170136397
2,0787;11,9;1,1121495327102804;0,29633883704235464
2,0803;11,9;1,1121495327102804;0,2965685570710696
2,0819;11,9;1,1121495327102804;0,2967982770997846
2,0835;12,0;1,1214953271028039;0,29702799712849964
2,0851;12,0;1,1214953271028039;0,29725771715721466
2,0867;12,0;1,1214953271028039;0,2974874371859296
2,0883;12,0;1,1214953271028039;0,2977171572146446
2,0899;12,0;1,1214953271028039;0,2979468772433596
2,0915;12,1;1,1308411214953271;0,2981765972720747
2,0931;12,1;1,1308411214953271;0,2984063173007897
2,0947;12,0;1,1214953271028039;0,29863603732950467
2,0963;12,0;1,1214953271028039;0,29886575735821963
2,0979;12,0;1,1214953271028039;0,2990954773869347
2,0995;12,1;1,1308411214953271;0,29932519741564967
2,1011;12,1;1,1308411214953271;0,2995549174443647
2,1027;12,2;1,1401869158878504;0,29978463747307965
2,1043;12,1;1,1308411214953271;0,3000143575017946
2,1059;12,1;1,1308411214953271;0,30024407753050975
2,1075;11,9;1,1121495327102804;0,3004737975592247
2,1091;11,6;1,0841121495327104;0,30070351758793973
2,1107;11,4;1,0654205607476637;0,3009332376166547
2,1123;11,1;1,0373831775700935;0,30116295764536966
2,1139;11,0;1,0280373831775702;0,30139267767408473
2,1155;10,9;1,0186915887850467;0,3016223977027997
2,1171;10,9;1,0186915887850467;0,3018521177315147
2,1187;10,9;1,0186915887850467;0,3020818377602297
2,1203;11,0;1,0280373831775702;0,30231155778894475
2,1219;11,1;1,0373831775700935;0,30254127781765977
2,1235;11,1;1,0373831775700935;0,30277099784637473
2,1251;11,2;1,0467289719626167;0,30300071787508975
2,1267;11,1;1,0373831775700935;0,3032304379038047
2,1283;11,0;1,0280373831775702;0,30346015793251974
2,1299;10,7;1,0;0,30368987796123476
2,1315;10,4;0,97196261682243;0,3039195979899497
2,1331;10,1;0,9439252336448598;0,30414931801866474
2,1347;9,9;0,9252336448598132;0,3043790380473797
2,1363;9,7;0,9065420560747663;0,3046087580760948
2,1379;9,7;0,9065420560747663;0,3048384781048098
2,1395;9,7;0,9065420560747663;0,30506819813352476
2,1411;9,7;0,9065420560747663;0,3052979181622397
2,1427;9,8;0,9158878504672898;0,3055276381909548
2,1443;9,8;0,9158878504672898;0,30575735821966976
2,1459;9,8;0,9158878504672898;0,3059870782483848
2,1475;9,8;0,9158878504672898;0,30621679827709974
2,1491;9,8;0,9158878504672898;0,3064465183058147
2,1507;9,8;0,9158878504672898;0,30667623833452984
2,1523;9,8;0,9158878504672898;0,3069059583632448
2,1539;9,8;0,9158878504672898;0,3071356783919598
2,1555;9,8;0,9158878504672898;0,3073653984206748
2,1571;9,8;0,9158878504672898;0,30759511844938975
2,1587;9,9;0,9252336448598132;0,3078248384781048
2,1603;9,9;0,9252336448598132;0,3080545585068198
2,1619;9,9;0,9252336448598132;0,3082842785355348
2,1635;9,9;0,9252336448598132;0,30851399856424977
2,1651;9,8;0,9158878504672898;0,30874371859296484
2,1667;9,8;0,9158878504672898;0,30897343862167986
2,1683;9,8;0,9158878504672898;0,3092031586503948
2,1699;9,8;0,9158878504672898;0,30943287867910985
2,1715;9,8;0,9158878504672898;0,3096625987078248
2,1731;9,9;0,9252336448598132;0,30989231873653983
2,1747;10,0;0,9345794392523366;0,31012203876525485
2,1763;10,1;0,9439252336448598;0,3103517587939698
2,1779;10,2;0,9532710280373832;0,31058147882268483
2,1795;10,3;0,9626168224299066;0,3108111988513998
2,1811;10,4;0,97196261682243;0,31104091888011487
2,1827;10,4;0,97196261682243;0,3112706389088299
2,1843;10,4;0,97196261682243;0,31150035893754485
2,1859;10,3;0,9626168224299066;0,31173007896625987
2,1875;10,3;0,9626168224299066;0,3119597989949749
2,1891;10,3;0,9626168224299066;0,31218951902368985
2,1907;10,3;0,9626168224299066;0,3124192390524049
2,1923;10,3;0,9626168224299066;0,31264895908111984
2,1939;10,3;0,9626168224299066;0,31287867910983486
2,1955;10,4;0,97196261682243;0,31310839913854993
2,1971;10,4;0,97196261682243;0,3133381191672649
2,1987;10,5;0,9813084112149534;0,3135678391959799
2,2003;10,4;0,97196261682243;0,3137975592246949
2,2019;10,3;0,9626168224299066;0,31402727925340995
2,2035;10,0;0,9345794392523366;0,3142569992821249
2,2051;9,7;0,9065420560747663;0,3144867193108399
2,2067;9,4;0,8785046728971964;0,3147164393395549
2,2083;9,2;0,8598130841121495;0,31494615936826986
2,2099;9,0;0,8411214953271029;0,315175879396985
2,2115;9,0;0,8411214953271029;0,31540559942569996
2,2131;9,0;0,8411214953271029;0,3156353194544149
2,2147;9,0;0,8411214953271029;0,31586503948312994
2,2163;9,1;0,8504672897196262;0,3160947595118449
2,2179;9,2;0,8598130841121495;0,31632447954056
2,2195;9,2;0,8598130841121495;0,31655419956927494
2,2211;9,2;0,8598130841121495;0,3167839195979899
2,2227;9,2;0,8598130841121495;0,3170136396267049
2,2243;9,0;0,8411214953271029;0,31724335965542
2,2259;8,8;0,8224299065420562;0,317473079684135
2,2275;8,5;0,7943925233644861;0,31770279971285
2,2291;8,2;0,7663551401869159;0,31793251974156495
2,2307;8,1;0,7570093457943925;0,31816223977027996
2,2323;8,0;0,7476635514018692;0,318391959798995
2,2339;8,0;0,7476635514018692;0,31862167982771
2,2355;8,0;0,7476635514018692;0,31885139985642497
2,2371;8,1;0,7570093457943925;0,31908111988513993
2,2387;8,1;0,7570093457943925;0,31931083991385495
2,2403;8,0;0,7476635514018692;0,31954055994257
2,2419;8,0;0,7476635514018692;0,319770279971285
2,2435;8,0;0,7476635514018692;0,32
2,2451;8,0;0,7476635514018692;0,32022972002871497
2,2467;8,2;0,7663551401869159;0,32045944005743005
2,2483;8,4;0,7850467289719627;0,320689160086145
2,2499;8,6;0,8037383177570093;0,32091888011486
2,2515;8,8;0,8224299065420562;0,321148600143575
2,2531;9,0;0,8411214953271029;0,32137832017228996
2,2547;9,1;0,8504672897196262;0,3216080402010051
2,2563;9,1;0,8504672897196262;0,32183776022972005
2,2579;9,0;0,8411214953271029;0,322067480258435
2,2595;9,0;0,8411214953271029;0,32229720028715003
2,2611;8,9;0,8317757009345795;0,322526920315865
2,2627;8,9;0,8317757009345795;0,32275664034458007
2,2643;8,9;0,8317757009345795;0,32298636037329503
2,2659;8,9;0,8317757009345795;0,32321608040201
2,2675;9,0;0,8411214953271029;0,323445800430725
2,2691;9,1;0,8504672897196262;0,3236755204594401
2,2707;9,3;0,869158878504673;0,3239052404881551
2,2723;9,4;0,8785046728971964;0,3241349605168701
2,2739;9,5;0,8878504672897197;0,32436468054558504
2,2755;9,6;0,897196261682243;0,32459440057430006
2,2771;9,6;0,897196261682243;0,3248241206030151
2,2787;9,6;0,897196261682243;0,3250538406317301
2,2803;9,6;0,897196261682243;0,32528356066044506
2,2819;9,6;0,897196261682243;0,32551328068916
2,2835;9,6;0,897196261682243;0,32574300071787504
2,2851;9,6;0,897196261682243;0,3259727207465901
2,2867;9,6;0,897196261682243;0,32620244077530514
2,2883;9,6;0,897196261682243;0,3264321608040201
2,2899;9,6;0,897196261682243;0,32666188083273506
2,2915;9,6;0,897196261682243;0,32689160086145014
2,2931;9,6;0,897196261682243;0,3271213208901651
2,2947;9,6;0,897196261682243;0,3273510409188801
2,2963;9,5;0,8878504672897197;0,3275807609475951
2,2979;9,6;0,897196261682243;0,32781048097631005
2,2995;9,6;0,897196261682243;0,3280402010050252
2,3011;9,6;0,897196261682243;0,32826992103374014
2,3027;9,6;0,897196261682243;0,32849964106245516
2,3043;9,5;0,8878504672897197;0,3287293610911701
2,3059;9,5;0,8878504672897197;0,3289590811198851
2,3075;9,5;0,8878504672897197;0,32918880114860016
2,3091;9,4;0,8785046728971964;0,3294185211773151
2,3107;9,5;0,8878504672897197;0,32964824120603015
2,3123;9,6;0,897196261682243;0,3298779612347451
2,3139;9,9;0,9252336448598132;0,3301076812634602
2,3155;10,1;0,9439252336448598;0,3303374012921752
2,3171;10,4;0,97196261682243;0,33056712132089017
2,3187;10,6;0,9906542056074766;0,3307968413496052
2,3203;10,6;0,9906542056074766;0,33102656137832015
2,3219;10,6;0,9906542056074766;0,33125628140703517
2,3235;10,6;0,9906542056074766;0,3314860014357502
2,3251;10,6;0,9906542056074766;0,33171572146446515
2,3267;10,6;0,9906542056074766;0,33194544149318017
2,3283;10,6;0,9906542056074766;0,33217516152189525
2,3299;10,6;0,9906542056074766;0,3324048815506102
2,3315;10,6;0,9906542056074766;0,33263460157932523
2,3331;10,6;0,9906542056074766;0,3328643216080402
2,3347;10,4;0,97196261682243;0,3330940416367552
2,3363;10,3;0,9626168224299066;0,33332376166547023
2,3379;10,0;0,9345794392523366;0,3335534816941852
2,3395;9,8;0,9158878504672898;0,3337832017229002
2,3411;9,7;0,9065420560747663;0,3340129217516152
2,3427;9,6;0,897196261682243;0,33424264178033014
2,3443;9,6;0,897196261682243;0,33447236180904527
2,3459;9,6;0,897196261682243;0,33470208183776023
2,3475;9,7;0,9065420560747663;0,33493180186647525
2,3491;9,8;0,9158878504672898;0,3351615218951902
2,3507;9,9;0,9252336448598132;0,3353912419239052
2,3523;9,9;0,9252336448598132;0,33562096195262026
2,3539;9,9;0,9252336448598132;0,3358506819813352
2,3555;9,7;0,9065420560747663;0,33608040201005024
2,3571;9,3;0,869158878504673;0,3363101220387652
2,3587;8,8;0,8224299065420562;0,3365398420674803
2,3603;8,2;0,7663551401869159;0,3367695620961953
2,3619;7,8;0,7289719626168225;0,33699928212491026
2,3635;7,5;0,7009345794392524;0,3372290021536253
2,3651;7,4;0,691588785046729;0,33745872218234024
2,3667;7,4;0,691588785046729;0,33768844221105526
2,3683;7,5;0,7009345794392524;0,3379181622397703
2,3699;7,6;0,7102803738317757;0,33814788226848524
2,3715;7,6;0,7102803738317757;0,33837760229720026
2,3731;7,6;0,7102803738317757;0,33860732232591534
2,3747;7,6;0,7102803738317757;0,3388370423546303
2,3763;7,5;0,7009345794392524;0,3390667623833453
2,3779;7,6;0,7102803738317757;0,3392964824120603
2,3795;7,7;0,7196261682242991;0,3395262024407753
2,3811;7,8;0,7289719626168225;0,3397559224694903
2,3827;7,9;0,7383177570093459;0,3399856424982053
2,3843;8,0;0,7476635514018692;0,3402153625269203
2,3859;8,1;0,7570093457943925;0,34044508255563527
2,3875;8,1;0,7570093457943925;0,3406748025843503
2,3891;8,1;0,7570093457943925;0,34090452261306536
2,3907;8,1;0,7570093457943925;0,3411342426417803
2,3923;8,1;0,7570093457943925;0,34136396267049535
2,3939;8,0;0,7476635514018692;0,3415936826992103
2,3955;8,0;0,7476635514018692;0,3418234027279254
2,3971;8,0;0,7476635514018692;0,34205312275664035
2,3987;8,1;0,7570093457943925;0,3422828427853553
2,4003;8,1;0,7570093457943925;0,34251256281407033
2,4019;8,1;0,7570093457943925;0,3427422828427853
2,4035;8,1;0,7570093457943925;0,3429720028715004
2,4051;8,1;0,7570093457943925;0,3432017229002154
2,4067;8,1;0,7570093457943925;0,34343144292893035
2,4083;8,0;0,7476635514018692;0,34366116295764537
2,4099;7,9;0,7383177570093459;0,34389088298636034
2,4115;7,8;0,7289719626168225;0,3441206030150754
2,4131;7,7;0,7196261682242991;0,3443503230437904
2,4147;7,6;0,7102803738317757;0,34458004307250534
2,4163;7,6;0,7102803738317757;0,34480976310122036
2,4179;7,6;0,7102803738317757;0,34503948312993543
2,4195;7,6;0,7102803738317757;0,34526920315865045
2,4211;7,6;0,7102803738317757;0,3454989231873654
2,4227;7,6;0,7102803738317757;0,3457286432160804
2,4243;7,5;0,7009345794392524;0,3459583632447954
2,4259;7,5;0,7009345794392524;0,3461880832735104
2,4275;7,5;0,7009345794392524;0,34641780330222544
2,4291;7,7;0,7196261682242991;0,3466475233309404
2,4307;8,0;0,7476635514018692;0,34687724335965536
2,4323;8,4;0,7850467289719627;0,3471069633883704
2,4339;8,9;0,8317757009345795;0,34733668341708546
2,4355;9,2;0,8598130841121495;0,3475664034458005
2,4371;9,5;0,8878504672897197;0,34779612347451544
2,4387;9,5;0,8878504672897197;0,3480258435032304
2,4403;9,5;0,8878504672897197;0,3482555635319455
2,4419;9,4;0,8785046728971964;0,34848528356066044
2,4435;9,3;0,869158878504673;0,3487150035893754
2,4451;9,2;0,8598130841121495;0,3489447236180904
2,4467;9,2;0,8598130841121495;0,3491744436468054
2,4483;9,2;0,8598130841121495;0,3494041636755205
2,4499;9,2;0,8598130841121495;0,3496338837042355
2,4515;9,3;0,869158878504673;0,34986360373295045
2,4531;9,5;0,8878504672897197;0,35009332376166546
2,4547;9,6;0,897196261682243;0,35032304379038043
2,4563;9,8;0,9158878504672898;0,3505527638190955
2,4579;9,9;0,9252336448598132;0,35078248384781047
2,4595;10,0;0,9345794392523366;0,35101220387652543
2,4611;10,0;0,9345794392523366;0,35124192390524045
2,4627;10,0;0,9345794392523366;0,3514716439339555
2,4643;9,9;0,9252336448598132;0,35170136396267054
2,4659;10,0;0,9345794392523366;0,3519310839913855
2,4675;10,0;0,9345794392523366;0,35216080402010047
2,4691;10,1;0,9439252336448598;0,3523905240488155
2,4707;10,2;0,9532710280373832;0,3526202440775305
2,4723;10,1;0,9439252336448598;0,35284996410624553
2,4739;9,9;0,9252336448598132;0,3530796841349605
2,4755;9,6;0,897196261682243;0,35330940416367546
2,4771;9,2;0,8598130841121495;0,3535391241923906
2,4787;8,9;0,8317757009345795;0,35376884422110555
2,4803;8,6;0,8037383177570093;0,35399856424982057
2,4819;8,5;0,7943925233644861;0,35422828427853553
2,4835;8,5;0,7943925233644861;0,3544580043072505
2,4851;8,5;0,7943925233644861;0,35468772433596557
2,4867;8,6;0,8037383177570093;0,35491744436468053
2,4883;8,6;0,8037383177570093;0,35514716439339555
2,4899;8,7;0,8130841121495327;0,3553768844221105
2,4915;8,6;0,8037383177570093;0,3556066044508255
2,4931;8,6;0,8037383177570093;0,3558363244795406
2,4947;8,6;0,8037383177570093;0,3560660445082556
2,4963;8,7;0,8130841121495327;0,3562957645369706
2,4979;8,7;0,8130841121495327;0,35652548456568556
2,4995;8,8;0,8224299065420562;0,3567552045944005
2,5011;8,8;0,8224299065420562;0,3569849246231156
2,5027;8,9;0,8317757009345795;0,35721464465183056
2,5043;8,9;0,8317757009345795;0,3574443646805456
2,5059;8,9;0,8317757009345795;0,35767408470926054
2,5075;8,9;0,8317757009345795;0,35790380473797556
2,5091;8,9;0,8317757009345795;0,35813352476669064
2,5107;8,8;0,8224299065420562;0,3583632447954056
2,5123;8,8;0,8224299065420562;0,3585929648241206
2,5139;8,8;0,8224299065420562;0,3588226848528356
2,5155;8,8;0,8224299065420562;0,35905240488155055
2,5171;8,9;0,8317757009345795;0,3592821249102656
2,5187;8,9;0,8317757009345795;0,3595118449389806
2,5203;9,0;0,8411214953271029;0,3597415649676956
2,5219;9,1;0,8504672897196262;0,3599712849964106
2,5235;9,2;0,8598130841121495;0,36020100502512564
2,5251;9,2;0,8598130841121495;0,36043072505384066
2,5267;9,3;0,869158878504673;0,3606604450825556
2,5283;9,3;0,869158878504673;0,36089016511127064
2,5299;9,2;0,8598130841121495;0,3611198851399856
2,5315;9,2;0,8598130841121495;0,3613496051687006
2,5331;9,2;0,8598130841121495;0,36157932519741565
2,5347;9,2;0,8598130841121495;0,3618090452261306
2,5363;9,2;0,8598130841121495;0,36203876525484563
2,5379;9,2;0,8598130841121495;0,3622684852835607
2,5395;9,2;0,8598130841121495;0,36249820531227567
2,5411;9,2;0,8598130841121495;0,3627279253409907
2,5427;9,2;0,8598130841121495;0,36295764536970565
2,5443;9,2;0,8598130841121495;0,3631873653984206
2,5459;9,2;0,8598130841121495;0,3634170854271357
2,5475;9,2;0,8598130841121495;0,36364680545585065
2,5491;9,2;0,8598130841121495;0,36387652548456567
2,5507;9,2;0,8598130841121495;0,36410624551328064
2,5523;9,2;0,8598130841121495;0,36433596554199565
2,5539;9,2;0,8598130841121495;0,36456568557071073
2,5555;9,2;0,8598130841121495;0,3647954055994257
2,5571;9,2;0,8598130841121495;0,3650251256281407
2,5587;9,2;0,8598130841121495;0,3652548456568557
2,5603;9,2;0,8598130841121495;0,36548456568557064
2,5619;9,2;0,8598130841121495;0,3657142857142857
2,5635;9,1;0,8504672897196262;0,3659440057430007
2,5651;9,1;0,8504672897196262;0,3661737257717157
2,5667;9,0;0,8411214953271029;0,3664034458004307
2,5683;9,0;0,8411214953271029;0,36663316582914574
2,5699;8,9;0,8317757009345795;0,36686288585786075
2,5715;8,9;0,8317757009345795;0,3670926058865757
2,5731;8,9;0,8317757009345795;0,36732232591529074
2,5747;9,0;0,8411214953271029;0,3675520459440057
2,5763;9,0;0,8411214953271029;0,3677817659727207
2,5779;9,0;0,8411214953271029;0,36801148600143574
2,5795;9,0;0,8411214953271029;0,3682412060301507
2,5811;9,0;0,8411214953271029;0,3684709260588657
2,5827;9,0;0,8411214953271029;0,3687006460875808
2,5843;9,0;0,8411214953271029;0,36893036611629576
2,5859;9,0;0,8411214953271029;0,3691600861450108
2,5875;9,0;0,8411214953271029;0,36938980617372574
2,5891;9,0;0,8411214953271029;0,36961952620244076
2,5907;8,9;0,8317757009345795;0,3698492462311558
2,5923;8,9;0,8317757009345795;0,37007896625987075
2,5939;8,8;0,8224299065420562;0,37030868628858576
2,5955;8,7;0,8130841121495327;0,37053840631730073
2,5971;8,6;0,8037383177570093;0,37076812634601586
2,5987;8,6;0,8037383177570093;0,3709978463747308
2,6003;8,6;0,8037383177570093;0,3712275664034458
2,6019;8,6;0,8037383177570093;0,3714572864321608
2,6035;8,6;0,8037383177570093;0,37168700646087577
2,6051;8,6;0,8037383177570093;0,37191672648959084
2,6067;8,6;0,8037383177570093;0,3721464465183058
2,6083;8,6;0,8037383177570093;0,37237616654702077
2,6099;8,6;0,8037383177570093;0,3726058865757358
2,6115;8,6;0,8037383177570093;0,3728356066044508
2,6131;8,6;0,8037383177570093;0,3730653266331659
2,6147;8,7;0,8130841121495327;0,37329504666188085
2,6163;8,8;0,8224299065420562;0,3735247666905958
2,6179;8,9;0,8317757009345795;0,37375448671931083
2,6195;9,0;0,8411214953271029;0,3739842067480258
2,6211;9,1;0,8504672897196262;0,37421392677674087
2,6227;9,1;0,8504672897196262;0,37444364680545583
2,6243;9,1;0,8504672897196262;0,3746733668341708
2,6259;9,1;0,8504672897196262;0,37490308686288587
2,6275;9,0;0,8411214953271029;0,3751328068916009
2,6291;9,0;0,8411214953271029;0,3753625269203159
2,6307;8,9;0,8317757009345795;0,3755922469490309
2,6323;8,9;0,8317757009345795;0,37582196697774584
2,6339;9,0;0,8411214953271029;0,37605168700646086
2,6355;9,2;0,8598130841121495;0,3762814070351759
2,6371;9,4;0,8785046728971964;0,3765111270638909
2,6387;9,7;0,9065420560747663;0,37674084709260586
2,6403;10,0;0,9345794392523366;0,3769705671213208
2,6419;10,2;0,9532710280373832;0,37720028715003595
2,6435;10,3;0,9626168224299066;0,3774300071787509
2,6451;10,3;0,9626168224299066;0,3776597272074659
2,6467;10,2;0,9532710280373832;0,3778894472361809
2,6483;10,2;0,9532710280373832;0,37811916726489586
2,6499;10,1;0,9439252336448598;0,37834888729361094
2,6515;10,0;0,9345794392523366;0,3785786073223259
2,6531;9,9;0,9252336448598132;0,37880832735104086
2,6547;10,0;0,9345794392523366;0,3790380473797559
2,6563;10,1;0,9439252336448598;0,3792677674084709
2,6579;10,4;0,97196261682243;0,379497487437186
2,6595;10,8;1,0093457943925235;0,37972720746590094
2,6611;11,2;1,0467289719626167;0,3799569274946159
2,6627;11,5;1,074766355140187;0,3801866475233309
2,6643;11,8;1,1028037383177571;0,3804163675520459
2,6659;11,8;1,1028037383177571;0,38064608758076096
2,6675;11,8;1,1028037383177571;0,3808758076094759
2,6691;11,8;1,1028037383177571;0,3811055276381909
2,6707;11,7;1,0934579439252337;0,38133524766690596
2,6723;11,7;1,0934579439252337;0,381564967695621
2,6739;11,7;1,0934579439252337;0,381794687724336
2,6755;11,7;1,0934579439252337;0,38202440775305097
2,6771;11,7;1,0934579439252337;0,38225412778176593
2,6787;11,7;1,0934579439252337;0,38248384781048095
2,6803;11,5;1,074766355140187;0,38271356783919597
2,6819;11,3;1,0560747663551404;0,382943287867911
2,6835;11,1;1,0373831775700935;0,38317300789662595
2,6851;10,9;1,0186915887850467;0,3834027279253409
2,6867;10,8;1,0093457943925235;0,38363244795405604
2,6883;10,7;1,0;0,383862167982771
2,6899;10,7;1,0;0,384091888011486
2,6915;10,8;1,0093457943925235;0,384321608040201
2,6931;10,9;1,0186915887850467;0,38455132806891595
2,6947;11,0;1,0280373831775702;0,38478104809763103
2,6963;11,1;1,0373831775700935;0,385010768126346
2,6979;11,1;1,0373831775700935;0,385240488155061
2,6995;11,0;1,0280373831775702;0,385470208183776
2,7011;10,7;1,0;0,385699928212491
2,7027;10,2;0,9532710280373832;0,38592964824120607
2,7043;9,7;0,9065420560747663;0,38615936826992103
2,7059;9,2;0,8598130841121495;0,38638908829863605
2,7075;8,8;0,8224299065420562;0,386618808327351
2,7091;8,6;0,8037383177570093;0,386848528356066
2,7107;8,6;0,8037383177570093;0,38707824838478105
2,7123;8,6;0,8037383177570093;0,387307968413496
2,7139;8,7;0,8130841121495327;0,38753768844221104
2,7155;8,9;0,8317757009345795;0,38776740847092606
2,7171;9,0;0,8411214953271029;0,3879971284996411
2,7187;9,0;0,8411214953271029;0,3882268485283561
2,7203;9,0;0,8411214953271029;0,38845656855707106
2,7219;8,9;0,8317757009345795;0,3886862885857861
2,7235;8,6;0,8037383177570093;0,38891600861450104
2,7251;8,3;0,7757009345794393;0,38914572864321606
2,7267;7,9;0,7383177570093459;0,3893754486719311
2,7283;7,6;0,7102803738317757;0,38960516870064604
2,7299;7,4;0,691588785046729;0,38983488872936106
2,7315;7,3;0,6822429906542057;0,39006460875807614
2,7331;7,3;0,6822429906542057;0,3902943287867911
2,7347;7,3;0,6822429906542057;0,3905240488155061
2,7363;7,4;0,691588785046729;0,3907537688442211
2,7379;7,4;0,691588785046729;0,39098348887293605
2,7395;7,4;0,691588785046729;0,3912132089016511
2,7411;7,4;0,691588785046729;0,3914429289303661
2,7427;7,4;0,691588785046729;0,3916726489590811
2,7443;7,4;0,691588785046729;0,39190236898779607
2,7459;7,5;0,7009345794392524;0,3921320890165111
2,7475;7,6;0,7102803738317757;0,39236180904522616
2,7491;7,8;0,7289719626168225;0,3925915290739411
2,7507;7,9;0,7383177570093459;0,39282124910265614
2,7523;8,1;0,7570093457943925;0,3930509691313711
2,7539;8,1;0,7570093457943925;0,39328068916008607
2,7555;8,1;0,7570093457943925;0,39351040918880115
2,7571;8,1;0,7570093457943925;0,3937401292175161
2,7587;8,0;0,7476635514018692;0,39396984924623113
2,7603;8,0;0,7476635514018692;0,39419956927494615
2,7619;7,9;0,7383177570093459;0,39442928930366117
2,7635;7,9;0,7383177570093459;0,3946590093323762
2,7651;7,9;0,7383177570093459;0,39488872936109115
2,7667;8,1;0,7570093457943925;0,39511844938980617
2,7683;8,3;0,7757009345794393;0,39534816941852113
2,7699;8,7;0,8130841121495327;0,39557788944723615
2,7715;9,0;0,8411214953271029;0,39580760947595117
2,7731;9,3;0,869158878504673;0,39603732950466614
2,7747;9,4;0,8785046728971964;0,3962670495333812
2,7763;9,5;0,8878504672897197;0,39649676956209623
2,7779;9,5;0,8878504672897197;0,3967264895908112
2,7795;9,4;0,8785046728971964;0,3969562096195262
2,7811;9,4;0,8785046728971964;0,3971859296482412
2,7827;9,3;0,869158878504673;0,3974156496769562
2,7843;9,3;0,869158878504673;0,3976453697056712
2,7859;9,3;0,869158878504673;0,3978750897343862
2,7875;9,3;0,869158878504673;0,3981048097631012
2,7891;9,4;0,8785046728971964;0,39833452979181616
2,7907;9,4;0,8785046728971964;0,3985642498205313
2,7923;9,4;0,8785046728971964;0,39879396984924625
2,7939;9,4;0,8785046728971964;0,3990236898779612
2,7955;9,4;0,8785046728971964;0,39925340990667624
2,7971;9,4;0,8785046728971964;0,3994831299353912
2,7987;9,4;0,8785046728971964;0,3997128499641063
2,8003;9,4;0,8785046728971964;0,39994256999282124
2,8019;9,4;0,8785046728971964;0,4001722900215362
2,8035;9,4;0,8785046728971964;0,4004020100502512
2,8051;9,4;0,8785046728971964;0,40063173007896624
2,8067;9,4;0,8785046728971964;0,4008614501076813
2,8083;9,4;0,8785046728971964;0,4010911701363963
2,8099;9,4;0,8785046728971964;0,40132089016511124
2,8115;9,5;0,8878504672897197;0,40155061019382626
2,8131;9,5;0,8878504672897197;0,4017803302225412
2,8147;9,5;0,8878504672897197;0,4020100502512563
2,8163;9,5;0,8878504672897197;0,40223977027997126
2,8179;9,4;0,8785046728971964;0,40246949030868623
2,8195;9,3;0,869158878504673;0,4026992103374013
2,8211;9,0;0,8411214953271029;0,4029289303661163
2,8227;8,8;0,8224299065420562;0,40315865039483134
2,8243;8,6;0,8037383177570093;0,4033883704235463
2,8259;8,5;0,7943925233644861;0,40361809045226127
2,8275;8,5;0,7943925233644861;0,4038478104809763
2,8291;8,5;0,7943925233644861;0,4040775305096913
2,8307;8,5;0,7943925233644861;0,4043072505384063
2,8323;8,6;0,8037383177570093;0,4045369705671213
2,8339;8,6;0,8037383177570093;0,40476669059583625
2,8355;8,6;0,8037383177570093;0,4049964106245514
2,8371;8,6;0,8037383177570093;0,40522613065326635
2,8387;8,6;0,8037383177570093;0,4054558506819813
2,8403;8,6;0,8037383177570093;0,40568557071069633
2,8419;8,6;0,8037383177570093;0,4059152907394113
2,8435;8,7;0,8130841121495327;0,40614501076812637
2,8451;8,7;0,8130841121495327;0,40637473079684133
2,8467;8,8;0,8224299065420562;0,4066044508255563
2,8483;8,8;0,8224299065420562;0,4068341708542713
2,8499;8,8;0,8224299065420562;0,40706389088298633
2,8515;8,8;0,8224299065420562;0,4072936109117014
2,8531;8,8;0,8224299065420562;0,4075233309404164
2,8547;8,8;0,8224299065420562;0,40775305096913134
2,8563;8,8;0,8224299065420562;0,40798277099784636
2,8579;8,8;0,8224299065420562;0,4082124910265613
2,8595;8,8;0,8224299065420562;0,4084422110552764
2,8611;8,8;0,8224299065420562;0,40867193108399136
2,8627;8,8;0,8224299065420562;0,4089016511127063
2,8643;8,8;0,8224299065420562;0,4091313711414214
2,8659;8,8;0,8224299065420562;0,4093610911701364
2,8675;8,8;0,8224299065420562;0,40959081119885143
2,8691;8,8;0,8224299065420562;0,4098205312275664
2,8707;8,8;0,8224299065420562;0,41005025125628136
2,8723;8,8;0,8224299065420562;0,4102799712849964
2,8739;8,8;0,8224299065420562;0,4105096913137114
2,8755;8,8;0,8224299065420562;0,4107394113424264
2,8771;8,8;0,8224299065420562;0,4109691313711414
2,8787;8,8;0,8224299065420562;0,41119885139985635
2,8803;8,8;0,8224299065420562;0,4114285714285715
2,8819;8,8;0,8224299065420562;0,41165829145728644
2,8835;8,8;0,8224299065420562;0,41188801148600146
2,8851;8,8;0,8224299065420562;0,4121177315147164
2,8867;8,8;0,8224299065420562;0,4123474515434314
2,8883;8,8;0,8224299065420562;0,41257717157214646
2,8899;8,8;0,8224299065420562;0,4128068916008614
2,8915;8,8;0,8224299065420562;0,41303661162957644
2,8931;8,8;0,8224299065420562;0,4132663316582914
2,8947;8,8;0,8224299065420562;0,4134960516870064
2,8963;8,8;0,8224299065420562;0,4137257717157215
2,8979;8,8;0,8224299065420562;0,41395549174443647
2,8995;8,8;0,8224299065420562;0,4141852117731515
2,9011;8,8;0,8224299065420562;0,41441493180186645
2,9027;8,8;0,8224299065420562;0,4146446518305814
2,9043;8,8;0,8224299065420562;0,4148743718592965
2,9059;8,8;0,8224299065420562;0,41510409188801145
2,9075;8,9;0,8317757009345795;0,41533381191672647
2,9091;8,9;0,8317757009345795;0,4155635319454415
2,9107;9,0;0,8411214953271029;0,4157932519741565
2,9123;9,0;0,8411214953271029;0,4160229720028715
2,9139;9,1;0,8504672897196262;0,4162526920315865
2,9155;9,1;0,8504672897196262;0,4164824120603015
2,9171;9,1;0,8504672897196262;0,4167121320890165
2,9187;9,1;0,8504672897196262;0,4169418521177315
2,9203;9,0;0,8411214953271029;0,4171715721464465
2,9219;9,0;0,8411214953271029;0,4174012921751615
2,9235;9,0;0,8411214953271029;0,41763101220387655
2,9251;9,0;0,8411214953271029;0,41786073223259157
2,9267;9,0;0,8411214953271029;0,41809045226130653
2,9283;9,1;0,8504672897196262;0,41832017229002155
2,9299;9,1;0,8504672897196262;0,4185498923187365
2,9315;9,1;0,8504672897196262;0,41877961234745154
2,9331;9,2;0,8598130841121495;0,41900933237616655
2,9347;9,2;0,8598130841121495;0,4192390524048815
2,9363;9,2;0,8598130841121495;0,41946877243359654
2,9379;9,2;0,8598130841121495;0,4196984924623115
2,9395;9,2;0,8598130841121495;0,4199282124910265
2,9411;9,2;0,8598130841121495;0,4201579325197416
2,9427;9,2;0,8598130841121495;0,42038765254845656
2,9443;9,2;0,8598130841121495;0,4206173725771716
2,9459;9,2;0,8598130841121495;0,42084709260588654
2,9475;9,2;0,8598130841121495;0,4210768126346015
2,9491;9,2;0,8598130841121495;0,4213065326633166
2,9507;9,2;0,8598130841121495;0,42153625269203154
2,9523;9,3;0,869158878504673;0,42176597272074656
2,9539;9,4;0,8785046728971964;0,4219956927494616
2,9555;9,5;0,8878504672897197;0,4222254127781766
2,9571;9,5;0,8878504672897197;0,4224551328068916
2,9587;9,6;0,897196261682243;0,4226848528356066
2,9603;9,6;0,897196261682243;0,4229145728643216
2,9619;9,6;0,897196261682243;0,42314429289303657
2,9635;9,6;0,897196261682243;0,4233740129217516
2,9651;9,5;0,8878504672897197;0,4236037329504666
2,9667;9,5;0,8878504672897197;0,42383345297918157
2,9683;9,5;0,8878504672897197;0,42406317300789664
2,9699;9,5;0,8878504672897197;0,42429289303661166
2,9715;9,5;0,8878504672897197;0,4245226130653266
2,9731;9,6;0,897196261682243;0,42475233309404165
2,9747;9,7;0,9065420560747663;0,4249820531227566
2,9763;9,8;0,9158878504672898;0,42521177315147163
2,9779;9,8;0,9158878504672898;0,42544149318018665
2,9795;9,9;0,9252336448598132;0,4256712132089016
2,9811;9,9;0,9252336448598132;0,42590093323761663
2,9827;9,9;0,9252336448598132;0,4261306532663316
2,9843;9,9;0,9252336448598132;0,4263603732950467
2,9859;9,9;0,9252336448598132;0,4265900933237617
2,9875;9,9;0,9252336448598132;0,42681981335247665
2,9891;9,9;0,9252336448598132;0,42704953338119167
2,9907;9,9;0,9252336448598132;0,42727925340990663
2,9923;9,9;0,9252336448598132;0,4275089734386217
2,9939;9,9;0,9252336448598132;0,4277386934673367
2,9955;9,9;0,9252336448598132;0,42796841349605164
2,9971;10,0;0,9345794392523366;0,42819813352476666
2,9987;10,0;0,9345794392523366;0,4284278535534817
3,0003;9,9;0,9252336448598132;0,42865757358219675
3,0019;9,8;0,9158878504672898;0,4288872936109117
3,0035;9,7;0,9065420560747663;0,4291170136396267
3,0051;9,5;0,8878504672897197;0,4293467336683417
3,0067;9,3;0,869158878504673;0,42957645369705666
3,0083;9,1;0,8504672897196262;0,42980617372577173
3,0099;9,1;0,8504672897196262;0,4300358937544867
3,0115;9,1;0,8504672897196262;0,43026561378320166
3,0131;9,1;0,8504672897196262;0,43049533381191674
3,0147;9,1;0,8504672897196262;0,43072505384063176
3,0163;9,1;0,8504672897196262;0,4309547738693468
3,0179;9,1;0,8504672897196262;0,43118449389806174
3,0195;9,1;0,8504672897196262;0,4314142139267767
3,0211;9,1;0,8504672897196262;0,4316439339554917
3,0227;9,1;0,8504672897196262;0,43187365398420674
3,0243;9,2;0,8598130841121495;0,43210337401292176
3,0259;9,4;0,8785046728971964;0,4323330940416367
3,0275;9,5;0,8878504672897197;0,4325628140703517
3,0291;9,7;0,9065420560747663;0,4327925340990668
3,0307;9,8;0,9158878504672898;0,4330222541277818
3,0323;9,8;0,9158878504672898;0,4332519741564968
3,0339;9,8;0,9158878504672898;0,43348169418521176
3,0355;9,7;0,9065420560747663;0,4337114142139267
3,0371;9,7;0,9065420560747663;0,4339411342426418
3,0387;9,8;0,9158878504672898;0,43417085427135677
3,0403;9,9;0,9252336448598132;0,43440057430007173
3,0419;10,0;0,9345794392523366;0,43463029432878675
3,0435;10,0;0,9345794392523366;0,43486001435750177
3,0451;9,8;0,9158878504672898;0,43508973438621684
3,0467;9,3;0,869158878504673;0,4353194544149318
3,0483;8,7;0,8130841121495327;0,43554917444364677
3,0499;8,1;0,7570093457943925;0,4357788944723618
3,0515;7,5;0,7009345794392524;0,43600861450107675
3,0531;7,1;0,6635514018691588;0,4362383345297918
3,0547;7,0;0,6542056074766356;0,4364680545585068
3,0563;7,0;0,6542056074766356;0,43669777458722175
3,0579;7,1;0,6635514018691588;0,43692749461593683
3,0595;7,2;0,6728971962616823;0,43715721464465185
3,0611;7,3;0,6822429906542057;0,43738693467336687
3,0627;7,3;0,6822429906542057;0,43761665470208183
3,0643;7,3;0,6822429906542057;0,4378463747307968
3,0659;7,3;0,6822429906542057;0,4380760947595118
3,0675;7,2;0,6728971962616823;0,43830581478822683
3,0691;7,3;0,6822429906542057;0,43853553481694185
3,0707;7,3;0,6822429906542057;0,4387652548456568
3,0723;7,3;0,6822429906542057;0,43899497487437183
3,0739;7,4;0,691588785046729;0,4392246949030869
3,0755;7,4;0,691588785046729;0,4394544149318019
3,0771;7,5;0,7009345794392524;0,4396841349605169
3,0787;7,5;0,7009345794392524;0,43991385498923186
3,0803;7,5;0,7009345794392524;0,4401435750179468
3,0819;7,4;0,691588785046729;0,4403732950466619
3,0835;5,5;0,5140186915887851;0,44060301507537686
3,0851;7,2;0,6728971962616823;0,4408327351040919
3,0867;7,2;0,6728971962616823;0,44106245513280684
3,0883;7,3;0,6822429906542057;0,44129217516152186
3,0899;7,5;0,7009345794392524;0,44152189519023693
3,0915;8,0;0,7476635514018692;0,4417516152189519
3,0931;8,5;0,7943925233644861;0,4419813352476669
3,0947;9,0;0,8411214953271029;0,4422110552763819
3,0963;9,4;0,8785046728971964;0,44244077530509685
3,0979;9,6;0,897196261682243;0,4426704953338119
3,0995;9,6;0,897196261682243;0,4429002153625269
3,1011;9,5;0,8878504672897197;0,4431299353912419
3,1027;9,5;0,8878504672897197;0,4433596554199569
3,1043;9,4;0,8785046728971964;0,44358937544867194
3,1059;9,4;0,8785046728971964;0,44381909547738696
3,1075;9,5;0,8878504672897197;0,4440488155061019
3,1091;9,5;0,8878504672897197;0,44427853553481694
3,1107;9,4;0,8785046728971964;0,4445082555635319
3,1123;9,3;0,869158878504673;0,4447379755922469
3,1139;9,1;0,8504672897196262;0,44496769562096194
3,1155;8,8;0,8224299065420562;0,4451974156496769
3,1171;8,5;0,7943925233644861;0,445427135678392
3,1187;8,4;0,7850467289719627;0,445656855707107
3,1203;8,3;0,7757009345794393;0,44588657573582197
3,1219;8,3;0,7757009345794393;0,446116295764537
3,1235;8,3;0,7757009345794393;0,44634601579325195
3,1251;8,3;0,7757009345794393;0,44657573582196697
3,1267;8,4;0,7850467289719627;0,446805455850682
3,1283;8,4;0,7850467289719627;0,44703517587939695
3,1299;8,3;0,7757009345794393;0,44726489590811197
3,1315;8,3;0,7757009345794393;0,44749461593682693
3,1331;8,4;0,7850467289719627;0,44772433596554206
3,1347;8,4;0,7850467289719627;0,447954055994257
3,1363;8,6;0,8037383177570093;0,448183776022972
3,1379;8,7;0,8130841121495327;0,448413496051687
3,1395;8,9;0,8317757009345795;0,448643216080402
3,1411;8,9;0,8317757009345795;0,44887293610911694
3,1427;9,0;0,8411214953271029;0,449102656137832
3,1443;9,0;0,8411214953271029;0,449332376166547
3,1459;8,9;0,8317757009345795;0,449562096195262
3,1475;8,9;0,8317757009345795;0,449791816223977
3,1491;8,9;0,8317757009345795;0,45002153625269203
3,1507;8,9;0,8317757009345795;0,45025125628140705
3,1523;9,0;0,8411214953271029;0,450480976310122
3,1539;9,0;0,8411214953271029;0,45071069633883704
3,1555;8,9;0,8317757009345795;0,450940416367552
3,1571;8,8;0,8224299065420562;0,451170136396267
3,1587;8,7;0,8130841121495327;0,45139985642498204
3,1603;8,6;0,8037383177570093;0,451629576453697
3,1619;8,5;0,7943925233644861;0,4518592964824121
3,1635;8,4;0,7850467289719627;0,4520890165111271
3,1651;8,4;0,7850467289719627;0,45231873653984206
3,1667;8,4;0,7850467289719627;0,4525484565685571
3,1683;8,4;0,7850467289719627;0,45277817659727204
3,1699;8,4;0,7850467289719627;0,45300789662598706
3,1715;8,4;0,7850467289719627;0,4532376166547021
3,1731;8,5;0,7943925233644861;0,45346733668341704
3,1747;8,5;0,7943925233644861;0,45369705671213206
3,1763;8,4;0,7850467289719627;0,453926776740847
3,1779;8,4;0,7850467289719627;0,45415649676956216
3,1795;8,3;0,7757009345794393;0,4543862167982771
3,1811;8,2;0,7663551401869159;0,4546159368269921
3,1827;8,1;0,7570093457943925;0,4548456568557071
3,1843;8,1;0,7570093457943925;0,45507537688442207
3,1859;8,0;0,7476635514018692;0,45530509691313714
3,1875;8,0;0,7476635514018692;0,4555348169418521
3,1891;8,0;0,7476635514018692;0,45576453697056707
3,1907;8,0;0,7476635514018692;0,4559942569992821
3,1923;8,0;0,7476635514018692;0,4562239770279971
3,1939;8,1;0,7570093457943925;0,4564536970567122
3,1955;8,1;0,7570093457943925;0,45668341708542715
3,1971;8,1;0,7570093457943925;0,4569131371141421
3,1987;8,0;0,7476635514018692;0,45714285714285713
3,2003;8,0;0,7476635514018692;0,4573725771715721
3,2019;8,0;0,7476635514018692;0,45760229720028717
3,2035;8,0;0,7476635514018692;0,45783201722900213
3,2051;8,0;0,7476635514018692;0,4580617372577171
3,2067;8,0;0,7476635514018692;0,45829145728643217
3,2083;8,1;0,7570093457943925;0,4585211773151472
3,2099;8,2;0,7663551401869159;0,4587508973438622
3,2115;8,3;0,7757009345794393;0,45898061737257717
3,2131;8,4;0,7850467289719627;0,45921033740129213
3,2147;8,5;0,7943925233644861;0,45944005743000715
3,2163;8,5;0,7943925233644861;0,4596697774587222
3,2179;8,5;0,7943925233644861;0,4598994974874372
3,2195;8,5;0,7943925233644861;0,46012921751615216
3,2211;8,5;0,7943925233644861;0,4603589375448672
3,2227;8,4;0,7850467289719627;0,46058865757358225
3,2243;8,4;0,7850467289719627;0,4608183776022972
3,2259;8,4;0,7850467289719627;0,46104809763101223
3,2275;8,4;0,7850467289719627;0,4612778176597272
3,2291;8,5;0,7943925233644861;0,46150753768844216
3,2307;8,5;0,7943925233644861;0,46173725771715723
3,2323;8,6;0,8037383177570093;0,4619669777458722
3,2339;8,7;0,8130841121495327;0,4621966977745872
3,2355;8,8;0,8224299065420562;0,4624264178033022
3,2371;8,8;0,8224299065420562;0,4626561378320172
3,2387;8,8;0,8224299065420562;0,4628858578607323
3,2403;8,8;0,8224299065420562;0,46311557788944724
3,2419;8,8;0,8224299065420562;0,4633452979181622
3,2435;8,8;0,8224299065420562;0,4635750179468772
3,2451;8,8;0,8224299065420562;0,4638047379755922
3,2467;8,8;0,8224299065420562;0,46403445800430726
3,2483;8,8;0,8224299065420562;0,4642641780330222
3,2499;8,8;0,8224299065420562;0,4644938980617372
3,2515;8,7;0,8130841121495327;0,46472361809045226
3,2531;8,5;0,7943925233644861;0,4649533381191673
3,2547;8,3;0,7757009345794393;0,4651830581478823
3,2563;8,1;0,7570093457943925;0,46541277817659726
3,2579;7,9;0,7383177570093459;0,4656424982053122
3,2595;7,8;0,7289719626168225;0,46587221823402725
3,2611;7,8;0,7289719626168225;0,46610193826274227
3,2627;7,8;0,7289719626168225;0,4663316582914573
3,2643;7,9;0,7383177570093459;0,46656137832017225
3,2659;7,9;0,7383177570093459;0,46679109834888727
3,2675;8,0;0,7476635514018692;0,46702081837760234
3,2691;8,0;0,7476635514018692;0,4672505384063173
3,2707;8,0;0,7476635514018692;0,4674802584350323
3,2723;7,9;0,7383177570093459;0,4677099784637473
3,2739;7,9;0,7383177570093459;0,46793969849246225
3,2755;7,8;0,7289719626168225;0,4681694185211773
3,2771;7,7;0,7196261682242991;0,4683991385498923
3,2787;7,6;0,7102803738317757;0,4686288585786073
3,2803;7,6;0,7102803738317757;0,4688585786073223
3,2819;7,6;0,7102803738317757;0,4690882986360373
3,2835;7,6;0,7102803738317757;0,46931801866475237
3,2851;7,6;0,7102803738317757;0,46954773869346733
3,2867;7,6;0,7102803738317757;0,46977745872218235
3,2883;7,6;0,7102803738317757;0,4700071787508973
3,2899;7,6;0,7102803738317757;0,4702368987796123
3,2915;7,6;0,7102803738317757;0,47046661880832735
3,2931;7,6;0,7102803738317757;0,4706963388370423
3,2947;7,6;0,7102803738317757;0,47092605886575734
3,2963;7,6;0,7102803738317757;0,47115577889447235
3,2979;7,6;0,7102803738317757;0,4713854989231874
3,2995;7,7;0,7196261682242991;0,4716152189519024
3,3011;7,7;0,7196261682242991;0,47184493898061736
3,3027;7,7;0,7196261682242991;0,4720746590093324
3,3043;7,7;0,7196261682242991;0,47230437903804734
3,3059;7,7;0,7196261682242991;0,47253409906676236
3,3075;7,7;0,7196261682242991;0,4727638190954774
3,3091;7,7;0,7196261682242991;0,47299353912419234
3,3107;7,7;0,7196261682242991;0,4732232591529074
3,3123;7,6;0,7102803738317757;0,47345297918162244
3,3139;7,6;0,7102803738317757;0,4736826992103374
3,3155;7,7;0,7196261682242991;0,4739124192390524
3,3171;7,7;0,7196261682242991;0,4741421392677674
3,3187;7,8;0,7289719626168225;0,4743718592964824
3,3203;7,8;0,7289719626168225;0,4746015793251974
3,3219;7,9;0,7383177570093459;0,4748312993539124
3,3235;8,0;0,7476635514018692;0,4750610193826274
3,3251;8,0;0,7476635514018692;0,47529073941134237
3,3267;8,0;0,7476635514018692;0,4755204594400575
3,3283;8,0;0,7476635514018692;0,47575017946877246
3,3299;8,0;0,7476635514018692;0,4759798994974874
3,3315;8,0;0,7476635514018692;0,47620961952620244
3,3331;8,0;0,7476635514018692;0,4764393395549174
3,3347;8,0;0,7476635514018692;0,4766690595836325
3,3363;8,0;0,7476635514018692;0,47689877961234745
3,3379;8,0;0,7476635514018692;0,4771284996410624
3,3395;8,0;0,7476635514018692;0,47735821966977743
3,3411;8,1;0,7570093457943925;0,47758793969849245
3,3427;8,2;0,7663551401869159;0,47781765972720747
3,3443;8,3;0,7757009345794393;0,4780473797559225
3,3459;8,4;0,7850467289719627;0,47827709978463745
3,3475;8,4;0,7850467289719627;0,47850681981335247
3,3491;8,4;0,7850467289719627;0,47873653984206743
3,3507;8,4;0,7850467289719627;0,47896625987078245
3,3523;8,4;0,7850467289719627;0,47919597989949747
3,3539;8,4;0,7850467289719627;0,47942569992821243
3,3555;8,4;0,7850467289719627;0,4796554199569275
3,3571;8,4;0,7850467289719627;0,47988513998564253
3,3587;8,4;0,7850467289719627;0,4801148600143575
3,3603;8,4;0,7850467289719627;0,4803445800430725
3,3619;8,4;0,7850467289719627;0,4805743000717875
3,3635;8,4;0,7850467289719627;0,4808040201005025
3,3651;8,3;0,7757009345794393;0,4810337401292175
3,3667;8,3;0,7757009345794393;0,4812634601579325
3,3683;8,3;0,7757009345794393;0,4814931801866475
3,3699;8,3;0,7757009345794393;0,4817229002153625
3,3715;8,3;0,7757009345794393;0,4819526202440776
3,3731;8,3;0,7757009345794393;0,48218234027279255
3,3747;8,3;0,7757009345794393;0,4824120603015075
3,3763;8,3;0,7757009345794393;0,48264178033022254
3,3779;8,3;0,7757009345794393;0,4828715003589375
3,3795;8,3;0,7757009345794393;0,4831012203876526
3,3811;8,3;0,7757009345794393;0,48333094041636754
3,3827;8,3;0,7757009345794393;0,4835606604450825
3,3843;8,3;0,7757009345794393;0,4837903804737975
3,3859;8,3;0,7757009345794393;0,48402010050251254
3,3875;8,3;0,7757009345794393;0,4842498205312276
3,3891;8,3;0,7757009345794393;0,4844795405599426
3,3907;8,3;0,7757009345794393;0,48470926058865754
3,3923;8,4;0,7850467289719627;0,48493898061737256
3,3939;8,4;0,7850467289719627;0,4851687006460875
3,3955;8,4;0,7850467289719627;0,4853984206748026
3,3971;8,5;0,7943925233644861;0,48562814070351756
3,3987;8,5;0,7943925233644861;0,4858578607322325
3,4003;8,5;0,7943925233644861;0,4860875807609476
3,4019;8,6;0,8037383177570093;0,4863173007896626
3,4035;8,5;0,7943925233644861;0,48654702081837764
3,4051;8,5;0,7943925233644861;0,4867767408470926
3,4067;8,4;0,7850467289719627;0,48700646087580757
3,4083;8,3;0,7757009345794393;0,4872361809045226
3,4099;8,3;0,7757009345794393;0,4874659009332376
3,4115;8,4;0,7850467289719627;0,4876956209619526
3,4131;8,7;0,8130841121495327;0,4879253409906676
3,4147;9,0;0,8411214953271029;0,4881550610193826
3,4163;9,4;0,8785046728971964;0,4883847810480977
3,4179;9,8;0,9158878504672898;0,48861450107681265
3,4195;10,1;0,9439252336448598;0,48884422110552767
3,4211;10,3;0,9626168224299066;0,48907394113424263
3,4227;10,3;0,9626168224299066;0,4893036611629576
3,4243;10,2;0,9532710280373832;0,48953338119167267
3,4259;10,1;0,9439252336448598;0,48976310122038763
3,4275;10,1;0,9439252336448598;0,48999282124910265
3,4291;10,0;0,9345794392523366;0,4902225412778176
3,4307;10,0;0,9345794392523366;0,49045226130653263
3,4323;10,0;0,9345794392523366;0,4906819813352477
3,4339;10,1;0,9439252336448598;0,49091170136396267
3,4355;10,2;0,9532710280373832;0,4911414213926777
3,4371;10,3;0,9626168224299066;0,49137114142139265
3,4387;10,4;0,97196261682243;0,4916008614501076
3,4403;10,5;0,9813084112149534;0,4918305814788227
3,4419;10,5;0,9813084112149534;0,49206030150753766
3,4435;10,5;0,9813084112149534;0,4922900215362526
3,4451;10,5;0,9813084112149534;0,4925197415649677
3,4467;10,5;0,9813084112149534;0,4927494615936827
3,4483;10,5;0,9813084112149534;0,49297918162239773
3,4499;10,6;0,9906542056074766;0,4932089016511127
3,4515;10,6;0,9906542056074766;0,49343862167982766
3,4531;10,6;0,9906542056074766;0,4936683417085427
3,4547;10,6;0,9906542056074766;0,4938980617372577
3,4563;10,5;0,9813084112149534;0,4941277817659727
3,4579;10,3;0,9626168224299066;0,4943575017946877
3,4595;10,0;0,9345794392523366;0,4945872218234027
3,4611;9,7;0,9065420560747663;0,4948169418521178
3,4627;9,4;0,8785046728971964;0,49504666188083274
3,4643;9,2;0,8598130841121495;0,49527638190954776
3,4659;9,1;0,8504672897196262;0,4955061019382627
3,4675;9,1;0,8504672897196262;0,4957358219669777
3,4691;9,2;0,8598130841121495;0,49596554199569276
3,4707;9,3;0,869158878504673;0,4961952620244077
3,4723;9,4;0,8785046728971964;0,49642498205312274
3,4739;9,4;0,8785046728971964;0,4966547020818377
3,4755;9,4;0,8785046728971964;0,4968844221105527
3,4771;9,4;0,8785046728971964;0,4971141421392678
3,4787;9,2;0,8598130841121495;0,49734386216798276
3,4803;9,0;0,8411214953271029;0,4975735821966978
3,4819;8,8;0,8224299065420562;0,49780330222541275
3,4835;8,5;0,7943925233644861;0,4980330222541277
3,4851;8,3;0,7757009345794393;0,4982627422828428
3,4867;8,2;0,7663551401869159;0,49849246231155775
3,4883;8,2;0,7663551401869159;0,49872218234027277
3,4899;8,2;0,7663551401869159;0,4989519023689878
3,4915;8,2;0,7663551401869159;0,4991816223977028
3,4931;8,3;0,7757009345794393;0,4994113424264178
3,4947;8,3;0,7757009345794393;0,4996410624551328
3,4963;8,3;0,7757009345794393;0,4998707824838478
3,4979;8,3;0,7757009345794393;0,5001005025125628
3,4995;8,3;0,7757009345794393;0,5003302225412778
3,5011;8,3;0,7757009345794393;0,5005599425699928
3,5027;8,3;0,7757009345794393;0,5007896625987077
3,5043;8,3;0,7757009345794393;0,5010193826274228
3,5059;8,3;0,7757009345794393;0,5012491026561379
3,5075;8,3;0,7757009345794393;0,5014788226848528
3,5091;8,4;0,7850467289719627;0,5017085427135678
3,5107;8,4;0,7850467289719627;0,5019382627422828
3,5123;8,4;0,7850467289719627;0,5021679827709978
3,5139;8,3;0,7757009345794393;0,5023977027997129
3,5155;8,3;0,7757009345794393;0,5026274228284278
3,5171;8,3;0,7757009345794393;0,5028571428571428
3,5187;8,3;0,7757009345794393;0,5030868628858579
3,5203;8,3;0,7757009345794393;0,5033165829145729
3,5219;8,3;0,7757009345794393;0,5035463029432878
3,5235;8,4;0,7850467289719627;0,5037760229720029
3,5251;8,5;0,7943925233644861;0,5040057430007179
3,5267;8,6;0,8037383177570093;0,5042354630294329
3,5283;8,7;0,8130841121495327;0,5044651830581479
3,5299;8,8;0,8224299065420562;0,5046949030868628
3,5315;8,8;0,8224299065420562;0,5049246231155778
3,5331;8,8;0,8224299065420562;0,5051543431442929
3,5347;8,8;0,8224299065420562;0,5053840631730079
3,5363;8,8;0,8224299065420562;0,5056137832017229
3,5379;8,8;0,8224299065420562;0,5058435032304379
3,5395;8,9;0,8317757009345795;0,5060732232591528
3,5411;8,9;0,8317757009345795;0,506302943287868
3,5427;8,9;0,8317757009345795;0,5065326633165829
3,5443;8,8;0,8224299065420562;0,5067623833452979
3,5459;8,5;0,7943925233644861;0,5069921033740129
3,5475;8,2;0,7663551401869159;0,5072218234027278
3,5491;7,9;0,7383177570093459;0,5074515434314429
3,5507;7,6;0,7102803738317757;0,507681263460158
3,5523;7,5;0,7009345794392524;0,5079109834888729
3,5539;7,4;0,691588785046729;0,5081407035175879
3,5555;7,4;0,691588785046729;0,5083704235463029
3,5571;7,5;0,7009345794392524;0,5086001435750179
3,5587;7,5;0,7009345794392524;0,508829863603733
3,5603;7,6;0,7102803738317757;0,5090595836324479
3,5619;7,6;0,7102803738317757;0,5092893036611629
3,5635;7,6;0,7102803738317757;0,509519023689878
3,5651;7,6;0,7102803738317757;0,509748743718593
3,5667;7,5;0,7009345794392524;0,5099784637473079
3,5683;7,4;0,691588785046729;0,510208183776023
3,5699;7,4;0,691588785046729;0,510437903804738
3,5715;7,3;0,6822429906542057;0,510667623833453
3,5731;7,3;0,6822429906542057;0,510897343862168
3,5747;7,2;0,6728971962616823;0,5111270638908829
3,5763;7,2;0,6728971962616823;0,5113567839195979
3,5779;7,2;0,6728971962616823;0,511586503948313
3,5795;7,2;0,6728971962616823;0,511816223977028
3,5811;7,3;0,6822429906542057;0,512045944005743
3,5827;7,3;0,6822429906542057;0,512275664034458
3,5843;7,3;0,6822429906542057;0,5125053840631729
3,5859;7,3;0,6822429906542057;0,512735104091888
3,5875;7,3;0,6822429906542057;0,512964824120603
3,5891;7,2;0,6728971962616823;0,513194544149318
3,5907;7,2;0,6728971962616823;0,513424264178033
3,5923;7,2;0,6728971962616823;0,5136539842067479
3,5939;7,2;0,6728971962616823;0,513883704235463
3,5955;7,3;0,6822429906542057;0,514113424264178
3,5971;7,4;0,691588785046729;0,5143431442928931
3,5987;7,5;0,7009345794392524;0,514572864321608
3,6003;7,7;0,7196261682242991;0,514802584350323
3,6019;7,9;0,7383177570093459;0,515032304379038
3,6035;8,0;0,7476635514018692;0,515262024407753
3,6051;8,0;0,7476635514018692;0,5154917444364681
3,6067;8,0;0,7476635514018692;0,515721464465183
3,6083;8,0;0,7476635514018692;0,5159511844938981
3,6099;7,9;0,7383177570093459;0,5161809045226131
3,6115;7,9;0,7383177570093459;0,516410624551328
3,6131;7,8;0,7289719626168225;0,516640344580043
3,6147;7,8;0,7289719626168225;0,5168700646087581
3,6163;7,9;0,7383177570093459;0,5170997846374731
3,6179;8,0;0,7476635514018692;0,5173295046661881
3,6195;8,1;0,7570093457943925;0,517559224694903
3,6211;8,4;0,7850467289719627;0,517788944723618
3,6227;8,6;0,8037383177570093;0,518018664752333
3,6243;8,8;0,8224299065420562;0,5182483847810481
3,6259;8,9;0,8317757009345795;0,5184781048097631
3,6275;9,0;0,8411214953271029;0,5187078248384781
3,6291;9,0;0,8411214953271029;0,5189375448671931
3,6307;8,9;0,8317757009345795;0,5191672648959081
3,6323;8,9;0,8317757009345795;0,519396984924623
3,6339;8,8;0,8224299065420562;0,5196267049533381
3,6355;8,7;0,8130841121495327;0,5198564249820531
3,6371;8,7;0,8130841121495327;0,5200861450107681
3,6387;8,8;0,8224299065420562;0,5203158650394831
3,6403;8,9;0,8317757009345795;0,5205455850681981
3,6419;9,1;0,8504672897196262;0,5207753050969132
3,6435;9,4;0,8785046728971964;0,5210050251256281
3,6451;9,6;0,897196261682243;0,5212347451543431
3,6467;9,8;0,9158878504672898;0,5214644651830581
3,6483;9,9;0,9252336448598132;0,5216941852117731
3,6499;10,0;0,9345794392523366;0,5219239052404882
3,6515;9,9;0,9252336448598132;0,5221536252692031
3,6531;9,9;0,9252336448598132;0,5223833452979182
3,6547;9,8;0,9158878504672898;0,5226130653266332
3,6563;9,8;0,9158878504672898;0,5228427853553481
3,6579;9,8;0,9158878504672898;0,5230725053840631
3,6595;9,8;0,9158878504672898;0,5233022254127782
3,6611;9,8;0,9158878504672898;0,5235319454414932
3,6627;9,9;0,9252336448598132;0,5237616654702082
3,6643;10,0;0,9345794392523366;0,5239913854989231
3,6659;10,1;0,9439252336448598;0,5242211055276381
3,6675;10,2;0,9532710280373832;0,5244508255563533
3,6691;10,2;0,9532710280373832;0,5246805455850682
3,6707;10,2;0,9532710280373832;0,5249102656137832
3,6723;10,2;0,9532710280373832;0,5251399856424982
3,6739;10,2;0,9532710280373832;0,5253697056712132
3,6755;10,2;0,9532710280373832;0,5255994256999282
3,6771;10,2;0,9532710280373832;0,5258291457286431
3,6787;10,3;0,9626168224299066;0,5260588657573582
3,6803;10,3;0,9626168224299066;0,5262885857860732
3,6819;10,3;0,9626168224299066;0,5265183058147882
3,6835;10,2;0,9532710280373832;0,5267480258435032
3,6851;10,0;0,9345794392523366;0,5269777458722182
3,6867;9,6;0,897196261682243;0,5272074659009333
3,6883;9,2;0,8598130841121495;0,5274371859296482
3,6899;8,9;0,8317757009345795;0,5276669059583633
3,6915;8,7;0,8130841121495327;0,5278966259870782
3,6931;8,6;0,8037383177570093;0,5281263460157932
3,6947;8,5;0,7943925233644861;0,5283560660445082
3,6963;8,6;0,8037383177570093;0,5285857860732232
3,6979;8,7;0,8130841121495327;0,5288155061019383
3,6995;8,8;0,8224299065420562;0,5290452261306533
3,7011;8,9;0,8317757009345795;0,5292749461593682
3,7027;8,9;0,8317757009345795;0,5295046661880832
3,7043;8,9;0,8317757009345795;0,5297343862167982
3,7059;8,7;0,8130841121495327;0,5299641062455133
3,7075;8,4;0,7850467289719627;0,5301938262742283
3,7091;8,0;0,7476635514018692;0,5304235463029432
3,7107;7,6;0,7102803738317757;0,5306532663316582
3,7123;7,2;0,6728971962616823;0,5308829863603733
3,7139;7,0;0,6542056074766356;0,5311127063890884
3,7155;6,9;0,6448598130841122;0,5313424264178033
3,7171;7,0;0,6542056074766356;0,5315721464465183
3,7187;7,0;0,6542056074766356;0,5318018664752333
3,7203;7,1;0,6635514018691588;0,5320315865039483
3,7219;7,2;0,6728971962616823;0,5322613065326633
3,7235;7,2;0,6728971962616823;0,5324910265613783
3,7251;7,2;0,6728971962616823;0,5327207465900933
3,7267;7,2;0,6728971962616823;0,5329504666188083
3,7283;7,1;0,6635514018691588;0,5331801866475233
3,7299;6,9;0,6448598130841122;0,5334099066762383
3,7315;6,8;0,6355140186915889;0,5336396267049534
3,7331;6,6;0,616822429906542;0,5338693467336683
3,7347;6,5;0,6074766355140188;0,5340990667623834
3,7363;6,4;0,5981308411214954;0,5343287867910983
3,7379;6,3;0,588785046728972;0,5345585068198133
3,7395;6,3;0,588785046728972;0,5347882268485283
3,7411;6,4;0,5981308411214954;0,5350179468772432
3,7427;6,5;0,6074766355140188;0,5352476669059584
3,7443;6,5;0,6074766355140188;0,5354773869346734
3,7459;6,6;0,616822429906542;0,5357071069633883
3,7475;6,6;0,616822429906542;0,5359368269921033
3,7491;6,5;0,6074766355140188;0,5361665470208183
3,7507;6,3;0,588785046728972;0,5363962670495334
3,7523;6,0;0,5607476635514019;0,5366259870782484
3,7539;5,7;0,5327102803738318;0,5368557071069633
3,7555;5,4;0,5046728971962617;0,5370854271356783
3,7571;5,2;0,485981308411215;0,5373151471643934
3,7587;5,2;0,485981308411215;0,5375448671931085
3,7603;5,2;0,485981308411215;0,5377745872218234
3,7619;5,2;0,485981308411215;0,5380043072505384
3,7635;5,2;0,485981308411215;0,5382340272792534
3,7651;5,2;0,485981308411215;0,5384637473079684
3,7667;5,2;0,485981308411215;0,5386934673366834
3,7683;5,1;0,4766355140186916;0,5389231873653983
3,7699;5,1;0,4766355140186916;0,5391529073941134
3,7715;5,2;0,485981308411215;0,5393826274228285
3,7731;5,5;0,5140186915887851;0,5396123474515434
3,7747;5,8;0,5420560747663552;0,5398420674802584
3,7763;6,2;0,5794392523364487;0,5400717875089734
3,7779;6,5;0,6074766355140188;0,5403015075376884
3,7795;6,8;0,6355140186915889;0,5405312275664035
3,7811;6,8;0,6355140186915889;0,5407609475951184
3,7827;6,8;0,6355140186915889;0,5409906676238334
3,7843;6,8;0,6355140186915889;0,5412203876525484
3,7859;6,7;0,6261682242990655;0,5414501076812633
3,7875;6,7;0,6261682242990655;0,5416798277099785
3,7891;6,7;0,6261682242990655;0,5419095477386935
3,7907;6,7;0,6261682242990655;0,5421392677674085
3,7923;6,7;0,6261682242990655;0,5423689877961234
3,7939;6,7;0,6261682242990655;0,5425987078248384
3,7955;6,6;0,616822429906542;0,5428284278535535
3,7971;6,6;0,616822429906542;0,5430581478822685
3,7987;6,6;0,616822429906542;0,5432878679109835
3,8003;6,6;0,616822429906542;0,5435175879396984
3,8019;6,8;0,6355140186915889;0,5437473079684135
3,8035;7,1;0,6635514018691588;0,5439770279971285
3,8051;7,4;0,691588785046729;0,5442067480258435
3,8067;7,8;0,7289719626168225;0,5444364680545585
3,8083;8,0;0,7476635514018692;0,5446661880832735
3,8099;8,1;0,7570093457943925;0,5448959081119885
3,8115;8,1;0,7570093457943925;0,5451256281407035
3,8131;8,1;0,7570093457943925;0,5453553481694184
3,8147;8,0;0,7476635514018692;0,5455850681981335
3,8163;8,0;0,7476635514018692;0,5458147882268486
3,8179;8,0;0,7476635514018692;0,5460445082555635
3,8195;8,0;0,7476635514018692;0,5462742282842785
3,8211;8,0;0,7476635514018692;0,5465039483129935
3,8227;8,0;0,7476635514018692;0,5467336683417086
3,8243;7,9;0,7383177570093459;0,5469633883704236
3,8259;7,8;0,7289719626168225;0,5471931083991385
3,8275;7,7;0,7196261682242991;0,5474228284278535
3,8291;7,6;0,7102803738317757;0,5476525484565685
3,8307;7,5;0,7009345794392524;0,5478822684852835
3,8323;7,5;0,7009345794392524;0,5481119885139986
3,8339;7,5;0,7009345794392524;0,5483417085427136
3,8355;7,5;0,7009345794392524;0,5485714285714286
3,8371;7,5;0,7009345794392524;0,5488011486001435
3,8387;7,5;0,7009345794392524;0,5490308686288585
3,8403;7,6;0,7102803738317757;0,5492605886575735
3,8419;7,6;0,7102803738317757;0,5494903086862886
3,8435;7,6;0,7102803738317757;0,5497200287150036
3,8451;7,5;0,7009345794392524;0,5499497487437185
3,8467;7,4;0,691588785046729;0,5501794687724336
3,8483;7,3;0,6822429906542057;0,5504091888011486
3,8499;7,2;0,6728971962616823;0,5506389088298635
3,8515;7,1;0,6635514018691588;0,5508686288585786
3,8531;7,0;0,6542056074766356;0,5510983488872936
3,8547;7,0;0,6542056074766356;0,5513280689160086
3,8563;7,0;0,6542056074766356;0,5515577889447236
3,8579;7,0;0,6542056074766356;0,5517875089734385
3,8595;7,0;0,6542056074766356;0,5520172290021536
3,8611;7,0;0,6542056074766356;0,5522469490308687
3,8627;7,1;0,6635514018691588;0,5524766690595836
3,8643;7,1;0,6635514018691588;0,5527063890882986
3,8659;7,1;0,6635514018691588;0,5529361091170136
3,8675;7,0;0,6542056074766356;0,5531658291457286
3,8691;6,9;0,6448598130841122;0,5533955491744437
3,8707;6,8;0,6355140186915889;0,5536252692031586
3,8723;6,6;0,616822429906542;0,5538549892318736
3,8739;6,5;0,6074766355140188;0,5540847092605886
3,8755;6,5;0,6074766355140188;0,5543144292893036
3,8771;6,5;0,6074766355140188;0,5545441493180187
3,8787;6,5;0,6074766355140188;0,5547738693467337
3,8803;6,5;0,6074766355140188;0,5550035893754487
3,8819;6,5;0,6074766355140188;0,5552333094041636
3,8835;6,6;0,616822429906542;0,5554630294328787
3,8851;6,6;0,616822429906542;0,5556927494615936
3,8867;6,6;0,616822429906542;0,5559224694903087
3,8883;6,5;0,6074766355140188;0,5561521895190237
3,8899;6,5;0,6074766355140188;0,5563819095477386
3,8915;6,4;0,5981308411214954;0,5566116295764537
3,8931;6,3;0,588785046728972;0,5568413496051687
3,8947;6,2;0,5794392523364487;0,5570710696338836
3,8963;6,1;0,5700934579439252;0,5573007896625987
3,8979;6,1;0,5700934579439252;0,5575305096913137
3,8995;6,1;0,5700934579439252;0,5577602297200287
3,9011;6,1;0,5700934579439252;0,5579899497487437
3,9027;6,1;0,5700934579439252;0,5582196697774586
3,9043;6,1;0,5700934579439252;0,5584493898061736
3,9059;6,1;0,5700934579439252;0,5586791098348888
3,9075;6,1;0,5700934579439252;0,5589088298636038
3,9091;6,1;0,5700934579439252;0,5591385498923187
3,9107;6,1;0,5700934579439252;0,5593682699210337
3,9123;6,1;0,5700934579439252;0,5595979899497487
3,9139;6,2;0,5794392523364487;0,5598277099784638
3,9155;6,2;0,5794392523364487;0,5600574300071788
3,9171;6,3;0,588785046728972;0,5602871500358937
3,9187;6,3;0,588785046728972;0,5605168700646087
3,9203;6,3;0,588785046728972;0,5607465900933238
3,9219;6,3;0,588785046728972;0,5609763101220387
3,9235;6,3;0,588785046728972;0,5612060301507538
3,9251;6,3;0,588785046728972;0,5614357501794688
3,9267;6,3;0,588785046728972;0,5616654702081837
3,9283;6,3;0,588785046728972;0,5618951902368988
3,9299;6,3;0,588785046728972;0,5621249102656137
3,9315;6,3;0,588785046728972;0,5623546302943288
3,9331;6,3;0,588785046728972;0,5625843503230438
3,9347;6,4;0,5981308411214954;0,5628140703517587
3,9363;6,4;0,5981308411214954;0,5630437903804738
3,9379;6,5;0,6074766355140188;0,5632735104091888
3,9395;6,6;0,616822429906542;0,5635032304379037
3,9411;6,6;0,616822429906542;0,5637329504666188
3,9427;6,6;0,616822429906542;0,5639626704953338
3,9443;6,6;0,616822429906542;0,5641923905240488
3,9459;6,6;0,616822429906542;0,5644221105527638
3,9475;6,6;0,616822429906542;0,5646518305814787
3,9491;6,6;0,616822429906542;0,5648815506101937
3,9507;6,6;0,616822429906542;0,5651112706389089
3,9523;6,6;0,616822429906542;0,5653409906676239
3,9539;6,6;0,616822429906542;0,5655707106963388
3,9555;6,6;0,616822429906542;0,5658004307250538
3,9571;6,7;0,6261682242990655;0,5660301507537688
3,9587;6,8;0,6355140186915889;0,5662598707824839
3,9603;6,8;0,6355140186915889;0,5664895908111989
3,9619;6,9;0,6448598130841122;0,5667193108399138
3,9635;6,9;0,6448598130841122;0,5669490308686288
3,9651;7,0;0,6542056074766356;0,5671787508973439
3,9667;7,0;0,6542056074766356;0,5674084709260588
3,9683;6,9;0,6448598130841122;0,5676381909547739
3,9699;6,9;0,6448598130841122;0,5678679109834889
3,9715;6,9;0,6448598130841122;0,5680976310122038
3,9731;6,8;0,6355140186915889;0,5683273510409189
3,9747;6,8;0,6355140186915889;0,5685570710696338
3,9763;6,9;0,6448598130841122;0,5687867910983488
3,9779;7,0;0,6542056074766356;0,5690165111270639
3,9795;7,2;0,6728971962616823;0,5692462311557788
3,9811;7,4;0,691588785046729;0,5694759511844939
3,9827;7,6;0,7102803738317757;0,5697056712132089
3,9843;7,8;0,7289719626168225;0,5699353912419239
3,9859;7,9;0,7383177570093459;0,5701651112706388
3,9875;7,9;0,7383177570093459;0,5703948312993539
3,9891;7,9;0,7383177570093459;0,5706245513280689
3,9907;7,8;0,7289719626168225;0,5708542713567839
3,9923;7,8;0,7289719626168225;0,5710839913854989
3,9939;7,8;0,7289719626168225;0,5713137114142138
3,9955;7,8;0,7289719626168225;0,5715434314429289
3,9971;7,8;0,7289719626168225;0,5717731514716439
3,9987;7,8;0,7289719626168225;0,5720028715003589
4,0003;7,8;0,7289719626168225;0,5722325915290739
4,0019;7,7;0,7196261682242991;0,5724623115577888
4,0035;7,7;0,7196261682242991;0,572692031586504
4,0051;7,7;0,7196261682242991;0,572921751615219
4,0067;7,8;0,7289719626168225;0,573151471643934
4,0083;8,0;0,7476635514018692;0,573381191672649
4,0099;8,3;0,7757009345794393;0,5736109117013639
4,0115;8,5;0,7943925233644861;0,5738406317300789
4,0131;8,8;0,8224299065420562;0,5740703517587938
4,0147;8,9;0,8317757009345795;0,5743000717875089
4,0163;9,0;0,8411214953271029;0,5745297918162239
4,0179;9,0;0,8411214953271029;0,574759511844939
4,0195;8,9;0,8317757009345795;0,5749892318736539
4,0211;8,8;0,8224299065420562;0,5752189519023689
4,0227;8,8;0,8224299065420562;0,575448671931084
4,0243;8,8;0,8224299065420562;0,575678391959799
4,0259;8,8;0,8224299065420562;0,5759081119885139
4,0275;8,8;0,8224299065420562;0,5761378320172289
4,0291;8,9;0,8317757009345795;0,5763675520459438
4,0307;9,0;0,8411214953271029;0,5765972720746589
4,0323;9,2;0,8598130841121495;0,5768269921033741
4,0339;9,4;0,8785046728971964;0,577056712132089
4,0355;9,5;0,8878504672897197;0,577286432160804
4,0371;9,5;0,8878504672897197;0,5775161521895189
4,0387;9,6;0,897196261682243;0,577745872218234
4,0403;9,5;0,8878504672897197;0,5779755922469489
4,0419;9,5;0,8878504672897197;0,578205312275664
4,0435;9,5;0,8878504672897197;0,5784350323043789
4,0451;9,5;0,8878504672897197;0,5786647523330939
4,0467;9,5;0,8878504672897197;0,5788944723618089
4,0483;9,6;0,897196261682243;0,579124192390524
4,0499;9,5;0,8878504672897197;0,5793539124192391
4,0515;9,4;0,8785046728971964;0,579583632447954
4,0531;9,3;0,869158878504673;0,579813352476669
4,0547;9,1;0,8504672897196262;0,580043072505384
4,0563;8,9;0,8317757009345795;0,580272792534099
4,0579;8,8;0,8224299065420562;0,5805025125628139
4,0595;8,7;0,8130841121495327;0,580732232591529
4,0611;8,7;0,8130841121495327;0,5809619526202439
4,0627;8,7;0,8130841121495327;0,5811916726489591
4,0643;8,8;0,8224299065420562;0,5814213926776741
4,0659;8,8;0,8224299065420562;0,581651112706389
4,0675;8,9;0,8317757009345795;0,581880832735104
4,0691;9,0;0,8411214953271029;0,582110552763819
4,0707;8,9;0,8317757009345795;0,5823402727925341
4,0723;8,8;0,8224299065420562;0,582569992821249
4,0739;8,6;0,8037383177570093;0,582799712849964
4,0755;8,2;0,7663551401869159;0,5830294328786789
4,0771;7,8;0,7289719626168225;0,5832591529073939
4,0787;7,5;0,7009345794392524;0,5834888729361092
4,0803;7,3;0,6822429906542057;0,5837185929648241
4,0819;7,2;0,6728971962616823;0,5839483129935391
4,0835;7,2;0,6728971962616823;0,584178033022254
4,0851;7,3;0,6822429906542057;0,584407753050969
4,0867;7,3;0,6822429906542057;0,5846374730796841
4,0883;7,4;0,691588785046729;0,5848671931083991
4,0899;7,4;0,691588785046729;0,585096913137114
4,0915;7,3;0,6822429906542057;0,585326633165829
4,0931;7,3;0,6822429906542057;0,5855563531945441
4,0947;7,4;0,691588785046729;0,585786073223259
4,0963;7,4;0,691588785046729;0,5860157932519742
4,0979;7,5;0,7009345794392524;0,5862455132806891
4,0995;7,6;0,7102803738317757;0,5864752333094041
4,1011;7,6;0,7102803738317757;0,586704953338119
4,1027;7,7;0,7196261682242991;0,586934673366834
4,1043;7,7;0,7196261682242991;0,587164393395549
4,1059;7,7;0,7196261682242991;0,5873941134242641
4,1075;7,7;0,7196261682242991;0,5876238334529792
4,1091;7,7;0,7196261682242991;0,5878535534816941
4,1107;7,6;0,7102803738317757;0,5880832735104091
4,1123;7,6;0,7102803738317757;0,5883129935391241
4,1139;7,6;0,7102803738317757;0,5885427135678392
4,1155;7,6;0,7102803738317757;0,5887724335965541
4,1171;7,7;0,7196261682242991;0,5890021536252691
4,1187;7,9;0,7383177570093459;0,589231873653984
4,1203;8,2;0,7663551401869159;0,5894615936826991
4,1219;8,4;0,7850467289719627;0,5896913137114143
4,1235;8,6;0,8037383177570093;0,5899210337401292
4,1251;8,7;0,8130841121495327;0,5901507537688442
4,1267;8,7;0,8130841121495327;0,5903804737975591
4,1283;8,7;0,8130841121495327;0,5906101938262742
4,1299;8,7;0,8130841121495327;0,5908399138549891
4,1315;8,6;0,8037383177570093;0,5910696338837041
4,1331;8,5;0,7943925233644861;0,5912993539124191
4,1347;8,5;0,7943925233644861;0,5915290739411341
4,1363;8,5;0,7943925233644861;0,5917587939698493
4,1379;8,6;0,8037383177570093;0,5919885139985642
4,1395;8,7;0,8130841121495327;0,5922182340272792
4,1411;8,8;0,8224299065420562;0,5924479540559942
4,1427;9,0;0,8411214953271029;0,5926776740847092
4,1443;9,2;0,8598130841121495;0,5929073941134242
4,1459;9,3;0,869158878504673;0,5931371141421392
4,1475;9,4;0,8785046728971964;0,5933668341708541
4,1491;9,4;0,8785046728971964;0,5935965541995691
4,1507;9,4;0,8785046728971964;0,593826274228284
4,1523;9,3;0,869158878504673;0,5940559942569993
4,1539;9,3;0,869158878504673;0,5942857142857143
4,1555;9,3;0,869158878504673;0,5945154343144292
4,1571;9,3;0,869158878504673;0,5947451543431442
4,1587;9,3;0,869158878504673;0,5949748743718591
4,1603;9,3;0,869158878504673;0,5952045944005743
4,1619;9,4;0,8785046728971964;0,5954343144292892
4,1635;9,4;0,8785046728971964;0,5956640344580042
4,1651;9,5;0,8878504672897197;0,5958937544867191
4,1667;9,6;0,897196261682243;0,5961234745154341
4,1683;9,6;0,897196261682243;0,5963531945441494
4,1699;9,6;0,897196261682243;0,5965829145728643
4,1715;9,6;0,897196261682243;0,5968126346015793
4,1731;9,6;0,897196261682243;0,5970423546302942
4,1747;9,6;0,897196261682243;0,5972720746590092
4,1763;9,6;0,897196261682243;0,5975017946877242
4,1779;9,6;0,897196261682243;0,5977315147164393
4,1795;9,6;0,897196261682243;0,5979612347451542
4,1811;9,6;0,897196261682243;0,5981909547738692
4,1827;9,6;0,897196261682243;0,5984206748025843
4,1843;9,6;0,897196261682243;0,5986503948312993
4,1859;9,6;0,897196261682243;0,5988801148600144
4,1875;9,6;0,897196261682243;0,5991098348887293
4,1891;9,6;0,897196261682243;0,5993395549174443
4,1907;9,6;0,897196261682243;0,5995692749461592
4,1923;9,6;0,897196261682243;0,5997989949748743
4,1939;9,6;0,897196261682243;0,6000287150035892
4,1955;9,6;0,897196261682243;0,6002584350323042
4,1971;9,6;0,897196261682243;0,6004881550610194
4,1987;9,6;0,897196261682243;0,6007178750897343
4,2003;9,6;0,897196261682243;0,6009475951184494
4,2019;9,6;0,897196261682243;0,6011773151471643
4,2035;9,6;0,897196261682243;0,6014070351758793
4,2051;9,6;0,897196261682243;0,6016367552045943
4,2067;9,6;0,897196261682243;0,6018664752333093
4,2083;9,7;0,9065420560747663;0,6020961952620243
4,2099;9,7;0,9065420560747663;0,6023259152907393
4,2115;9,6;0,897196261682243;0,6025556353194544
4,2131;9,5;0,8878504672897197;0,6027853553481693
4,2147;9,4;0,8785046728971964;0,6030150753768844
4,2163;9,3;0,869158878504673;0,6032447954055994
4,2179;9,2;0,8598130841121495;0,6034745154343144
4,2195;9,1;0,8504672897196262;0,6037042354630293
4,2211;9,0;0,8411214953271029;0,6039339554917443
4,2227;9,0;0,8411214953271029;0,6041636755204592
4,2243;9,0;0,8411214953271029;0,6043933955491744
4,2259;9,0;0,8411214953271029;0,6046231155778895
4,2275;9,1;0,8504672897196262;0,6048528356066044
4,2291;9,2;0,8598130841121495;0,6050825556353194
4,2307;9,2;0,8598130841121495;0,6053122756640343
4,2323;9,2;0,8598130841121495;0,6055419956927495
4,2339;9,1;0,8504672897196262;0,6057717157214644
4,2355;8,8;0,8224299065420562;0,6060014357501794
4,2371;8,5;0,7943925233644861;0,6062311557788943
4,2387;8,2;0,7663551401869159;0,6064608758076093
4,2403;7,9;0,7383177570093459;0,6066905958363246
4,2419;7,7;0,7196261682242991;0,6069203158650395
4,2435;7,6;0,7102803738317757;0,6071500358937545
4,2451;7,6;0,7102803738317757;0,6073797559224694
4,2467;7,6;0,7102803738317757;0,6076094759511844
4,2483;7,7;0,7196261682242991;0,6078391959798994
4,2499;7,8;0,7289719626168225;0,6080689160086145
4,2515;7,9;0,7383177570093459;0,6082986360373294
4,2531;7,9;0,7383177570093459;0,6085283560660444
4,2547;7,9;0,7383177570093459;0,6087580760947593
4,2563;7,7;0,7196261682242991;0,6089877961234745
4,2579;7,4;0,691588785046729;0,6092175161521896
4,2595;7,1;0,6635514018691588;0,6094472361809045
4,2611;6,8;0,6355140186915889;0,6096769562096195
4,2627;6,6;0,616822429906542;0,6099066762383344
4,2643;6,4;0,5981308411214954;0,6101363962670495
4,2659;6,4;0,5981308411214954;0,6103661162957644
4,2675;6,4;0,5981308411214954;0,6105958363244794
4,2691;6,4;0,5981308411214954;0,6108255563531944
4,2707;6,5;0,6074766355140188;0,6110552763819094
4,2723;6,5;0,6074766355140188;0,6112849964106246
4,2739;6,5;0,6074766355140188;0,6115147164393395
4,2755;6,5;0,6074766355140188;0,6117444364680545
4,2771;6,5;0,6074766355140188;0,6119741564967695
4,2787;6,5;0,6074766355140188;0,6122038765254845
4,2803;6,5;0,6074766355140188;0,6124335965541995
4,2819;6,4;0,5981308411214954;0,6126633165829145
4,2835;6,4;0,5981308411214954;0,6128930366116294
4,2851;6,4;0,5981308411214954;0,6131227566403444
4,2867;6,4;0,5981308411214954;0,6133524766690596
4,2883;6,4;0,5981308411214954;0,6135821966977745
4,2899;6,4;0,5981308411214954;0,6138119167264896
4,2915;6,4;0,5981308411214954;0,6140416367552045
4,2931;6,4;0,5981308411214954;0,6142713567839195
4,2947;6,4;0,5981308411214954;0,6145010768126344
4,2963;6,4;0,5981308411214954;0,6147307968413495
4,2979;6,4;0,5981308411214954;0,6149605168700645
4,2995;6,4;0,5981308411214954;0,6151902368987795
4,3011;6,5;0,6074766355140188;0,6154199569274946
4,3027;6,6;0,616822429906542;0,6156496769562095
4,3043;6,7;0,6261682242990655;0,6158793969849246
4,3059;6,8;0,6355140186915889;0,6161091170136396
4,3075;6,9;0,6448598130841122;0,6163388370423546
4,3091;7,0;0,6542056074766356;0,6165685570710695
4,3107;7,0;0,6542056074766356;0,6167982770997845
4,3123;7,0;0,6542056074766356;0,6170279971284994
4,3139;6,9;0,6448598130841122;0,6172577171572146
4,3155;6,9;0,6448598130841122;0,6174874371859297
4,3171;6,8;0,6355140186915889;0,6177171572146446
4,3187;6,8;0,6355140186915889;0,6179468772433596
4,3203;6,8;0,6355140186915889;0,6181765972720745
4,3219;6,9;0,6448598130841122;0,6184063173007897
4,3235;7,1;0,6635514018691588;0,6186360373295046
4,3251;7,3;0,6822429906542057;0,6188657573582196
4,3267;7,5;0,7009345794392524;0,6190954773869345
4,3283;7,7;0,7196261682242991;0,6193251974156495
4,3299;7,8;0,7289719626168225;0,6195549174443647
4,3315;7,9;0,7383177570093459;0,6197846374730797
4,3331;7,9;0,7383177570093459;0,6200143575017947
4,3347;7,8;0,7289719626168225;0,6202440775305096
4,3363;7,8;0,7289719626168225;0,6204737975592246
4,3379;7,7;0,7196261682242991;0,6207035175879396
4,3395;7,7;0,7196261682242991;0,6209332376166546
4,3411;7,7;0,7196261682242991;0,6211629576453696
4,3427;7,7;0,7196261682242991;0,6213926776740846
4,3443;7,8;0,7289719626168225;0,6216223977027995
4,3459;7,8;0,7289719626168225;0,6218521177315147
4,3475;7,9;0,7383177570093459;0,6220818377602297
4,3491;7,9;0,7383177570093459;0,6223115577889446
4,3507;8,0;0,7476635514018692;0,6225412778176597
4,3523;8,0;0,7476635514018692;0,6227709978463746
4,3539;8,0;0,7476635514018692;0,6230007178750897
4,3555;8,0;0,7476635514018692;0,6232304379038046
4,3571;8,0;0,7476635514018692;0,6234601579325196
4,3587;8,0;0,7476635514018692;0,6236898779612345
4,3603;7,9;0,7383177570093459;0,6239195979899496
4,3619;7,9;0,7383177570093459;0,6241493180186648
4,3635;7,9;0,7383177570093459;0,6243790380473797
4,3651;7,9;0,7383177570093459;0,6246087580760947
4,3667;8,0;0,7476635514018692;0,6248384781048096
4,3683;8,2;0,7663551401869159;0,6250681981335247
4,3699;8,4;0,7850467289719627;0,6252979181622397
4,3715;8,6;0,8037383177570093;0,6255276381909547
4,3731;8,7;0,8130841121495327;0,6257573582196696
4,3747;8,8;0,8224299065420562;0,6259870782483846
4,3763;8,8;0,8224299065420562;0,6262167982770998
4,3779;8,8;0,8224299065420562;0,6264465183058148
4,3795;8,8;0,8224299065420562;0,6266762383345298
4,3811;8,7;0,8130841121495327;0,6269059583632447
4,3827;8,7;0,8130841121495327;0,6271356783919597
4,3843;8,7;0,8130841121495327;0,6273653984206746
4,3859;8,7;0,8130841121495327;0,6275951184493898
4,3875;8,7;0,8130841121495327;0,6278248384781047
4,3891;8,8;0,8224299065420562;0,6280545585068197
4,3907;8,8;0,8224299065420562;0,6282842785355348
4,3923;8,8;0,8224299065420562;0,6285139985642497
4,3939;8,8;0,8224299065420562;0,6287437185929649
4,3955;8,7;0,8130841121495327;0,6289734386216798
4,3971;8,6;0,8037383177570093;0,6292031586503948
4,3987;8,4;0,7850467289719627;0,6294328786791097
4,4003;8,2;0,7663551401869159;0,6296625987078247
4,4019;8,1;0,7570093457943925;0,6298923187365397
4,4035;8,0;0,7476635514018692;0,6301220387652547
4,4051;7,9;0,7383177570093459;0,6303517587939699
4,4067;7,9;0,7383177570093459;0,6305814788226848
4,4083;8,0;0,7476635514018692;0,6308111988513998
4,4099;8,0;0,7476635514018692;0,6310409188801148
4,4115;8,0;0,7476635514018692;0,6312706389088298
4,4131;8,1;0,7570093457943925;0,6315003589375447
4,4147;8,1;0,7570093457943925;0,6317300789662598
4,4163;8,0;0,7476635514018692;0,6319597989949747
4,4179;8,0;0,7476635514018692;0,6321895190236898
4,4195;7,9;0,7383177570093459;0,6324192390524049
4,4211;7,8;0,7289719626168225;0,6326489590811198
4,4227;7,7;0,7196261682242991;0,6328786791098349
4,4243;7,6;0,7102803738317757;0,6331083991385498
4,4259;7,6;0,7102803738317757;0,6333381191672649
4,4275;7,6;0,7102803738317757;0,6335678391959798
4,4291;7,6;0,7102803738317757;0,6337975592246948
4,4307;7,6;0,7102803738317757;0,6340272792534097
4,4323;7,6;0,7102803738317757;0,6342569992821248
4,4339;7,5;0,7009345794392524;0,63448671931084
4,4355;7,4;0,691588785046729;0,6347164393395549
4,4371;7,3;0,6822429906542057;0,6349461593682699
4,4387;7,5;0,7009345794392524;0,6351758793969848
4,4403;7,8;0,7289719626168225;0,6354055994256999
4,4419;8,4;0,7850467289719627;0,6356353194544149
4,4435;9,1;0,8504672897196262;0,6358650394831299
4,4451;9,7;0,9065420560747663;0,6360947595118448
4,4467;10,2;0,9532710280373832;0,6363244795405598
4,4483;10,5;0,9813084112149534;0,6365541995692747
4,4499;10,5;0,9813084112149534;0,63678391959799
4,4515;10,4;0,97196261682243;0,637013639626705
4,4531;10,3;0,9626168224299066;0,6372433596554199
4,4547;10,2;0,9532710280373832;0,6374730796841349
4,4563;10,1;0,9439252336448598;0,6377027997128498
4,4579;10,1;0,9439252336448598;0,637932519741565
4,4595;10,1;0,9439252336448598;0,6381622397702799
4,4611;10,2;0,9532710280373832;0,6383919597989949
4,4627;10,3;0,9626168224299066;0,6386216798277098
4,4643;10,4;0,97196261682243;0,6388513998564248
4,4659;10,5;0,9813084112149534;0,63908111988514
4,4675;10,6;0,9906542056074766;0,639310839913855
4,4691;10,6;0,9906542056074766;0,63954055994257
4,4707;10,6;0,9906542056074766;0,6397702799712849
4,4723;10,6;0,9906542056074766;0,6399999999999999
4,4739;10,6;0,9906542056074766;0,6402297200287149
4,4755;10,6;0,9906542056074766;0,6404594400574299
4,4771;10,6;0,9906542056074766;0,6406891600861448
4,4787;10,7;1,0;0,6409188801148599
4,4803;10,8;1,0093457943925235;0,641148600143575
4,4819;10,8;1,0093457943925235;0,64137832017229
4,4835;10,6;0,9906542056074766;0,641608040201005
4,4851;10,2;0,9532710280373832;0,64183776022972
4,4867;9,7;0,9065420560747663;0,642067480258435
4,4883;9,2;0,8598130841121495;0,6422972002871499
4,4899;8,8;0,8224299065420562;0,6425269203158649
4,4915;8,5;0,7943925233644861;0,6427566403445799
4,4931;8,4;0,7850467289719627;0,6429863603732949
4,4947;8,4;0,7850467289719627;0,6432160804020101
4,4963;8,5;0,7943925233644861;0,643445800430725
4,4979;8,6;0,8037383177570093;0,64367552045944
4,4995;8,7;0,8130841121495327;0,643905240488155
4,5011;8,7;0,8130841121495327;0,64413496051687
4,5027;8,7;0,8130841121495327;0,6443646805455849
4,5043;8,7;0,8130841121495327;0,6445944005743
4,5059;8,6;0,8037383177570093;0,6448241206030149
4,5075;8,4;0,7850467289719627;0,64505384063173
4,5091;8,2;0,7663551401869159;0,6452835606604451
4,5107;8,0;0,7476635514018692;0,64551328068916
4,5123;7,8;0,7289719626168225;0,645743000717875
4,5139;7,8;0,7289719626168225;0,64597272074659
4,5155;7,7;0,7196261682242991;0,6462024407753051
4,5171;7,8;0,7289719626168225;0,64643216080402
4,5187;7,8;0,7289719626168225;0,646661880832735
4,5203;7,8;0,7289719626168225;0,6468916008614499
4,5219;7,8;0,7289719626168225;0,6471213208901649
4,5235;7,8;0,7289719626168225;0,6473510409188802
4,5251;7,8;0,7289719626168225;0,6475807609475951
4,5267;7,8;0,7289719626168225;0,6478104809763101
4,5283;7,8;0,7289719626168225;0,648040201005025
4,5299;7,9;0,7383177570093459;0,64826992103374
4,5315;8,0;0,7476635514018692;0,6484996410624551
4,5331;8,1;0,7570093457943925;0,6487293610911701
4,5347;8,2;0,7663551401869159;0,648959081119885
4,5363;8,2;0,7663551401869159;0,6491888011486
4,5379;8,2;0,7663551401869159;0,649418521177315
4,5395;8,2;0,7663551401869159;0,6496482412060302
4,5411;8,2;0,7663551401869159;0,6498779612347452
4,5427;8,2;0,7663551401869159;0,6501076812634601
4,5443;8,2;0,7663551401869159;0,6503374012921751
4,5459;8,3;0,7757009345794393;0,65056712132089
4,5475;8,3;0,7757009345794393;0,6507968413496051
4,5491;8,2;0,7663551401869159;0,65102656137832
4,5507;8,1;0,7570093457943925;0,6512562814070351
4,5523;8,0;0,7476635514018692;0,65148600143575
4,5539;7,9;0,7383177570093459;0,651715721464465
4,5555;7,7;0,7196261682242991;0,6519454414931802
4,5571;7,6;0,7102803738317757;0,6521751615218951
4,5587;7,6;0,7102803738317757;0,6524048815506102
4,5603;7,6;0,7102803738317757;0,6526346015793251
4,5619;7,6;0,7102803738317757;0,6528643216080401
4,5635;7,6;0,7102803738317757;0,6530940416367551
4,5651;7,6;0,7102803738317757;0,6533237616654701
4,5667;7,7;0,7196261682242991;0,653553481694185
4,5683;7,7;0,7196261682242991;0,6537832017229
4,5699;7,7;0,7196261682242991;0,6540129217516152
4,5715;7,6;0,7102803738317757;0,6542426417803302
4,5731;7,6;0,7102803738317757;0,6544723618090452
4,5747;7,6;0,7102803738317757;0,6547020818377601
4,5763;7,5;0,7009345794392524;0,6549318018664751
4,5779;7,5;0,7009345794392524;0,6551615218951901
4,5795;7,5;0,7009345794392524;0,6553912419239052
4,5811;7,4;0,691588785046729;0,6556209619526201
4,5827;7,4;0,691588785046729;0,6558506819813351
4,5843;7,4;0,691588785046729;0,6560804020100502
4,5859;7,5;0,7009345794392524;0,6563101220387652
4,5875;7,5;0,7009345794392524;0,6565398420674803
4,5891;7,5;0,7009345794392524;0,6567695620961952
4,5907;7,5;0,7009345794392524;0,6569992821249102
4,5923;7,5;0,7009345794392524;0,6572290021536251
4,5939;7,5;0,7009345794392524;0,6574587221823401
4,5955;7,4;0,691588785046729;0,6576884422110552
4,5971;7,4;0,691588785046729;0,6579181622397702
4,5987;7,4;0,691588785046729;0,6581478822684853
4,6003;7,4;0,691588785046729;0,6583776022972002
4,6019;7,5;0,7009345794392524;0,6586073223259152
4,6035;7,6;0,7102803738317757;0,6588370423546303
4,6051;7,7;0,7196261682242991;0,6590667623833453
4,6067;7,7;0,7196261682242991;0,6592964824120602
4,6083;7,8;0,7289719626168225;0,6595262024407752
4,6099;7,8;0,7289719626168225;0,6597559224694901
4,6115;7,9;0,7383177570093459;0,6599856424982052
4,6131;7,8;0,7289719626168225;0,6602153625269204
4,6147;7,8;0,7289719626168225;0,6604450825556353
4,6163;7,8;0,7289719626168225;0,6606748025843503
4,6179;7,7;0,7196261682242991;0,6609045226130652
4,6195;7,7;0,7196261682242991;0,6611342426417803
4,6211;7,7;0,7196261682242991;0,6613639626704952
4,6227;7,8;0,7289719626168225;0,6615936826992103
4,6243;7,9;0,7383177570093459;0,6618234027279252
4,6259;8,1;0,7570093457943925;0,6620531227566402
4,6275;8,3;0,7757009345794393;0,6622828427853554
4,6291;8,5;0,7943925233644861;0,6625125628140703
4,6307;8,7;0,8130841121495327;0,6627422828427854
4,6323;8,7;0,8130841121495327;0,6629720028715003
4,6339;8,7;0,8130841121495327;0,6632017229002153
4,6355;8,7;0,8130841121495327;0,6634314429289303
4,6371;8,6;0,8037383177570093;0,6636611629576453
4,6387;8,6;0,8037383177570093;0,6638908829863602
4,6403;8,5;0,7943925233644861;0,6641206030150753
4,6419;8,5;0,7943925233644861;0,6643503230437902
4,6435;8,5;0,7943925233644861;0,6645800430725054
4,6451;8,7;0,8130841121495327;0,6648097631012204
4,6467;8,9;0,8317757009345795;0,6650394831299353
4,6483;9,1;0,8504672897196262;0,6652692031586503
4,6499;9,4;0,8785046728971964;0,6654989231873653
4,6515;9,6;0,897196261682243;0,6657286432160804
4,6531;9,7;0,9065420560747663;0,6659583632447953
4,6547;9,7;0,9065420560747663;0,6661880832735103
4,6563;9,7;0,9065420560747663;0,6664178033022252
4,6579;9,7;0,9065420560747663;0,6666475233309402
4,6595;9,6;0,897196261682243;0,6668772433596555
4,6611;9,6;0,897196261682243;0,6671069633883704
4,6627;9,7;0,9065420560747663;0,6673366834170854
4,6643;9,7;0,9065420560747663;0,6675664034458003
4,6659;9,7;0,9065420560747663;0,6677961234745153
4,6675;9,6;0,897196261682243;0,6680258435032304
4,6691;9,5;0,8878504672897197;0,6682555635319454
4,6707;9,3;0,869158878504673;0,6684852835606603
4,6723;9,2;0,8598130841121495;0,6687150035893753
4,6739;9,0;0,8411214953271029;0,6689447236180904
4,6755;9,0;0,8411214953271029;0,6691744436468055
4,6771;8,9;0,8317757009345795;0,6694041636755205
4,6787;8,9;0,8317757009345795;0,6696338837042354
4,6803;9,0;0,8411214953271029;0,6698636037329504
4,6819;9,0;0,8411214953271029;0,6700933237616653
4,6835;9,1;0,8504672897196262;0,6703230437903804
4,6851;9,1;0,8504672897196262;0,6705527638190953
4,6867;9,1;0,8504672897196262;0,6707824838478104
4,6883;9,1;0,8504672897196262;0,6710122038765255
4,6899;8,9;0,8317757009345795;0,6712419239052404
4,6915;8,6;0,8037383177570093;0,6714716439339554
4,6931;8,4;0,7850467289719627;0,6717013639626704
4,6947;8,1;0,7570093457943925;0,6719310839913855
4,6963;7,9;0,7383177570093459;0,6721608040201004
4,6979;7,8;0,7289719626168225;0,6723905240488154
4,6995;7,8;0,7289719626168225;0,6726202440775303
4,7011;7,8;0,7289719626168225;0,6728499641062454
4,7027;7,9;0,7383177570093459;0,6730796841349606
4,7043;7,9;0,7383177570093459;0,6733094041636755
4,7059;8,0;0,7476635514018692;0,6735391241923905
4,7075;8,0;0,7476635514018692;0,6737688442211054
4,7091;8,0;0,7476635514018692;0,6739985642498205
4,7107;7,9;0,7383177570093459;0,6742282842785354
4,7123;7,8;0,7289719626168225;0,6744580043072504
4,7139;7,7;0,7196261682242991;0,6746877243359654
4,7155;7,6;0,7102803738317757;0,6749174443646804
4,7171;7,6;0,7102803738317757;0,6751471643933956
4,7187;7,5;0,7009345794392524;0,6753768844221105
4,7203;7,5;0,7009345794392524;0,6756066044508255
4,7219;7,5;0,7009345794392524;0,6758363244795405
4,7235;7,5;0,7009345794392524;0,6760660445082555
4,7251;7,5;0,7009345794392524;0,6762957645369705
4,7267;7,5;0,7009345794392524;0,6765254845656855
4,7283;7,5;0,7009345794392524;0,6767552045944004
4,7299;7,4;0,691588785046729;0,6769849246231154
4,7315;7,5;0,7009345794392524;0,6772146446518305
4,7331;7,5;0,7009345794392524;0,6774443646805456
4,7347;7,6;0,7102803738317757;0,6776740847092606
4,7363;7,8;0,7289719626168225;0,6779038047379755
4,7379;8,0;0,7476635514018692;0,6781335247666905
4,7395;8,1;0,7570093457943925;0,6783632447954054
4,7411;8,2;0,7663551401869159;0,6785929648241206
4,7427;8,3;0,7757009345794393;0,6788226848528355
4,7443;8,3;0,7757009345794393;0,6790524048815505
4,7459;8,2;0,7663551401869159;0,6792821249102654
4,7475;8,2;0,7663551401869159;0,6795118449389804
4,7491;8,1;0,7570093457943925;0,6797415649676957
4,7507;8,1;0,7570093457943925;0,6799712849964106
4,7523;8,1;0,7570093457943925;0,6802010050251256
4,7539;8,1;0,7570093457943925;0,6804307250538405
4,7555;8,2;0,7663551401869159;0,6806604450825555
4,7571;8,3;0,7757009345794393;0,6808901651112705
4,7587;8,4;0,7850467289719627;0,6811198851399856
4,7603;8,6;0,8037383177570093;0,6813496051687005
4,7619;8,7;0,8130841121495327;0,6815793251974155
4,7635;8,7;0,8130841121495327;0,6818090452261306
4,7651;8,7;0,8130841121495327;0,6820387652548456
4,7667;8,7;0,8130841121495327;0,6822684852835607
4,7683;8,7;0,8130841121495327;0,6824982053122756
4,7699;8,7;0,8130841121495327;0,6827279253409906
4,7715;8,7;0,8130841121495327;0,6829576453697055
4,7731;8,7;0,8130841121495327;0,6831873653984206
4,7747;8,7;0,8130841121495327;0,6834170854271355
4,7763;8,7;0,8130841121495327;0,6836468054558505
4,7779;8,7;0,8130841121495327;0,6838765254845657
4,7795;8,7;0,8130841121495327;0,6841062455132806
4,7811;8,7;0,8130841121495327;0,6843359655419957
4,7827;8,7;0,8130841121495327;0,6845656855707106
4,7843;8,7;0,8130841121495327;0,6847954055994256
4,7859;8,7;0,8130841121495327;0,6850251256281406
4,7875;8,8;0,8224299065420562;0,6852548456568556
4,7891;8,9;0,8317757009345795;0,6854845656855706
4,7907;8,9;0,8317757009345795;0,6857142857142856
4,7923;9,0;0,8411214953271029;0,6859440057430007
4,7939;9,0;0,8411214953271029;0,6861737257717156
4,7955;9,0;0,8411214953271029;0,6864034458004307
4,7971;9,0;0,8411214953271029;0,6866331658291457
4,7987;9,0;0,8411214953271029;0,6868628858578607
4,8003;9,0;0,8411214953271029;0,6870926058865756
4,8019;9,0;0,8411214953271029;0,6873223259152906
4,8035;9,0;0,8411214953271029;0,6875520459440055
4,8051;9,0;0,8411214953271029;0,6877817659727207
4,8067;9,0;0,8411214953271029;0,6880114860014358
4,8083;9,0;0,8411214953271029;0,6882412060301507
4,8099;9,0;0,8411214953271029;0,6884709260588657
4,8115;9,1;0,8504672897196262;0,6887006460875806
4,8131;9,1;0,8504672897196262;0,6889303661162958
4,8147;9,1;0,8504672897196262;0,6891600861450107
4,8163;9,1;0,8504672897196262;0,6893898061737257
4,8179;9,1;0,8504672897196262;0,6896195262024406
4,8195;9,1;0,8504672897196262;0,6898492462311556
4,8211;9,1;0,8504672897196262;0,6900789662598709
4,8227;9,2;0,8598130841121495;0,6903086862885858
4,8243;9,2;0,8598130841121495;0,6905384063173008
4,8259;9,2;0,8598130841121495;0,6907681263460157
4,8275;9,2;0,8598130841121495;0,6909978463747307
4,8291;9,0;0,8411214953271029;0,6912275664034457
4,8307;8,7;0,8130841121495327;0,6914572864321608
4,8323;8,3;0,7757009345794393;0,6916870064608757
4,8339;8,0;0,7476635514018692;0,6919167264895907
4,8355;7,7;0,7196261682242991;0,6921464465183057
4,8371;7,6;0,7102803738317757;0,6923761665470208
4,8387;7,5;0,7009345794392524;0,6926058865757359
4,8403;7,5;0,7009345794392524;0,6928356066044508
4,8419;7,6;0,7102803738317757;0,6930653266331658
4,8435;7,7;0,7196261682242991;0,6932950466618807
4,8451;7,9;0,7383177570093459;0,6935247666905958
4,8467;7,9;0,7383177570093459;0,6937544867193107
4,8483;7,9;0,7383177570093459;0,6939842067480257
4,8499;7,8;0,7289719626168225;0,6942139267767407
4,8515;7,4;0,691588785046729;0,6944436468054557
4,8531;7,0;0,6542056074766356;0,6946733668341709
4,8547;6,5;0,6074766355140188;0,6949030868628858
4,8563;6,1;0,5700934579439252;0,6951328068916008
4,8579;5,8;0,5420560747663552;0,6953625269203157
4,8595;5,7;0,5327102803738318;0,6955922469490308
4,8611;5,7;0,5327102803738318;0,6958219669777458
4,8627;5,7;0,5327102803738318;0,6960516870064608
4,8643;5,8;0,5420560747663552;0,6962814070351757
4,8659;5,8;0,5420560747663552;0,6965111270638907
4,8675;5,8;0,5420560747663552;0,6967408470926059
4,8691;5,8;0,5420560747663552;0,6969705671213209
4,8707;5,8;0,5420560747663552;0,6972002871500359
4,8723;5,8;0,5420560747663552;0,6974300071787508
4,8739;5,9;0,5514018691588786;0,6976597272074658
4,8755;6,1;0,5700934579439252;0,6978894472361807
4,8771;6,2;0,5794392523364487;0,6981191672648959
4,8787;6,4;0,5981308411214954;0,6983488872936108
4,8803;6,5;0,6074766355140188;0,6985786073223258
4,8819;6,6;0,616822429906542;0,6988083273510409
4,8835;6,6;0,616822429906542;0,6990380473797558
4,8851;6,5;0,6074766355140188;0,699267767408471
4,8867;6,5;0,6074766355140188;0,6994974874371859
4,8883;6,4;0,5981308411214954;0,6997272074659009
4,8899;6,3;0,588785046728972;0,6999569274946158
4,8915;6,3;0,588785046728972;0,7001866475233308
4,8931;6,3;0,588785046728972;0,7004163675520457
4,8947;6,5;0,6074766355140188;0,7006460875807609
4,8963;6,8;0,6355140186915889;0,700875807609476
4,8979;7,2;0,6728971962616823;0,7011055276381909
4,8995;7,6;0,7102803738317757;0,7013352476669059
4,9011;7,9;0,7383177570093459;0,7015649676956208
4,9027;8,1;0,7570093457943925;0,701794687724336
4,9043;8,2;0,7663551401869159;0,7020244077530509
4,9059;8,1;0,7570093457943925;0,7022541277817659
4,9075;8,1;0,7570093457943925;0,7024838478104808
4,9091;8,0;0,7476635514018692;0,7027135678391958
4,9107;8,0;0,7476635514018692;0,702943287867911
4,9123;8,1;0,7570093457943925;0,703173007896626
4,9139;8,1;0,7570093457943925;0,703402727925341
4,9155;8,1;0,7570093457943925;0,7036324479540559
4,9171;7,9;0,7383177570093459;0,7038621679827709
4,9187;7,7;0,7196261682242991;0,7040918880114859
4,9203;7,4;0,691588785046729;0,7043216080402009
4,9219;7,1;0,6635514018691588;0,7045513280689158
4,9235;6,9;0,6448598130841122;0,7047810480976309
4,9251;6,7;0,6261682242990655;0,7050107681263459
4,9267;6,7;0,6261682242990655;0,705240488155061
4,9283;6,7;0,6261682242990655;0,705470208183776
4,9299;6,8;0,6355140186915889;0,705699928212491
4,9315;6,9;0,6448598130841122;0,705929648241206
4,9331;7,0;0,6542056074766356;0,7061593682699209
4,9347;7,1;0,6635514018691588;0,706389088298636
4,9363;7,0;0,6542056074766356;0,7066188083273509
4,9379;6,8;0,6355140186915889;0,7068485283560659
4,9395;6,4;0,5981308411214954;0,7070782483847808
4,9411;5,8;0,5420560747663552;0,7073079684134959
4,9427;5,1;0,4766355140186916;0,7075376884422111
4,9443;4,6;0,42990654205607476;0,707767408470926
4,9459;4,1;0,38317757009345793;0,707997128499641
4,9475;4,0;0,3738317757009346;0,7082268485283559
4,9491;4,0;0,3738317757009346;0,708456568557071
4,9507;4,1;0,38317757009345793;0,708686288585786
4,9523;4,2;0,39252336448598135;0,708916008614501
4,9539;4,2;0,39252336448598135;0,7091457286432159
4,9555;4,1;0,38317757009345793;0,7093754486719309
4,9571;4,0;0,3738317757009346;0,709605168700646
4,9587;4,0;0,3738317757009346;0,7098348887293611
4,9603;4,2;0,39252336448598135;0,7100646087580761
4,9619;4,5;0,42056074766355145;0,710294328786791
4,9635;5,0;0,4672897196261683;0,710524048815506
4,9651;5,5;0,5140186915887851;0,7107537688442209
4,9667;5,9;0,5514018691588786;0,710983488872936
4,9683;6,2;0,5794392523364487;0,711213208901651
4,9699;6,3;0,588785046728972;0,711442928930366
4,9715;6,4;0,5981308411214954;0,7116726489590811
4,9731;6,3;0,588785046728972;0,711902368987796
4,9747;6,2;0,5794392523364487;0,7121320890165111
4,9763;6,2;0,5794392523364487;0,7123618090452261
4,9779;6,2;0,5794392523364487;0,7125915290739411
4,9795;6,2;0,5794392523364487;0,712821249102656
4,9811;6,2;0,5794392523364487;0,713050969131371
4,9827;6,2;0,5794392523364487;0,713280689160086
4,9843;6,1;0,5700934579439252;0,713510409188801
4,9859;6,0;0,5607476635514019;0,7137401292175162
4,9875;6,0;0,5607476635514019;0,7139698492462311
4,9891;6,1;0,5700934579439252;0,7141995692749461
4,9907;6,4;0,5981308411214954;0,7144292893036611
4,9923;6,9;0,6448598130841122;0,7146590093323761
4,9939;7,4;0,691588785046729;0,714888729361091
4,9955;7,9;0,7383177570093459;0,7151184493898061
4,9971;8,3;0,7757009345794393;0,715348169418521
4,9987;8,5;0,7943925233644861;0,7155778894472361
5,0003;8,5;0,7943925233644861;0,7158076094759511
5,0019;8,4;0,7850467289719627;0,716037329504666
5,0035;8,3;0,7757009345794393;0,7162670495333812
5,0051;8,3;0,7757009345794393;0,7164967695620961
5,0067;8,2;0,7663551401869159;0,7167264895908112
5,0083;8,3;0,7757009345794393;0,7169562096195261
5,0099;8,3;0,7757009345794393;0,7171859296482411
5,0115;8,3;0,7757009345794393;0,717415649676956
5,0131;8,2;0,7663551401869159;0,717645369705671
5,0147;8,1;0,7570093457943925;0,7178750897343862
5,0163;8,0;0,7476635514018692;0,7181048097631011
5,0179;7,8;0,7289719626168225;0,7183345297918162
5,0195;7,7;0,7196261682242991;0,7185642498205311
5,0211;7,7;0,7196261682242991;0,7187939698492462
5,0227;7,7;0,7196261682242991;0,7190236898779612
5,0243;7,7;0,7196261682242991;0,7192534099066762
5,0259;7,8;0,7289719626168225;0,7194831299353911
5,0275;7,8;0,7289719626168225;0,7197128499641061
5,0291;7,8;0,7289719626168225;0,7199425699928211
5,0307;7,8;0,7289719626168225;0,7201722900215362
5,0323;7,8;0,7289719626168225;0,7204020100502513
5,0339;7,8;0,7289719626168225;0,7206317300789662
5,0355;7,7;0,7196261682242991;0,7208614501076812
5,0371;7,7;0,7196261682242991;0,7210911701363961
5,0387;7,6;0,7102803738317757;0,7213208901651113
5,0403;7,6;0,7102803738317757;0,7215506101938262
5,0419;7,5;0,7009345794392524;0,7217803302225412
5,0435;7,5;0,7009345794392524;0,7220100502512561
5,0451;7,5;0,7009345794392524;0,7222397702799711
5,0467;7,5;0,7009345794392524;0,7224694903086863
5,0483;7,6;0,7102803738317757;0,7226992103374013
5,0499;7,6;0,7102803738317757;0,7229289303661163
5,0515;7,6;0,7102803738317757;0,7231586503948312
5,0531;7,6;0,7102803738317757;0,7233883704235462
5,0547;7,6;0,7102803738317757;0,7236180904522612
5,0563;7,5;0,7009345794392524;0,7238478104809762
5,0579;7,3;0,6822429906542057;0,7240775305096911
5,0595;7,2;0,6728971962616823;0,7243072505384062
5,0611;7,0;0,6542056074766356;0,7245369705671212
5,0627;6,8;0,6355140186915889;0,7247666905958363
5,0643;6,7;0,6261682242990655;0,7249964106245513
5,0659;6,7;0,6261682242990655;0,7252261306532662
5,0675;6,7;0,6261682242990655;0,7254558506819813
5,0691;6,8;0,6355140186915889;0,7256855707106962
5,0707;6,8;0,6355140186915889;0,7259152907394113
5,0723;6,8;0,6355140186915889;0,7261450107681262
5,0739;6,7;0,6261682242990655;0,7263747307968412
5,0755;6,7;0,6261682242990655;0,7266044508255562
5,0771;6,7;0,6261682242990655;0,7268341708542712
5,0787;6,8;0,6355140186915889;0,7270638908829864
5,0803;7,0;0,6542056074766356;0,7272936109117013
5,0819;7,2;0,6728971962616823;0,7275233309404163
5,0835;7,4;0,691588785046729;0,7277530509691312
5,0851;7,5;0,7009345794392524;0,7279827709978463
5,0867;7,6;0,7102803738317757;0,7282124910265613
5,0883;7,6;0,7102803738317757;0,7284422110552763
5,0899;7,6;0,7102803738317757;0,7286719310839913
5,0915;7,5;0,7009345794392524;0,7289016511127062
5,0931;7,5;0,7009345794392524;0,7291313711414213
5,0947;7,4;0,691588785046729;0,7293610911701363
5,0963;7,4;0,691588785046729;0,7295908111988514
5,0979;7,4;0,691588785046729;0,7298205312275663
5,0995;7,5;0,7009345794392524;0,7300502512562813
5,1011;7,6;0,7102803738317757;0,7302799712849962
5,1027;7,6;0,7102803738317757;0,7305096913137112
5,1043;7,7;0,7196261682242991;0,7307394113424264
5,1059;7,8;0,7289719626168225;0,7309691313711413
5,1075;7,9;0,7383177570093459;0,7311988513998564
5,1091;7,9;0,7383177570093459;0,7314285714285713
5,1107;7,9;0,7383177570093459;0,7316582914572863
5,1123;7,9;0,7383177570093459;0,7318880114860014
5,1139;7,9;0,7383177570093459;0,7321177315147164
5,1155;7,9;0,7383177570093459;0,7323474515434313
5,1171;7,9;0,7383177570093459;0,7325771715721463
5,1187;7,9;0,7383177570093459;0,7328068916008613
5,1203;7,9;0,7383177570093459;0,7330366116295763
5,1219;7,9;0,7383177570093459;0,7332663316582915
5,1235;7,7;0,7196261682242991;0,7334960516870064
5,1251;7,6;0,7102803738317757;0,7337257717157214
5,1267;7,4;0,691588785046729;0,7339554917444363
5,1283;7,2;0,6728971962616823;0,7341852117731514
5,1299;7,1;0,6635514018691588;0,7344149318018663
5,1315;7,1;0,6635514018691588;0,7346446518305814
5,1331;7,1;0,6635514018691588;0,7348743718592964
5,1347;7,1;0,6635514018691588;0,7351040918880113
5,1363;7,2;0,6728971962616823;0,7353338119167265
5,1379;7,2;0,6728971962616823;0,7355635319454414
5,1395;7,3;0,6822429906542057;0,7357932519741565
5,1411;7,3;0,6822429906542057;0,7360229720028714
5,1427;7,2;0,6728971962616823;0,7362526920315864
5,1443;7,1;0,6635514018691588;0,7364824120603014
5,1459;6,9;0,6448598130841122;0,7367121320890164
5,1475;6,7;0,6261682242990655;0,7369418521177313
5,1491;6,5;0,6074766355140188;0,7371715721464464
5,1507;6,3;0,588785046728972;0,7374012921751614
5,1523;6,2;0,5794392523364487;0,7376310122038765
5,1539;6,2;0,5794392523364487;0,7378607322325915
5,1555;6,2;0,5794392523364487;0,7380904522613064
5,1571;6,2;0,5794392523364487;0,7383201722900214
5,1587;6,3;0,588785046728972;0,7385498923187364
5,1603;6,3;0,588785046728972;0,7387796123474515
5,1619;6,2;0,5794392523364487;0,7390093323761664
5,1635;6,2;0,5794392523364487;0,7392390524048814
5,1651;6,2;0,5794392523364487;0,7394687724335964
5,1667;6,3;0,588785046728972;0,7396984924623113
5,1683;6,4;0,5981308411214954;0,7399282124910266
5,1699;6,6;0,616822429906542;0,7401579325197415
5,1715;6,7;0,6261682242990655;0,7403876525484565
5,1731;6,8;0,6355140186915889;0,7406173725771714
5,1747;6,8;0,6355140186915889;0,7408470926058864
5,1763;6,9;0,6448598130841122;0,7410768126346015
5,1779;6,8;0,6355140186915889;0,7413065326633165
5,1795;6,8;0,6355140186915889;0,7415362526920315
5,1811;6,8;0,6355140186915889;0,7417659727207464
5,1827;6,8;0,6355140186915889;0,7419956927494615
5,1843;6,8;0,6355140186915889;0,7422254127781766
5,1859;6,8;0,6355140186915889;0,7424551328068916
5,1875;6,8;0,6355140186915889;0,7426848528356065
5,1891;6,8;0,6355140186915889;0,7429145728643215
5,1907;6,8;0,6355140186915889;0,7431442928930364
5,1923;6,7;0,6261682242990655;0,7433740129217515
5,1939;6,8;0,6355140186915889;0,7436037329504666
5,1955;6,8;0,6355140186915889;0,7438334529791815
5,1971;6,9;0,6448598130841122;0,7440631730078966
5,1987;7,0;0,6542056074766356;0,7442928930366115
5,2003;7,2;0,6728971962616823;0,7445226130653266
5,2019;7,3;0,6822429906542057;0,7447523330940415
5,2035;7,4;0,691588785046729;0,7449820531227566
5,2051;7,4;0,691588785046729;0,7452117731514715
5,2067;7,4;0,691588785046729;0,7454414931801865
5,2083;7,4;0,691588785046729;0,7456712132089016
5,2099;7,3;0,6822429906542057;0,7459009332376165
5,2115;7,3;0,6822429906542057;0,7461306532663317
5,2131;7,2;0,6728971962616823;0,7463603732950466
5,2147;7,2;0,6728971962616823;0,7465900933237616
5,2163;7,3;0,6822429906542057;0,7468198133524766
5,2179;7,4;0,691588785046729;0,7470495333811916
5,2195;7,5;0,7009345794392524;0,7472792534099065
5,2211;7,7;0,7196261682242991;0,7475089734386215
5,2227;7,9;0,7383177570093459;0,7477386934673366
5,2243;8,1;0,7570093457943925;0,7479684134960516
5,2259;8,1;0,7570093457943925;0,7481981335247667
5,2275;8,2;0,7663551401869159;0,7484278535534816
5,2291;8,2;0,7663551401869159;0,7486575735821966
5,2307;8,1;0,7570093457943925;0,7488872936109116
5,2323;8,1;0,7570093457943925;0,7491170136396267
5,2339;8,0;0,7476635514018692;0,7493467336683416
5,2355;8,0;0,7476635514018692;0,7495764536970566
5,2371;8,0;0,7476635514018692;0,7498061737257715
5,2387;8,0;0,7476635514018692;0,7500358937544865
5,2403;8,2;0,7663551401869159;0,7502656137832018
5,2419;8,4;0,7850467289719627;0,7504953338119167
5,2435;8,7;0,8130841121495327;0,7507250538406317
5,2451;8,9;0,8317757009345795;0,7509547738693466
5,2467;9,1;0,8504672897196262;0,7511844938980616
5,2483;9,2;0,8598130841121495;0,7514142139267767
5,2499;9,2;0,8598130841121495;0,7516439339554917
5,2515;9,2;0,8598130841121495;0,7518736539842066
5,2531;9,1;0,8504672897196262;0,7521033740129216
5,2547;9,1;0,8504672897196262;0,7523330940416366
5,2563;9,0;0,8411214953271029;0,7525628140703517
5,2579;9,0;0,8411214953271029;0,7527925340990668
5,2595;9,0;0,8411214953271029;0,7530222541277817
5,2611;9,1;0,8504672897196262;0,7532519741564967
5,2627;9,2;0,8598130841121495;0,7534816941852116
5,2643;9,4;0,8785046728971964;0,7537114142139267
5,2659;9,5;0,8878504672897197;0,7539411342426416
5,2675;9,7;0,9065420560747663;0,7541708542713567
5,2691;9,8;0,9158878504672898;0,7544005743000717
5,2707;9,8;0,9158878504672898;0,7546302943287866
5,2723;9,8;0,9158878504672898;0,7548600143575018
5,2739;9,8;0,9158878504672898;0,7550897343862167
5,2755;9,7;0,9065420560747663;0,7553194544149318
5,2771;9,7;0,9065420560747663;0,7555491744436467
5,2787;9,7;0,9065420560747663;0,7557788944723617
5,2803;9,7;0,9065420560747663;0,7560086145010767
5,2819;9,7;0,9065420560747663;0,7562383345297917
5,2835;9,7;0,9065420560747663;0,7564680545585067
5,2851;9,7;0,9065420560747663;0,7566977745872216
5,2867;9,7;0,9065420560747663;0,7569274946159368
5,2883;9,7;0,9065420560747663;0,7571572146446517
5,2899;9,7;0,9065420560747663;0,7573869346733668
5,2915;9,7;0,9065420560747663;0,7576166547020817
5,2931;9,7;0,9065420560747663;0,7578463747307967
5,2947;9,6;0,897196261682243;0,7580760947595117
5,2963;9,7;0,9065420560747663;0,7583058147882267
5,2979;9,7;0,9065420560747663;0,7585355348169418
5,2995;9,7;0,9065420560747663;0,7587652548456567
5,3011;9,7;0,9065420560747663;0,7589949748743718
5,3027;9,7;0,9065420560747663;0,7592246949030867
5,3043;9,7;0,9065420560747663;0,7594544149318018
5,3059;9,6;0,897196261682243;0,7596841349605168
5,3075;9,5;0,8878504672897197;0,7599138549892318
5,3091;9,3;0,869158878504673;0,7601435750179467
5,3107;9,2;0,8598130841121495;0,7603732950466617
5,3123;9,0;0,8411214953271029;0,7606030150753768
5,3139;9,0;0,8411214953271029;0,7608327351040918
5,3155;8,9;0,8317757009345795;0,7610624551328069
5,3171;9,0;0,8411214953271029;0,7612921751615218
5,3187;9,0;0,8411214953271029;0,7615218951902368
5,3203;9,0;0,8411214953271029;0,7617516152189517
5,3219;9,1;0,8504672897196262;0,7619813352476669
5,3235;9,1;0,8504672897196262;0,7622110552763818
5,3251;9,1;0,8504672897196262;0,7624407753050968
5,3267;9,0;0,8411214953271029;0,7626704953338118
5,3283;9,0;0,8411214953271029;0,7629002153625267
5,3299;8,9;0,8317757009345795;0,763129935391242
5,3315;8,8;0,8224299065420562;0,7633596554199569
5,3331;8,7;0,8130841121495327;0,7635893754486719
5,3347;8,6;0,8037383177570093;0,7638190954773868
5,3363;8,6;0,8037383177570093;0,7640488155061018
5,3379;8,6;0,8037383177570093;0,7642785355348168
5,3395;8,6;0,8037383177570093;0,7645082555635319
5,3411;8,6;0,8037383177570093;0,7647379755922468
5,3427;8,6;0,8037383177570093;0,7649676956209618
5,3443;8,6;0,8037383177570093;0,7651974156496768
5,3459;8,6;0,8037383177570093;0,7654271356783919
5,3475;8,6;0,8037383177570093;0,765656855707107
5,3491;8,6;0,8037383177570093;0,7658865757358219
5,3507;8,6;0,8037383177570093;0,7661162957645369
5,3523;8,5;0,7943925233644861;0,7663460157932518
5,3539;8,4;0,7850467289719627;0,7665757358219669
5,3555;8,3;0,7757009345794393;0,7668054558506818
5,3571;8,3;0,7757009345794393;0,7670351758793968
5,3587;8,3;0,7757009345794393;0,7672648959081119
5,3603;8,3;0,7757009345794393;0,7674946159368268
5,3619;8,3;0,7757009345794393;0,767724335965542
5,3635;8,3;0,7757009345794393;0,7679540559942569
5,3651;8,3;0,7757009345794393;0,7681837760229719
5,3667;8,4;0,7850467289719627;0,7684134960516869
5,3683;8,4;0,7850467289719627;0,7686432160804019
5,3699;8,4;0,7850467289719627;0,7688729361091169
5,3715;8,3;0,7757009345794393;0,7691026561378319
5,3731;8,2;0,7663551401869159;0,7693323761665469
5,3747;8,0;0,7476635514018692;0,7695620961952618
5,3763;7,9;0,7383177570093459;0,769791816223977
5,3779;7,8;0,7289719626168225;0,770021536252692
5,3795;7,7;0,7196261682242991;0,770251256281407
5,3811;7,7;0,7196261682242991;0,7704809763101219
5,3827;7,7;0,7196261682242991;0,7707106963388369
5,3843;7,7;0,7196261682242991;0,7709404163675518
5,3859;7,7;0,7196261682242991;0,771170136396267
5,3875;7,7;0,7196261682242991;0,771399856424982
5,3891;7,7;0,7196261682242991;0,7716295764536969
5,3907;7,7;0,7196261682242991;0,771859296482412
5,3923;7,7;0,7196261682242991;0,7720890165111269
5,3939;7,7;0,7196261682242991;0,7723187365398421
5,3955;7,8;0,7289719626168225;0,772548456568557
5,3971;7,8;0,7289719626168225;0,772778176597272
5,3987;7,8;0,7289719626168225;0,7730078966259869
5,4003;7,7;0,7196261682242991;0,7732376166547019
5,4019;7,6;0,7102803738317757;0,773467336683417
5,4035;7,5;0,7009345794392524;0,773697056712132
5,4051;7,3;0,6822429906542057;0,7739267767408471
5,4067;7,2;0,6728971962616823;0,774156496769562
5,4083;7,1;0,6635514018691588;0,774386216798277
5,4099;7,0;0,6542056074766356;0,774615936826992
5,4115;7,0;0,6542056074766356;0,774845656855707
5,4131;7,1;0,6635514018691588;0,775075376884422
5,4147;7,1;0,6635514018691588;0,775305096913137
5,4163;7,1;0,6635514018691588;0,775534816941852
5,4179;7,1;0,6635514018691588;0,775764536970567
5,4195;7,0;0,6542056074766356;0,7759942569992822
5,4211;7,0;0,6542056074766356;0,7762239770279971
5,4227;7,1;0,6635514018691588;0,7764536970567121
5,4243;7,2;0,6728971962616823;0,776683417085427
5,4259;7,4;0,691588785046729;0,7769131371141421
5,4275;7,5;0,7009345794392524;0,777142857142857
5,4291;7,7;0,7196261682242991;0,777372577171572
5,4307;7,8;0,7289719626168225;0,7776022972002871
5,4323;7,8;0,7289719626168225;0,777832017229002
5,4339;7,8;0,7289719626168225;0,7780617372577172
5,4355;7,8;0,7289719626168225;0,7782914572864321
5,4371;7,8;0,7289719626168225;0,7785211773151471
5,4387;7,7;0,7196261682242991;0,778750897343862
5,4403;7,7;0,7196261682242991;0,7789806173725771
5,4419;7,6;0,7102803738317757;0,7792103374012921
5,4435;7,7;0,7196261682242991;0,7794400574300071
5,4451;7,8;0,7289719626168225;0,779669777458722
5,4467;8,0;0,7476635514018692;0,779899497487437
5,4483;8,2;0,7663551401869159;0,780129217516152
5,4499;8,4;0,7850467289719627;0,7803589375448672
5,4515;8,5;0,7943925233644861;0,7805886575735822
5,4531;8,6;0,8037383177570093;0,7808183776022971
5,4547;8,7;0,8130841121495327;0,7810480976310121
5,4563;8,6;0,8037383177570093;0,781277817659727
5,4579;8,6;0,8037383177570093;0,7815075376884422
5,4595;8,6;0,8037383177570093;0,7817372577171571
5,4611;8,6;0,8037383177570093;0,7819669777458721
5,4627;8,6;0,8037383177570093;0,7821966977745871
5,4643;8,6;0,8037383177570093;0,782426417803302
5,4659;8,6;0,8037383177570093;0,7826561378320173
5,4675;8,5;0,7943925233644861;0,7828858578607322
5,4691;8,4;0,7850467289719627;0,7831155778894472
5,4707;8,2;0,7663551401869159;0,7833452979181621
5,4723;8,1;0,7570093457943925;0,7835750179468771
5,4739;8,0;0,7476635514018692;0,7838047379755921
5,4755;7,9;0,7383177570093459;0,7840344580043072
5,4771;7,9;0,7383177570093459;0,7842641780330222
5,4787;7,9;0,7383177570093459;0,7844938980617371
5,4803;7,9;0,7383177570093459;0,7847236180904522
5,4819;8,0;0,7476635514018692;0,7849533381191672
5,4835;8,0;0,7476635514018692;0,7851830581478823
5,4851;8,0;0,7476635514018692;0,7854127781765972
5,4867;8,0;0,7476635514018692;0,7856424982053122
5,4883;8,0;0,7476635514018692;0,7858722182340271
5,4899;7,9;0,7383177570093459;0,7861019382627421
5,4915;7,9;0,7383177570093459;0,7863316582914572
5,4931;7,8;0,7289719626168225;0,7865613783201721
5,4947;7,8;0,7289719626168225;0,7867910983488873
5,4963;7,8;0,7289719626168225;0,7870208183776022
5,4979;7,8;0,7289719626168225;0,7872505384063172
5,4995;7,8;0,7289719626168225;0,7874802584350322
5,5011;7,8;0,7289719626168225;0,7877099784637472
5,5027;7,8;0,7289719626168225;0,7879396984924621
5,5043;7,7;0,7196261682242991;0,7881694185211772
5,5059;7,7;0,7196261682242991;0,7883991385498922
5,5075;7,6;0,7102803738317757;0,7886288585786072
5,5091;7,6;0,7102803738317757;0,7888585786073223
5,5107;7,8;0,7289719626168225;0,7890882986360372
5,5123;8,0;0,7476635514018692;0,7893180186647523
5,5139;8,3;0,7757009345794393;0,7895477386934672
5,5155;8,7;0,8130841121495327;0,7897774587221823
5,5171;9,0;0,8411214953271029;0,7900071787508972
5,5187;9,2;0,8598130841121495;0,7902368987796122
5,5203;9,3;0,869158878504673;0,7904666188083272
5,5219;9,4;0,8785046728971964;0,7906963388370422
5,5235;9,3;0,869158878504673;0,7909260588657574
5,5251;9,2;0,8598130841121495;0,7911557788944723
5,5267;9,0;0,8411214953271029;0,7913854989231873
5,5283;8,9;0,8317757009345795;0,7916152189519022
5,5299;8,9;0,8317757009345795;0,7918449389806173
5,5315;9,0;0,8411214953271029;0,7920746590093323
5,5331;9,2;0,8598130841121495;0,7923043790380473
5,5347;9,7;0,9065420560747663;0,7925340990667623
5,5363;10,2;0,9532710280373832;0,7927638190954772
5,5379;10,8;1,0093457943925235;0,7929935391241922
5,5395;11,2;1,0467289719626167;0,7932232591529074
5,5411;11,5;1,074766355140187;0,7934529791816224
5,5427;11,5;1,074766355140187;0,7936826992103373
5,5443;11,5;1,074766355140187;0,7939124192390523
5,5459;11,4;1,0654205607476637;0,7941421392677672
5,5475;11,4;1,0654205607476637;0,7943718592964824
5,5491;11,4;1,0654205607476637;0,7946015793251973
5,5507;11,6;1,0841121495327104;0,7948312993539123
5,5523;11,6;1,0841121495327104;0,7950610193826273
5,5539;11,5;1,074766355140187;0,7952907394113422
5,5555;11,1;1,0373831775700935;0,7955204594400574
5,5571;10,5;0,9813084112149534;0,7957501794687724
5,5587;9,8;0,9158878504672898;0,7959798994974874
5,5603;9,1;0,8504672897196262;0,7962096195262023
5,5619;8,6;0,8037383177570093;0,7964393395549173
5,5635;8,3;0,7757009345794393;0,7966690595836323
5,5651;8,2;0,7663551401869159;0,7968987796123473
5,5667;8,3;0,7757009345794393;0,7971284996410624
5,5683;8,5;0,7943925233644861;0,7973582196697773
5,5699;8,6;0,8037383177570093;0,7975879396984924
5,5715;8,6;0,8037383177570093;0,7978176597272074
5,5731;8,6;0,8037383177570093;0,7980473797559224
5,5747;8,6;0,8037383177570093;0,7982770997846373
5,5763;8,5;0,7943925233644861;0,7985068198133524
5,5779;8,6;0,8037383177570093;0,7987365398420673
5,5795;8,6;0,8037383177570093;0,7989662598707824
5,5811;8,7;0,8130841121495327;0,7991959798994974
5,5827;8,6;0,8037383177570093;0,7994256999282123
5,5843;8,5;0,7943925233644861;0,7996554199569275
5,5859;8,3;0,7757009345794393;0,7998851399856424
5,5875;8,0;0,7476635514018692;0,8001148600143575
5,5891;7,7;0,7196261682242991;0,8003445800430724
5,5907;7,4;0,691588785046729;0,8005743000717874
5,5923;7,2;0,6728971962616823;0,8008040201005023
5,5939;7,2;0,6728971962616823;0,8010337401292174
5,5955;7,2;0,6728971962616823;0,8012634601579325
5,5971;7,3;0,6822429906542057;0,8014931801866474
5,5987;7,3;0,6822429906542057;0,8017229002153625
5,6003;7,3;0,6822429906542057;0,8019526202440774
5,6019;7,2;0,6728971962616823;0,8021823402727924
5,6035;7,2;0,6728971962616823;0,8024120603015075
5,6051;7,2;0,6728971962616823;0,8026417803302225
5,6067;7,4;0,691588785046729;0,8028715003589374
5,6083;7,6;0,7102803738317757;0,8031012203876524
5,6099;7,9;0,7383177570093459;0,8033309404163674
5,6115;8,2;0,7663551401869159;0,8035606604450825
5,6131;8,5;0,7943925233644861;0,8037903804737976
5,6147;8,7;0,8130841121495327;0,8040201005025125
5,6163;8,7;0,8130841121495327;0,8042498205312275
5,6179;8,7;0,8130841121495327;0,8044795405599424
5,6195;8,6;0,8037383177570093;0,8047092605886575
5,6211;8,5;0,7943925233644861;0,8049389806173725
5,6227;8,4;0,7850467289719627;0,8051687006460875
5,6243;8,3;0,7757009345794393;0,8053984206748025
5,6259;8,3;0,7757009345794393;0,8056281407035174
5,6275;8,5;0,7943925233644861;0,8058578607322326
5,6291;8,7;0,8130841121495327;0,8060875807609476
5,6307;9,2;0,8598130841121495;0,8063173007896626
5,6323;9,6;0,897196261682243;0,8065470208183775
5,6339;10,1;0,9439252336448598;0,8067767408470925
5,6355;10,4;0,97196261682243;0,8070064608758075
5,6371;10,6;0,9906542056074766;0,8072361809045225
5,6387;10,6;0,9906542056074766;0,8074659009332374
5,6403;10,6;0,9906542056074766;0,8076956209619525
5,6419;10,5;0,9813084112149534;0,8079253409906675
5,6435;10,4;0,97196261682243;0,8081550610193826
5,6451;10,3;0,9626168224299066;0,8083847810480976
5,6467;10,3;0,9626168224299066;0,8086145010768125
5,6483;10,3;0,9626168224299066;0,8088442211055276
5,6499;10,4;0,97196261682243;0,8090739411342425
5,6515;10,6;0,9906542056074766;0,8093036611629576
5,6531;10,7;1,0;0,8095333811916725
5,6547;10,9;1,0186915887850467;0,8097631012203875
5,6563;11,1;1,0373831775700935;0,8099928212491025
5,6579;11,2;1,0467289719626167;0,8102225412778175
5,6595;11,2;1,0467289719626167;0,8104522613065327
5,6611;11,2;1,0467289719626167;0,8106819813352476
5,6627;11,2;1,0467289719626167;0,8109117013639626
5,6643;11,2;1,0467289719626167;0,8111414213926775
5,6659;11,2;1,0467289719626167;0,8113711414213925
5,6675;11,3;1,0560747663551404;0,8116008614501076
5,6691;11,3;1,0560747663551404;0,8118305814788226
5,6707;11,3;1,0560747663551404;0,8120603015075376
5,6723;11,2;1,0467289719626167;0,8122900215362525
5,6739;10,9;1,0186915887850467;0,8125197415649676
5,6755;10,6;0,9906542056074766;0,8127494615936827
5,6771;10,2;0,9532710280373832;0,8129791816223977
5,6787;9,9;0,9252336448598132;0,8132089016511126
5,6803;9,7;0,9065420560747663;0,8134386216798276
5,6819;9,6;0,897196261682243;0,8136683417085425
5,6835;9,6;0,897196261682243;0,8138980617372576
5,6851;9,7;0,9065420560747663;0,8141277817659727
5,6867;9,8;0,9158878504672898;0,8143575017946876
5,6883;9,9;0,9252336448598132;0,8145872218234027
5,6899;9,9;0,9252336448598132;0,8148169418521176
5,6915;9,9;0,9252336448598132;0,8150466618808326
5,6931;9,9;0,9252336448598132;0,8152763819095477
5,6947;9,8;0,9158878504672898;0,8155061019382627
5,6963;9,5;0,8878504672897197;0,8157358219669776
5,6979;9,3;0,869158878504673;0,8159655419956926
5,6995;9,0;0,8411214953271029;0,8161952620244076
5,7011;8,9;0,8317757009345795;0,8164249820531226
5,7027;8,7;0,8130841121495327;0,8166547020818378
5,7043;8,7;0,8130841121495327;0,8168844221105527
5,7059;8,7;0,8130841121495327;0,8171141421392677
5,7075;8,8;0,8224299065420562;0,8173438621679826
5,7091;8,8;0,8224299065420562;0,8175735821966977
5,7107;8,8;0,8224299065420562;0,8178033022254126
5,7123;8,8;0,8224299065420562;0,8180330222541277
5,7139;8,8;0,8224299065420562;0,8182627422828427
5,7155;8,8;0,8224299065420562;0,8184924623115576
5,7171;8,8;0,8224299065420562;0,8187221823402728
5,7187;8,9;0,8317757009345795;0,8189519023689877
5,7203;8,9;0,8317757009345795;0,8191816223977028
5,7219;9,0;0,8411214953271029;0,8194113424264177
5,7235;9,0;0,8411214953271029;0,8196410624551327
5,7251;9,0;0,8411214953271029;0,8198707824838477
5,7267;9,0;0,8411214953271029;0,8201005025125627
5,7283;9,0;0,8411214953271029;0,8203302225412777
5,7299;9,0;0,8411214953271029;0,8205599425699927
5,7315;9,0;0,8411214953271029;0,8207896625987077
5,7331;9,0;0,8411214953271029;0,8210193826274228
5,7347;9,0;0,8411214953271029;0,8212491026561378
5,7363;9,0;0,8411214953271029;0,8214788226848527
5,7379;9,0;0,8411214953271029;0,8217085427135677
5,7395;9,0;0,8411214953271029;0,8219382627422827
5,7411;9,0;0,8411214953271029;0,8221679827709978
5,7427;9,0;0,8411214953271029;0,8223977027997127
5,7443;9,0;0,8411214953271029;0,8226274228284277
5,7459;9,0;0,8411214953271029;0,8228571428571427
5,7475;9,0;0,8411214953271029;0,8230868628858576
5,7491;9,0;0,8411214953271029;0,8233165829145729
5,7507;9,0;0,8411214953271029;0,8235463029432878
5,7523;9,0;0,8411214953271029;0,8237760229720028
5,7539;9,0;0,8411214953271029;0,8240057430007177
5,7555;9,0;0,8411214953271029;0,8242354630294327
5,7571;9,0;0,8411214953271029;0,8244651830581478
5,7587;9,0;0,8411214953271029;0,8246949030868628
5,7603;9,0;0,8411214953271029;0,8249246231155778
5,7619;8,9;0,8317757009345795;0,8251543431442927
5,7635;8,8;0,8224299065420562;0,8253840631730078
5,7651;8,7;0,8130841121495327;0,8256137832017229
5,7667;8,7;0,8130841121495327;0,8258435032304379
5,7683;8,6;0,8037383177570093;0,8260732232591528
5,7699;8,6;0,8037383177570093;0,8263029432878678
5,7715;8,6;0,8037383177570093;0,8265326633165827
5,7731;8,6;0,8037383177570093;0,8267623833452978
5,7747;8,6;0,8037383177570093;0,8269921033740129
5,7763;8,6;0,8037383177570093;0,8272218234027278
5,7779;8,6;0,8037383177570093;0,8274515434314429
5,7795;8,6;0,8037383177570093;0,8276812634601578
5,7811;8,6;0,8037383177570093;0,8279109834888729
5,7827;8,6;0,8037383177570093;0,8281407035175878
5,7843;8,7;0,8130841121495327;0,8283704235463029
5,7859;8,7;0,8130841121495327;0,8286001435750178
5,7875;8,7;0,8130841121495327;0,8288298636037328
5,7891;8,6;0,8037383177570093;0,8290595836324479
5,7907;8,6;0,8037383177570093;0,8292893036611628
5,7923;8,6;0,8037383177570093;0,829519023689878
5,7939;8,5;0,7943925233644861;0,8297487437185929
5,7955;8,5;0,7943925233644861;0,8299784637473079
5,7971;8,4;0,7850467289719627;0,8302081837760229
5,7987;8,4;0,7850467289719627;0,8304379038047379
5,8003;8,4;0,7850467289719627;0,8306676238334528
5,8019;8,4;0,7850467289719627;0,8308973438621678
5,8035;8,4;0,7850467289719627;0,8311270638908829
5,8051;8,4;0,7850467289719627;0,8313567839195979
5,8067;8,4;0,7850467289719627;0,831586503948313
5,8083;8,4;0,7850467289719627;0,8318162239770279
5,8099;8,4;0,7850467289719627;0,8320459440057429
5,8115;8,4;0,7850467289719627;0,8322756640344579
5,8131;8,4;0,7850467289719627;0,832505384063173
5,8147;8,4;0,7850467289719627;0,8327351040918879
5,8163;8,4;0,7850467289719627;0,8329648241206029
5,8179;8,4;0,7850467289719627;0,8331945441493179
5,8195;8,4;0,7850467289719627;0,8334242641780328
5,8211;8,4;0,7850467289719627;0,8336539842067481
5,8227;8,4;0,7850467289719627;0,833883704235463
5,8243;8,4;0,7850467289719627;0,834113424264178
5,8259;8,4;0,7850467289719627;0,8343431442928929
5,8275;8,4;0,7850467289719627;0,8345728643216079
5,8291;8,4;0,7850467289719627;0,834802584350323
5,8307;8,4;0,7850467289719627;0,835032304379038
5,8323;8,4;0,7850467289719627;0,835262024407753
5,8339;8,4;0,7850467289719627;0,8354917444364679
5,8355;8,4;0,7850467289719627;0,8357214644651829
5,8371;8,4;0,7850467289719627;0,835951184493898
5,8387;8,4;0,7850467289719627;0,8361809045226131
5,8403;8,4;0,7850467289719627;0,836410624551328
5,8419;8,4;0,7850467289719627;0,836640344580043
5,8435;8,4;0,7850467289719627;0,8368700646087579
5,8451;8,4;0,7850467289719627;0,837099784637473
5,8467;8,4;0,7850467289719627;0,8373295046661879
5,8483;8,4;0,7850467289719627;0,837559224694903
5,8499;8,5;0,7943925233644861;0,837788944723618
5,8515;8,5;0,7943925233644861;0,8380186647523329
5,8531;8,5;0,7943925233644861;0,8382483847810481
5,8547;8,5;0,7943925233644861;0,838478104809763
5,8563;8,4;0,7850467289719627;0,838707824838478
5,8579;8,2;0,7663551401869159;0,838937544867193
5,8595;7,9;0,7383177570093459;0,839167264895908
5,8611;7,7;0,7196261682242991;0,839396984924623
5,8627;7,5;0,7009345794392524;0,839626704953338
5,8643;7,4;0,691588785046729;0,839856424982053
5,8659;7,3;0,6822429906542057;0,840086145010768
5,8675;7,4;0,691588785046729;0,8403158650394831
5,8691;7,4;0,691588785046729;0,8405455850681981
5,8707;7,5;0,7009345794392524;0,8407753050969131
5,8723;7,6;0,7102803738317757;0,841005025125628
5,8739;7,7;0,7196261682242991;0,841234745154343
5,8755;7,7;0,7196261682242991;0,841464465183058
5,8771;7,6;0,7102803738317757;0,8416941852117731
5,8787;7,3;0,6822429906542057;0,8419239052404881
5,8803;6,9;0,6448598130841122;0,842153625269203
5,8819;6,5;0,6074766355140188;0,8423833452979181
5,8835;6,0;0,5607476635514019;0,842613065326633
5,8851;5,7;0,5327102803738318;0,8428427853553482
5,8867;5,6;0,5233644859813084;0,8430725053840631
5,8883;5,6;0,5233644859813084;0,8433022254127781
5,8899;5,6;0,5233644859813084;0,843531945441493
5,8915;5,7;0,5327102803738318;0,843761665470208
5,8931;5,8;0,5420560747663552;0,843991385498923
5,8947;5,9;0,5514018691588786;0,8442211055276381
5,8963;5,9;0,5514018691588786;0,8444508255563532
5,8979;5,9;0,5514018691588786;0,8446805455850681
5,8995;5,8;0,5420560747663552;0,8449102656137831
5,9011;5,6;0,5233644859813084;0,845139985642498
5,9027;5,5;0,5140186915887851;0,8453697056712132
5,9043;5,3;0,4953271028037383;0,8455994256999281
5,9059;5,2;0,485981308411215;0,8458291457286431
5,9075;5,1;0,4766355140186916;0,8460588657573581
5,9091;5,1;0,4766355140186916;0,846288585786073
5,9107;5,1;0,4766355140186916;0,8465183058147883
5,9123;5,1;0,4766355140186916;0,8467480258435032
5,9139;5,1;0,4766355140186916;0,8469777458722182
5,9155;5,0;0,4672897196261683;0,8472074659009331
5,9171;4,9;0,4579439252336449;0,8474371859296481
5,9187;4,9;0,4579439252336449;0,8476669059583631
5,9203;4,9;0,4579439252336449;0,8478966259870782
5,9219;5,1;0,4766355140186916;0,8481263460157932
5,9235;5,5;0,5140186915887851;0,8483560660445081
5,9251;6,0;0,5607476635514019;0,8485857860732231
5,9267;6,5;0,6074766355140188;0,8488155061019382
5,9283;6,9;0,6448598130841122;0,8490452261306533
5,9299;7,2;0,6728971962616823;0,8492749461593682
5,9315;7,3;0,6822429906542057;0,8495046661880832
5,9331;7,3;0,6822429906542057;0,8497343862167981
5,9347;7,2;0,6728971962616823;0,8499641062455132
5,9363;7,1;0,6635514018691588;0,8501938262742281
5,9379;7,0;0,6542056074766356;0,8504235463029431
5,9395;6,9;0,6448598130841122;0,8506532663316582
5,9411;6,9;0,6448598130841122;0,8508829863603731
5,9427;7,0;0,6542056074766356;0,8511127063890883
5,9443;7,2;0,6728971962616823;0,8513424264178032
5,9459;7,5;0,7009345794392524;0,8515721464465182
5,9475;7,8;0,7289719626168225;0,8518018664752331
5,9491;8,1;0,7570093457943925;0,8520315865039482
5,9507;8,4;0,7850467289719627;0,8522613065326632
5,9523;8,5;0,7943925233644861;0,8524910265613782
5,9539;8,5;0,7943925233644861;0,8527207465900932
5,9555;8,5;0,7943925233644861;0,8529504666188081
5,9571;8,4;0,7850467289719627;0,8531801866475233
5,9587;8,4;0,7850467289719627;0,8534099066762383
5,9603;8,4;0,7850467289719627;0,8536396267049533
5,9619;8,4;0,7850467289719627;0,8538693467336682
5,9635;8,4;0,7850467289719627;0,8540990667623832
5,9651;8,4;0,7850467289719627;0,8543287867910981
5,9667;8,3;0,7757009345794393;0,8545585068198133
5,9683;8,2;0,7663551401869159;0,8547882268485283
5,9699;8,1;0,7570093457943925;0,8550179468772432
5,9715;7,9;0,7383177570093459;0,8552476669059583
5,9731;7,8;0,7289719626168225;0,8554773869346732
5,9747;7,8;0,7289719626168225;0,8557071069633884
5,9763;7,8;0,7289719626168225;0,8559368269921033
5,9779;7,8;0,7289719626168225;0,8561665470208183
5,9795;7,8;0,7289719626168225;0,8563962670495332
5,9811;7,8;0,7289719626168225;0,8566259870782482
5,9827;7,8;0,7289719626168225;0,8568557071069633
5,9843;7,8;0,7289719626168225;0,8570854271356783
5,9859;7,8;0,7289719626168225;0,8573151471643934
5,9875;7,8;0,7289719626168225;0,8575448671931083
5,9891;7,8;0,7289719626168225;0,8577745872218233
5,9907;7,8;0,7289719626168225;0,8580043072505383
5,9923;7,9;0,7383177570093459;0,8582340272792534
5,9939;7,8;0,7289719626168225;0,8584637473079683
5,9955;7,8;0,7289719626168225;0,8586934673366833
5,9971;7,8;0,7289719626168225;0,8589231873653983
5,9987;7,7;0,7196261682242991;0,8591529073941133
6,0003;7,7;0,7196261682242991;0,8593826274228284
6,0019;7,6;0,7102803738317757;0,8596123474515434
6,0035;7,6;0,7102803738317757;0,8598420674802584
6,0051;7,6;0,7102803738317757;0,8600717875089733
6,0067;7,6;0,7102803738317757;0,8603015075376884
6,0083;7,6;0,7102803738317757;0,8605312275664033
6,0099;7,6;0,7102803738317757;0,8607609475951183
6,0115;7,6;0,7102803738317757;0,8609906676238334
6,0131;7,6;0,7102803738317757;0,8612203876525483
6,0147;7,6;0,7102803738317757;0,8614501076812635
6,0163;7,6;0,7102803738317757;0,8616798277099784
6,0179;7,6;0,7102803738317757;0,8619095477386934
6,0195;7,7;0,7196261682242991;0,8621392677674083
6,0211;7,8;0,7289719626168225;0,8623689877961234
6,0227;7,9;0,7383177570093459;0,8625987078248384
6,0243;8,0;0,7476635514018692;0,8628284278535534
6,0259;8,0;0,7476635514018692;0,8630581478822684
6,0275;8,0;0,7476635514018692;0,8632878679109833
6,0291;8,0;0,7476635514018692;0,8635175879396984
6,0307;8,0;0,7476635514018692;0,8637473079684135
6,0323;8,0;0,7476635514018692;0,8639770279971285
6,0339;8,0;0,7476635514018692;0,8642067480258434
6,0355;8,0;0,7476635514018692;0,8644364680545584
6,0371;8,0;0,7476635514018692;0,8646661880832733
6,0387;8,0;0,7476635514018692;0,8648959081119885
6,0403;8,0;0,7476635514018692;0,8651256281407034
6,0419;8,1;0,7570093457943925;0,8653553481694184
6,0435;8,2;0,7663551401869159;0,8655850681981334
6,0451;8,2;0,7663551401869159;0,8658147882268483
6,0467;8,3;0,7757009345794393;0,8660445082555636
6,0483;8,3;0,7757009345794393;0,8662742282842785
6,0499;8,3;0,7757009345794393;0,8665039483129935
6,0515;8,3;0,7757009345794393;0,8667336683417084
6,0531;8,3;0,7757009345794393;0,8669633883704234
6,0547;8,3;0,7757009345794393;0,8671931083991384
6,0563;8,3;0,7757009345794393;0,8674228284278535
6,0579;8,3;0,7757009345794393;0,8676525484565685
6,0595;8,3;0,7757009345794393;0,8678822684852834
6,0611;8,3;0,7757009345794393;0,8681119885139985
6,0627;8,3;0,7757009345794393;0,8683417085427135
6,0643;8,2;0,7663551401869159;0,8685714285714285
6,0659;8,2;0,7663551401869159;0,8688011486001435
6,0675;8,2;0,7663551401869159;0,8690308686288585
6,0691;8,2;0,7663551401869159;0,8692605886575734
6,0707;8,2;0,7663551401869159;0,8694903086862885
6,0723;8,2;0,7663551401869159;0,8697200287150035
6,0739;8,2;0,7663551401869159;0,8699497487437184
6,0755;8,2;0,7663551401869159;0,8701794687724336
6,0771;8,2;0,7663551401869159;0,8704091888011485
6,0787;8,2;0,7663551401869159;0,8706389088298636
6,0803;8,2;0,7663551401869159;0,8708686288585785
6,0819;8,2;0,7663551401869159;0,8710983488872935
6,0835;8,2;0,7663551401869159;0,8713280689160084
6,0851;8,3;0,7757009345794393;0,8715577889447235
6,0867;8,4;0,7850467289719627;0,8717875089734386
6,0883;8,5;0,7943925233644861;0,8720172290021535
6,0899;8,6;0,8037383177570093;0,8722469490308686
6,0915;8,6;0,8037383177570093;0,8724766690595835
6,0931;8,6;0,8037383177570093;0,8727063890882986
6,0947;8,6;0,8037383177570093;0,8729361091170135
6,0963;8,6;0,8037383177570093;0,8731658291457286
6,0979;8,6;0,8037383177570093;0,8733955491744435
6,0995;8,6;0,8037383177570093;0,8736252692031585
6,1011;8,6;0,8037383177570093;0,8738549892318735
6,1027;8,6;0,8037383177570093;0,8740847092605885
6,1043;8,6;0,8037383177570093;0,8743144292893037
6,1059;8,6;0,8037383177570093;0,8745441493180186
6,1075;8,7;0,8130841121495327;0,8747738693467336
6,1091;8,8;0,8224299065420562;0,8750035893754485
6,1107;8,9;0,8317757009345795;0,8752333094041636
6,1123;8,9;0,8317757009345795;0,8754630294328786
6,1139;8,9;0,8317757009345795;0,8756927494615936
6,1155;8,9;0,8317757009345795;0,8759224694903086
6,1171;8,9;0,8317757009345795;0,8761521895190235
6,1187;8,9;0,8317757009345795;0,8763819095477385
6,1203;8,9;0,8317757009345795;0,8766116295764537
6,1219;9,0;0,8411214953271029;0,8768413496051687
6,1235;9,0;0,8411214953271029;0,8770710696338836
6,1251;9,0;0,8411214953271029;0,8773007896625986
6,1267;9,0;0,8411214953271029;0,8775305096913135
6,1283;8,8;0,8224299065420562;0,8777602297200287
6,1299;8,6;0,8037383177570093;0,8779899497487437
6,1315;8,4;0,7850467289719627;0,8782196697774586
6,1331;8,2;0,7663551401869159;0,8784493898061736
6,1347;8,1;0,7570093457943925;0,8786791098348885
6,1363;8,0;0,7476635514018692;0,8789088298636037
6,1379;8,0;0,7476635514018692;0,8791385498923187
6,1395;8,0;0,7476635514018692;0,8793682699210337
6,1411;8,1;0,7570093457943925;0,8795979899497486
6,1427;8,1;0,7570093457943925;0,8798277099784636
6,1443;8,2;0,7663551401869159;0,8800574300071786
6,1459;8,2;0,7663551401869159;0,8802871500358936
6,1475;8,1;0,7570093457943925;0,8805168700646087
6,1491;8,1;0,7570093457943925;0,8807465900933236
6,1507;8,1;0,7570093457943925;0,8809763101220387
6,1523;8,0;0,7476635514018692;0,8812060301507537
6,1539;7,9;0,7383177570093459;0,8814357501794687
6,1555;7,9;0,7383177570093459;0,8816654702081836
6,1571;7,9;0,7383177570093459;0,8818951902368987
6,1587;7,9;0,7383177570093459;0,8821249102656136
6,1603;7,9;0,7383177570093459;0,8823546302943287
6,1619;7,9;0,7383177570093459;0,8825843503230437
6,1635;7,9;0,7383177570093459;0,8828140703517586
6,1651;7,8;0,7289719626168225;0,8830437903804738
6,1667;7,8;0,7289719626168225;0,8832735104091887
6,1683;7,8;0,7289719626168225;0,8835032304379038
6,1699;7,8;0,7289719626168225;0,8837329504666187
6,1715;7,9;0,7383177570093459;0,8839626704953337
6,1731;8,0;0,7476635514018692;0,8841923905240486
6,1747;8,2;0,7663551401869159;0,8844221105527637
6,1763;8,3;0,7757009345794393;0,8846518305814788
6,1779;8,5;0,7943925233644861;0,8848815506101937
6,1795;8,6;0,8037383177570093;0,8851112706389088
6,1811;8,6;0,8037383177570093;0,8853409906676237
6,1827;8,6;0,8037383177570093;0,8855707106963387
6,1843;8,5;0,7943925233644861;0,8858004307250538
6,1859;8,5;0,7943925233644861;0,8860301507537688
6,1875;8,5;0,7943925233644861;0,8862598707824837
6,1891;8,5;0,7943925233644861;0,8864895908111987
6,1907;8,5;0,7943925233644861;0,8867193108399137
6,1923;8,5;0,7943925233644861;0,8869490308686288
6,1939;8,5;0,7943925233644861;0,8871787508973439
6,1955;8,5;0,7943925233644861;0,8874084709260588
6,1971;8,4;0,7850467289719627;0,8876381909547738
6,1987;8,4;0,7850467289719627;0,8878679109834887
6,2003;8,5;0,7943925233644861;0,8880976310122038
6,2019;8,7;0,8130841121495327;0,8883273510409188
6,2035;8,9;0,8317757009345795;0,8885570710696338
6,2051;9,2;0,8598130841121495;0,8887867910983488
6,2067;9,4;0,8785046728971964;0,8890165111270637
6,2083;9,5;0,8878504672897197;0,8892462311557789
6,2099;9,6;0,897196261682243;0,8894759511844939
6,2115;9,6;0,897196261682243;0,8897056712132089
6,2131;9,6;0,897196261682243;0,8899353912419238
6,2147;9,5;0,8878504672897197;0,8901651112706388
6,2163;9,5;0,8878504672897197;0,8903948312993538
6,2179;9,4;0,8785046728971964;0,8906245513280688
6,2195;9,4;0,8785046728971964;0,8908542713567839
6,2211;9,4;0,8785046728971964;0,8910839913854988
6,2227;9,5;0,8878504672897197;0,8913137114142138
6,2243;9,7;0,9065420560747663;0,8915434314429289
6,2259;9,9;0,9252336448598132;0,8917731514716439
6,2275;10,0;0,9345794392523366;0,8920028715003588
6,2291;10,2;0,9532710280373832;0,8922325915290739
6,2307;10,3;0,9626168224299066;0,8924623115577888
6,2323;10,3;0,9626168224299066;0,8926920315865039
6,2339;10,3;0,9626168224299066;0,8929217516152188
6,2355;10,3;0,9626168224299066;0,8931514716439338
6,2371;10,2;0,9532710280373832;0,8933811916726488
6,2387;10,3;0,9626168224299066;0,8936109117013638
6,2403;10,3;0,9626168224299066;0,893840631730079
6,2419;10,3;0,9626168224299066;0,8940703517587939
6,2435;10,3;0,9626168224299066;0,8943000717875089
6,2451;10,2;0,9532710280373832;0,8945297918162238
6,2467;10,0;0,9345794392523366;0,8947595118449388
6,2483;9,8;0,9158878504672898;0,8949892318736539
6,2499;9,6;0,897196261682243;0,8952189519023689
6,2515;9,5;0,8878504672897197;0,8954486719310839
6,2531;9,4;0,8785046728971964;0,8956783919597988
6,2547;9,3;0,869158878504673;0,8959081119885139
6,2563;9,3;0,869158878504673;0,896137832017229
6,2579;9,4;0,8785046728971964;0,896367552045944
6,2595;9,4;0,8785046728971964;0,8965972720746589
6,2611;9,5;0,8878504672897197;0,8968269921033739
6,2627;9,6;0,897196261682243;0,8970567121320888
6,2643;9,6;0,897196261682243;0,897286432160804
6,2659;9,5;0,8878504672897197;0,897516152189519
6,2675;9,3;0,869158878504673;0,8977458722182339
6,2691;9,1;0,8504672897196262;0,897975592246949
6,2707;8,8;0,8224299065420562;0,8982053122756639
6,2723;8,6;0,8037383177570093;0,898435032304379
6,2739;8,4;0,7850467289719627;0,898664752333094
6,2755;8,3;0,7757009345794393;0,898894472361809
6,2771;8,3;0,7757009345794393;0,8991241923905239
6,2787;8,4;0,7850467289719627;0,8993539124192389
6,2803;8,4;0,7850467289719627;0,899583632447954
6,2819;8,4;0,7850467289719627;0,8998133524766689
6,2835;8,4;0,7850467289719627;0,9000430725053841
6,2851;8,4;0,7850467289719627;0,900272792534099
6,2867;8,4;0,7850467289719627;0,900502512562814
6,2883;8,4;0,7850467289719627;0,9007322325915289
6,2899;8,5;0,7943925233644861;0,900961952620244
6,2915;8,7;0,8130841121495327;0,9011916726489589
6,2931;8,8;0,8224299065420562;0,901421392677674
6,2947;9,0;0,8411214953271029;0,901651112706389
6,2963;9,1;0,8504672897196262;0,9018808327351039
6,2979;9,1;0,8504672897196262;0,9021105527638191
6,2995;9,2;0,8598130841121495;0,902340272792534
6,3011;9,1;0,8504672897196262;0,9025699928212491
6,3027;9,1;0,8504672897196262;0,902799712849964
6,3043;9,0;0,8411214953271029;0,903029432878679
6,3059;9,0;0,8411214953271029;0,903259152907394
6,3075;9,0;0,8411214953271029;0,903488872936109
6,3091;9,0;0,8411214953271029;0,903718592964824
6,3107;9,1;0,8504672897196262;0,903948312993539
6,3123;9,2;0,8598130841121495;0,904178033022254
6,3139;9,4;0,8785046728971964;0,9044077530509691
6,3155;9,6;0,897196261682243;0,9046374730796841
6,3171;9,8;0,9158878504672898;0,904867193108399
6,3187;9,9;0,9252336448598132;0,905096913137114
6,3203;9,9;0,9252336448598132;0,905326633165829
6,3219;9,9;0,9252336448598132;0,9055563531945441
6,3235;9,9;0,9252336448598132;0,9057860732232591
6,3251;9,9;0,9252336448598132;0,906015793251974
6,3267;9,8;0,9158878504672898;0,906245513280689
6,3283;9,8;0,9158878504672898;0,9064752333094039
6,3299;9,9;0,9252336448598132;0,9067049533381192
6,3315;9,9;0,9252336448598132;0,9069346733668341
6,3331;9,8;0,9158878504672898;0,9071643933955491
6,3347;9,8;0,9158878504672898;0,907394113424264
6,3363;9,7;0,9065420560747663;0,907623833452979
6,3379;9,7;0,9065420560747663;0,907853553481694
6,3395;9,6;0,897196261682243;0,9080832735104091
6,3411;9,6;0,897196261682243;0,9083129935391241
6,3427;9,6;0,897196261682243;0,908542713567839
6,3443;9,6;0,897196261682243;0,9087724335965541
6,3459;9,6;0,897196261682243;0,9090021536252691
6,3475;9,6;0,897196261682243;0,9092318736539842
6,3491;9,7;0,9065420560747663;0,9094615936826991
6,3507;9,7;0,9065420560747663;0,9096913137114141
6,3523;9,7;0,9065420560747663;0,909921033740129
6,3539;9,7;0,9065420560747663;0,9101507537688441
6,3555;9,5;0,8878504672897197;0,9103804737975592
6,3571;9,3;0,869158878504673;0,9106101938262741
6,3587;9,0;0,8411214953271029;0,9108399138549892
6,3603;8,7;0,8130841121495327;0,9110696338837041
6,3619;8,6;0,8037383177570093;0,9112993539124192
6,3635;8,5;0,7943925233644861;0,9115290739411341
6,3651;8,4;0,7850467289719627;0,9117587939698492
6,3667;8,5;0,7943925233644861;0,9119885139985641
6,3683;8,5;0,7943925233644861;0,9122182340272791
6,3699;8,6;0,8037383177570093;0,9124479540559942
6,3715;8,6;0,8037383177570093;0,9126776740847091
6,3731;8,5;0,7943925233644861;0,9129073941134243
6,3747;8,5;0,7943925233644861;0,9131371141421392
6,3763;8,5;0,7943925233644861;0,9133668341708542
6,3779;8,6;0,8037383177570093;0,9135965541995692
6,3795;8,7;0,8130841121495327;0,9138262742282842
6,3811;8,7;0,8130841121495327;0,9140559942569991
6,3827;8,7;0,8130841121495327;0,9142857142857141
6,3843;8,5;0,7943925233644861;0,9145154343144292
6,3859;8,2;0,7663551401869159;0,9147451543431442
6,3875;7,9;0,7383177570093459;0,9149748743718593
6,3891;7,6;0,7102803738317757;0,9152045944005742
6,3907;7,3;0,6822429906542057;0,9154343144292892
6,3923;7,1;0,6635514018691588;0,9156640344580042
6,3939;7,1;0,6635514018691588;0,9158937544867193
6,3955;7,1;0,6635514018691588;0,9161234745154342
6,3971;7,2;0,6728971962616823;0,9163531945441492
6,3987;7,2;0,6728971962616823;0,9165829145728642
6,4003;7,3;0,6822429906542057;0,9168126346015791
6,4019;7,3;0,6822429906542057;0,9170423546302944
6,4035;7,3;0,6822429906542057;0,9172720746590093
6,4051;7,3;0,6822429906542057;0,9175017946877243
6,4067;7,2;0,6728971962616823;0,9177315147164392
6,4083;7,2;0,6728971962616823;0,9179612347451542
6,4099;7,1;0,6635514018691588;0,9181909547738693
6,4115;7,1;0,6635514018691588;0,9184206748025843
6,4131;7,1;0,6635514018691588;0,9186503948312993
6,4147;7,1;0,6635514018691588;0,9188801148600142
6,4163;7,0;0,6542056074766356;0,9191098348887292
6,4179;7,0;0,6542056074766356;0,9193395549174443
6,4195;7,1;0,6635514018691588;0,9195692749461594
6,4211;7,1;0,6635514018691588;0,9197989949748743
6,4227;7,1;0,6635514018691588;0,9200287150035893
6,4243;7,1;0,6635514018691588;0,9202584350323042
6,4259;7,1;0,6635514018691588;0,9204881550610193
6,4275;7,1;0,6635514018691588;0,9207178750897343
6,4291;7,0;0,6542056074766356;0,9209475951184493
6,4307;7,0;0,6542056074766356;0,9211773151471643
6,4323;6,9;0,6448598130841122;0,9214070351758792
6,4339;6,9;0,6448598130841122;0,9216367552045944
6,4355;6,8;0,6355140186915889;0,9218664752333093
6,4371;6,8;0,6355140186915889;0,9220961952620244
6,4387;6,8;0,6355140186915889;0,9223259152907393
6,4403;6,8;0,6355140186915889;0,9225556353194543
6,4419;6,8;0,6355140186915889;0,9227853553481693
6,4435;6,8;0,6355140186915889;0,9230150753768843
6,4451;6,8;0,6355140186915889;0,9232447954055993
6,4467;6,9;0,6448598130841122;0,9234745154343142
6,4483;6,8;0,6355140186915889;0,9237042354630294
6,4499;6,8;0,6355140186915889;0,9239339554917444
6,4515;6,8;0,6355140186915889;0,9241636755204594
6,4531;6,7;0,6261682242990655;0,9243933955491743
6,4547;6,6;0,616822429906542;0,9246231155778893
6,4563;6,6;0,616822429906542;0,9248528356066043
6,4579;6,6;0,616822429906542;0,9250825556353194
6,4595;6,5;0,6074766355140188;0,9253122756640344
6,4611;6,6;0,616822429906542;0,9255419956927493
6,4627;6,6;0,616822429906542;0,9257717157214644
6,4643;6,6;0,616822429906542;0,9260014357501793
6,4659;6,6;0,616822429906542;0,9262311557788945
6,4675;6,6;0,616822429906542;0,9264608758076094
6,4691;6,5;0,6074766355140188;0,9266905958363244
6,4707;6,6;0,616822429906542;0,9269203158650393
6,4723;6,6;0,616822429906542;0,9271500358937543
6,4739;6,6;0,616822429906542;0,9273797559224695
6,4755;6,7;0,6261682242990655;0,9276094759511844
6,4771;6,7;0,6261682242990655;0,9278391959798995
6,4787;6,8;0,6355140186915889;0,9280689160086144
6,4803;6,8;0,6355140186915889;0,9282986360373294
6,4819;6,8;0,6355140186915889;0,9285283560660444
6,4835;6,8;0,6355140186915889;0,9287580760947595
6,4851;6,8;0,6355140186915889;0,9289877961234744
6,4867;6,8;0,6355140186915889;0,9292175161521894
6,4883;6,8;0,6355140186915889;0,9294472361809044
6,4899;6,8;0,6355140186915889;0,9296769562096193
6,4915;6,8;0,6355140186915889;0,9299066762383346
6,4931;6,8;0,6355140186915889;0,9301363962670495
6,4947;6,8;0,6355140186915889;0,9303661162957645
6,4963;6,9;0,6448598130841122;0,9305958363244794
6,4979;6,9;0,6448598130841122;0,9308255563531944
6,4995;7,0;0,6542056074766356;0,9310552763819094
6,5011;7,1;0,6635514018691588;0,9312849964106245
6,5027;7,1;0,6635514018691588;0,9315147164393395
6,5043;7,1;0,6635514018691588;0,9317444364680544
6,5059;7,1;0,6635514018691588;0,9319741564967694
6,5075;7,1;0,6635514018691588;0,9322038765254845
6,5091;7,1;0,6635514018691588;0,9324335965541996
6,5107;7,0;0,6542056074766356;0,9326633165829145
6,5123;7,0;0,6542056074766356;0,9328930366116295
6,5139;7,0;0,6542056074766356;0,9331227566403444
6,5155;7,1;0,6635514018691588;0,9333524766690595
6,5171;7,1;0,6635514018691588;0,9335821966977745
6,5187;7,2;0,6728971962616823;0,9338119167264894
6,5203;7,2;0,6728971962616823;0,9340416367552045
6,5219;7,3;0,6822429906542057;0,9342713567839194
6,5235;7,3;0,6822429906542057;0,9345010768126346
6,5251;7,4;0,691588785046729;0,9347307968413495
6,5267;7,4;0,691588785046729;0,9349605168700645
6,5283;7,4;0,691588785046729;0,9351902368987794
6,5299;7,3;0,6822429906542057;0,9354199569274945
6,5315;7,3;0,6822429906542057;0,9356496769562096
6,5331;7,3;0,6822429906542057;0,9358793969849245
6,5347;7,3;0,6822429906542057;0,9361091170136395
6,5363;7,3;0,6822429906542057;0,9363388370423544
6,5379;7,3;0,6822429906542057;0,9365685570710696
6,5395;7,4;0,691588785046729;0,9367982770997846
6,5411;7,4;0,691588785046729;0,9370279971284996
6,5427;7,5;0,7009345794392524;0,9372577171572145
6,5443;7,6;0,7102803738317757;0,9374874371859295
6,5459;7,6;0,7102803738317757;0,9377171572146444
6,5475;7,6;0,7102803738317757;0,9379468772433596
6,5491;7,7;0,7196261682242991;0,9381765972720746
6,5507;7,6;0,7102803738317757;0,9384063173007895
6,5523;7,6;0,7102803738317757;0,9386360373295046
6,5539;7,6;0,7102803738317757;0,9388657573582195
6,5555;7,6;0,7102803738317757;0,9390954773869347
6,5571;7,6;0,7102803738317757;0,9393251974156496
6,5587;7,6;0,7102803738317757;0,9395549174443646
6,5603;7,6;0,7102803738317757;0,9397846374730795
6,5619;7,7;0,7196261682242991;0,9400143575017945
6,5635;7,8;0,7289719626168225;0,9402440775305096
6,5651;7,9;0,7383177570093459;0,9404737975592246
6,5667;8,0;0,7476635514018692;0,9407035175879397
6,5683;8,0;0,7476635514018692;0,9409332376166546
6,5699;8,0;0,7476635514018692;0,9411629576453696
6,5715;8,0;0,7476635514018692;0,9413926776740846
6,5731;8,0;0,7476635514018692;0,9416223977027997
6,5747;8,0;0,7476635514018692;0,9418521177315146
6,5763;8,0;0,7476635514018692;0,9420818377602296
6,5779;8,0;0,7476635514018692;0,9423115577889446
6,5795;8,0;0,7476635514018692;0,9425412778176596
6,5811;8,0;0,7476635514018692;0,9427709978463747
6,5827;8,0;0,7476635514018692;0,9430007178750897
6,5843;8,0;0,7476635514018692;0,9432304379038047
6,5859;8,0;0,7476635514018692;0,9434601579325196
6,5875;8,0;0,7476635514018692;0,9436898779612347
6,5891;8,0;0,7476635514018692;0,9439195979899496
6,5907;8,1;0,7570093457943925;0,9441493180186646
6,5923;8,2;0,7663551401869159;0,9443790380473797
6,5939;8,3;0,7757009345794393;0,9446087580760946
6,5955;8,4;0,7850467289719627;0,9448384781048098
6,5971;8,5;0,7943925233644861;0,9450681981335247
6,5987;8,5;0,7943925233644861;0,9452979181622397
6,6003;8,6;0,8037383177570093;0,9455276381909546
6,6019;8,5;0,7943925233644861;0,9457573582196697
6,6035;8,5;0,7943925233644861;0,9459870782483847
6,6051;8,5;0,7943925233644861;0,9462167982770997
6,6067;8,5;0,7943925233644861;0,9464465183058147
6,6083;8,5;0,7943925233644861;0,9466762383345296
6,6099;8,5;0,7943925233644861;0,9469059583632446
6,6115;8,5;0,7943925233644861;0,9471356783919598
6,6131;8,6;0,8037383177570093;0,9473653984206748
6,6147;8,6;0,8037383177570093;0,9475951184493897
6,6163;8,7;0,8130841121495327;0,9478248384781047
6,6179;8,8;0,8224299065420562;0,9480545585068196
6,6195;8,8;0,8224299065420562;0,9482842785355348
6,6211;8,8;0,8224299065420562;0,9485139985642498
6,6227;8,8;0,8224299065420562;0,9487437185929647
6,6243;8,8;0,8224299065420562;0,9489734386216797
6,6259;8,8;0,8224299065420562;0,9492031586503946
6,6275;8,8;0,8224299065420562;0,9494328786791099
6,6291;8,8;0,8224299065420562;0,9496625987078248
6,6307;8,8;0,8224299065420562;0,9498923187365398
6,6323;8,8;0,8224299065420562;0,9501220387652547
6,6339;8,8;0,8224299065420562;0,9503517587939697
6,6355;8,8;0,8224299065420562;0,9505814788226847
6,6371;8,8;0,8224299065420562;0,9508111988513998
6,6387;8,8;0,8224299065420562;0,9510409188801148
6,6403;8,9;0,8317757009345795;0,9512706389088297
6,6419;8,9;0,8317757009345795;0,9515003589375448
6,6435;8,9;0,8317757009345795;0,9517300789662598
6,6451;8,9;0,8317757009345795;0,9519597989949748
6,6467;8,9;0,8317757009345795;0,9521895190236898
6,6483;8,9;0,8317757009345795;0,9524192390524048
6,6499;8,8;0,8224299065420562;0,9526489590811197
6,6515;8,8;0,8224299065420562;0,9528786791098348
6,6531;8,8;0,8224299065420562;0,9531083991385498
6,6547;8,8;0,8224299065420562;0,9533381191672647
6,6563;8,9;0,8317757009345795;0,9535678391959799
6,6579;9,0;0,8411214953271029;0,9537975592246948
6,6595;9,1;0,8504672897196262;0,9540272792534099
6,6611;9,2;0,8598130841121495;0,9542569992821248
6,6627;9,3;0,869158878504673;0,9544867193108398
6,6643;9,3;0,869158878504673;0,9547164393395547
6,6659;9,4;0,8785046728971964;0,9549461593682698
6,6675;9,4;0,8785046728971964;0,9551758793969849
6,6691;9,3;0,869158878504673;0,9554055994256998
6,6707;9,3;0,869158878504673;0,9556353194544149
6,6723;9,3;0,869158878504673;0,9558650394831298
6,6739;9,2;0,8598130841121495;0,9560947595118449
6,6755;9,2;0,8598130841121495;0,9563244795405599
6,6771;9,3;0,869158878504673;0,9565541995692749
6,6787;9,4;0,8785046728971964;0,9567839195979898
6,6803;9,5;0,8878504672897197;0,9570136396267048
6,6819;9,6;0,897196261682243;0,9572433596554198
6,6835;9,8;0,9158878504672898;0,9574730796841349
6,6851;9,9;0,9252336448598132;0,95770279971285
6,6867;9,9;0,9252336448598132;0,9579325197415649
6,6883;9,9;0,9252336448598132;0,9581622397702799
6,6899;9,9;0,9252336448598132;0,9583919597989948
6,6915;9,9;0,9252336448598132;0,9586216798277098
6,6931;9,8;0,9158878504672898;0,9588513998564249
6,6947;9,8;0,9158878504672898;0,9590811198851399
6,6963;9,8;0,9158878504672898;0,9593108399138549
6,6979;9,8;0,9158878504672898;0,9595405599425698
6,6995;9,8;0,9158878504672898;0,9597702799712848
6,7011;9,9;0,9252336448598132;0,96
6,7027;9,9;0,9252336448598132;0,960229720028715
6,7043;9,8;0,9158878504672898;0,9604594400574299
6,7059;9,8;0,9158878504672898;0,9606891600861449
6,7075;9,8;0,9158878504672898;0,9609188801148598
6,7091;9,8;0,9158878504672898;0,961148600143575
6,7107;9,8;0,9158878504672898;0,96137832017229
6,7123;9,8;0,9158878504672898;0,9616080402010049
6,7139;9,8;0,9158878504672898;0,9618377602297199
6,7155;9,8;0,9158878504672898;0,9620674802584348
6,7171;9,9;0,9252336448598132;0,96229720028715
6,7187;9,9;0,9252336448598132;0,962526920315865
6,7203;9,9;0,9252336448598132;0,96275664034458
6,7219;9,8;0,9158878504672898;0,9629863603732949
6,7235;9,8;0,9158878504672898;0,9632160804020099
6,7251;9,8;0,9158878504672898;0,963445800430725
6,7267;9,7;0,9065420560747663;0,9636755204594399
6,7283;9,7;0,9065420560747663;0,963905240488155
6,7299;9,6;0,897196261682243;0,9641349605168699
6,7315;9,6;0,897196261682243;0,964364680545585
6,7331;9,6;0,897196261682243;0,9645944005743
6,7347;9,6;0,897196261682243;0,964824120603015
6,7363;9,7;0,9065420560747663;0,9650538406317299
6,7379;9,7;0,9065420560747663;0,965283560660445
6,7395;9,7;0,9065420560747663;0,9655132806891599
6,7411;9,7;0,9065420560747663;0,965743000717875
6,7427;9,7;0,9065420560747663;0,96597272074659
6,7443;9,6;0,897196261682243;0,9662024407753049
6,7459;9,5;0,8878504672897197;0,9664321608040201
6,7475;9,4;0,8785046728971964;0,966661880832735
6,7491;9,4;0,8785046728971964;0,9668916008614501
6,7507;9,3;0,869158878504673;0,967121320890165
6,7523;9,2;0,8598130841121495;0,96735104091888
6,7539;9,2;0,8598130841121495;0,9675807609475949
6,7555;9,2;0,8598130841121495;0,96781048097631
6,7571;9,3;0,869158878504673;0,9680402010050251
6,7587;9,3;0,869158878504673;0,96826992103374
6,7603;9,3;0,869158878504673;0,9684996410624551
6,7619;9,4;0,8785046728971964;0,96872936109117
6,7635;9,3;0,869158878504673;0,968959081119885
6,7651;9,3;0,869158878504673;0,9691888011486001
6,7667;9,2;0,8598130841121495;0,9694185211773151
6,7683;9,1;0,8504672897196262;0,96964824120603
6,7699;8,9;0,8317757009345795;0,969877961234745
6,7715;8,8;0,8224299065420562;0,97010768126346
6,7731;8,7;0,8130841121495327;0,970337401292175
6,7747;8,6;0,8037383177570093;0,9705671213208902
6,7763;8,6;0,8037383177570093;0,9707968413496051
6,7779;8,6;0,8037383177570093;0,9710265613783201
6,7795;8,7;0,8130841121495327;0,971256281407035
6,7811;8,7;0,8130841121495327;0,9714860014357501
6,7827;8,7;0,8130841121495327;0,971715721464465
6,7843;8,7;0,8130841121495327;0,9719454414931801
6,7859;8,6;0,8037383177570093;0,9721751615218951
6,7875;8,7;0,8130841121495327;0,97240488155061
6,7891;8,7;0,8130841121495327;0,9726346015793252
6,7907;8,7;0,8130841121495327;0,9728643216080402
6,7923;8,8;0,8224299065420562;0,9730940416367552
6,7939;8,7;0,8130841121495327;0,9733237616654701
6,7955;8,6;0,8037383177570093;0,9735534816941851
6,7971;8,4;0,7850467289719627;0,9737832017229001
6,7987;8,2;0,7663551401869159;0,9740129217516151
6,8003;8,0;0,7476635514018692;0,9742426417803302
6,8019;7,8;0,7289719626168225;0,9744723618090451
6,8035;7,7;0,7196261682242991;0,9747020818377601
6,8051;7,7;0,7196261682242991;0,9749318018664752
6,8067;7,7;0,7196261682242991;0,9751615218951902
6,8083;7,7;0,7196261682242991;0,9753912419239051
6,8099;7,8;0,7289719626168225;0,9756209619526202
6,8115;7,8;0,7289719626168225;0,9758506819813351
6,8131;7,9;0,7383177570093459;0,9760804020100502
6,8147;7,8;0,7289719626168225;0,9763101220387652
6,8163;7,8;0,7289719626168225;0,9765398420674801
6,8179;7,7;0,7196261682242991;0,9767695620961951
6,8195;7,5;0,7009345794392524;0,97699928212491
6,8211;7,4;0,691588785046729;0,9772290021536253
6,8227;7,2;0,6728971962616823;0,9774587221823402
6,8243;7,1;0,6635514018691588;0,9776884422110552
6,8259;7,1;0,6635514018691588;0,9779181622397701
6,8275;7,1;0,6635514018691588;0,9781478822684851
6,8291;7,1;0,6635514018691588;0,9783776022972003
6,8307;7,1;0,6635514018691588;0,9786073223259152
6,8323;7,1;0,6635514018691588;0,9788370423546302
6,8339;7,2;0,6728971962616823;0,9790667623833451
6,8355;7,2;0,6728971962616823;0,9792964824120602
6,8371;7,1;0,6635514018691588;0,9795262024407753
6,8387;7,1;0,6635514018691588;0,9797559224694903
6,8403;7,1;0,6635514018691588;0,9799856424982052
6,8419;7,1;0,6635514018691588;0,9802153625269202
6,8435;7,1;0,6635514018691588;0,9804450825556351
6,8451;7,0;0,6542056074766356;0,9806748025843502
6,8467;7,0;0,6542056074766356;0,9809045226130653
6,8483;7,0;0,6542056074766356;0,9811342426417802
6,8499;7,0;0,6542056074766356;0,9813639626704953
6,8515;7,1;0,6635514018691588;0,9815936826992102
6,8531;7,0;0,6542056074766356;0,9818234027279253
6,8547;7,0;0,6542056074766356;0,9820531227566403
6,8563;7,0;0,6542056074766356;0,9822828427853553
6,8579;7,0;0,6542056074766356;0,9825125628140702
6,8595;7,0;0,6542056074766356;0,9827422828427852
6,8611;7,1;0,6635514018691588;0,9829720028715003
6,8627;7,2;0,6728971962616823;0,9832017229002152
6,8643;7,3;0,6822429906542057;0,9834314429289304
6,8659;7,5;0,7009345794392524;0,9836611629576453
6,8675;7,6;0,7102803738317757;0,9838908829863603
6,8691;7,7;0,7196261682242991;0,9841206030150753
6,8707;7,7;0,7196261682242991;0,9843503230437903
6,8723;7,7;0,7196261682242991;0,9845800430725052
6,8739;7,7;0,7196261682242991;0,9848097631012203
6,8755;7,6;0,7102803738317757;0,9850394831299353
6,8771;7,6;0,7102803738317757;0,9852692031586503
6,8787;7,6;0,7102803738317757;0,9854989231873654
6,8803;7,7;0,7196261682242991;0,9857286432160803
6,8819;7,7;0,7196261682242991;0,9859583632447954
6,8835;7,6;0,7102803738317757;0,9861880832735103
6,8851;7,6;0,7102803738317757;0,9864178033022254
6,8867;7,6;0,7102803738317757;0,9866475233309403
6,8883;7,5;0,7009345794392524;0,9868772433596553
6,8899;7,5;0,7009345794392524;0,9871069633883703
6,8915;7,5;0,7009345794392524;0,9873366834170852
6,8931;7,5;0,7009345794392524;0,9875664034458003
6,8947;7,5;0,7009345794392524;0,9877961234745154
6,8963;7,5;0,7009345794392524;0,9880258435032304
6,8979;7,5;0,7009345794392524;0,9882555635319453
6,8995;7,5;0,7009345794392524;0,9884852835606603
6,9011;7,5;0,7009345794392524;0,9887150035893753
6,9027;7,5;0,7009345794392524;0,9889447236180904
6,9043;7,5;0,7009345794392524;0,9891744436468054
6,9059;7,6;0,7102803738317757;0,9894041636755203
6,9075;7,8;0,7289719626168225;0,9896338837042353
6,9091;7,9;0,7383177570093459;0,9898636037329502
6,9107;8,1;0,7570093457943925;0,9900933237616655
6,9123;8,2;0,7663551401869159;0,9903230437903804
6,9139;8,3;0,7757009345794393;0,9905527638190954
6,9155;8,3;0,7757009345794393;0,9907824838478103
6,9171;8,3;0,7757009345794393;0,9910122038765253
6,9187;8,3;0,7757009345794393;0,9912419239052405
6,9203;8,2;0,7663551401869159;0,9914716439339554
6,9219;8,1;0,7570093457943925;0,9917013639626704
6,9235;8,1;0,7570093457943925;0,9919310839913853
6,9251;8,1;0,7570093457943925;0,9921608040201004
6,9267;8,2;0,7663551401869159;0,9923905240488154
6,9283;8,4;0,7850467289719627;0,9926202440775305
6,9299;8,7;0,8130841121495327;0,9928499641062454
6,9315;9,0;0,8411214953271029;0,9930796841349604
6,9331;9,2;0,8598130841121495;0,9933094041636753
6,9347;9,4;0,8785046728971964;0,9935391241923904
6,9363;9,5;0,8878504672897197;0,9937688442211055
6,9379;9,5;0,8878504672897197;0,9939985642498204
6,9395;9,4;0,8785046728971964;0,9942282842785355
6,9411;9,4;0,8785046728971964;0,9944580043072504
6,9427;9,3;0,869158878504673;0,9946877243359655
6,9443;9,3;0,869158878504673;0,9949174443646804
6,9459;9,3;0,869158878504673;0,9951471643933955
6,9475;9,3;0,869158878504673;0,9953768844221104
6,9491;9,4;0,8785046728971964;0,9956066044508254
6,9507;9,4;0,8785046728971964;0,9958363244795405
6,9523;9,5;0,8878504672897197;0,9960660445082554
6,9539;9,5;0,8878504672897197;0,9962957645369706
6,9555;9,5;0,8878504672897197;0,9965254845656855
6,9571;9,6;0,897196261682243;0,9967552045944005
6,9587;9,6;0,897196261682243;0,9969849246231155
6,9603;9,6;0,897196261682243;0,9972146446518305
6,9619;9,6;0,897196261682243;0,9974443646805454
6,9635;9,6;0,897196261682243;0,9976740847092604
6,9651;9,6;0,897196261682243;0,9979038047379755
6,9667;9,5;0,8878504672897197;0,9981335247666905
6,9683;9,5;0,8878504672897197;0,9983632447954056
6,9699;9,5;0,8878504672897197;0,9985929648241205
6,9715;9,6;0,897196261682243;0,9988226848528355
6,9731;9,6;0,897196261682243;0,9990524048815504
6,9747;9,6;0,897196261682243;0,9992821249102656
6,9763;9,6;0,897196261682243;0,9995118449389805
6,9779;9,6;0,897196261682243;0,9997415649676955
6,9795;9,5;0,8878504672897197;0,9999712849964105
6,9811;9,4;0,8785046728971964;1,0002010050251255
6,9827;9,2;0,8598130841121495;1,0004307250538407
6,9843;9,1;0,8504672897196262;1,0006604450825556
6,9859;8,9;0,8317757009345795;1,0008901651112705
6,9875;8,9;0,8317757009345795;1,0011198851399854
6,9891;8,8;0,8224299065420562;1,0013496051687005
6,9907;8,9;0,8317757009345795;1,0015793251974154
6,9923;8,9;0,8317757009345795;1,0018090452261306
6,9939;9,0;0,8411214953271029;1,0020387652548457
6,9955;9,1;0,8504672897196262;1,0022684852835606
6,9971;9,2;0,8598130841121495;1,0024982053122755
6,9987;9,1;0,8504672897196262;1,0027279253409906
7,0003;9,0;0,8411214953271029;1,0029576453697056
7,0019;8,6;0,8037383177570093;1,0031873653984205
7,0035;8,1;0,7570093457943925;1,0034170854271356
7,0051;7,7;0,7196261682242991;1,0036468054558505
7,0067;7,2;0,6728971962616823;1,0038765254845656
7,0083;6,9;0,6448598130841122;1,0041062455132808
7,0099;6,8;0,6355140186915889;1,0043359655419957
7,0115;6,8;0,6355140186915889;1,0045656855707106
7,0131;6,9;0,6448598130841122;1,0047954055994255
7,0147;7,0;0,6542056074766356;1,0050251256281406
7,0163;7,1;0,6635514018691588;1,0052548456568555
7,0179;7,1;0,6635514018691588;1,0054845656855707
7,0195;7,1;0,6635514018691588;1,0057142857142856
7,0211;7,1;0,6635514018691588;1,0059440057430005
7,0227;7,0;0,6542056074766356;1,0061737257717158
7,0243;6,9;0,6448598130841122;1,0064034458004307
7,0259;6,7;0,6261682242990655;1,0066331658291456
7,0275;6,6;0,616822429906542;1,0068628858578605
7,0291;6,5;0,6074766355140188;1,0070926058865757
7,0307;6,4;0,5981308411214954;1,0073223259152906
7,0323;6,4;0,5981308411214954;1,0075520459440057
7,0339;6,4;0,5981308411214954;1,0077817659727206
7,0355;6,4;0,5981308411214954;1,0080114860014355
7,0371;6,4;0,5981308411214954;1,0082412060301504
7,0387;6,4;0,5981308411214954;1,0084709260588658
7,0403;6,4;0,5981308411214954;1,0087006460875807
7,0419;6,4;0,5981308411214954;1,0089303661162956
7,0435;6,4;0,5981308411214954;1,0091600861450107
7,0451;6,5;0,6074766355140188;1,0093898061737256
7,0467;6,7;0,6261682242990655;1,0096195262024408
7,0483;6,9;0,6448598130841122;1,0098492462311557
7,0499;7,1;0,6635514018691588;1,0100789662598706
7,0515;7,3;0,6822429906542057;1,0103086862885855
7,0531;7,4;0,691588785046729;1,0105384063173006
7,0547;7,4;0,691588785046729;1,0107681263460158
7,0563;7,4;0,691588785046729;1,0109978463747307
7,0579;7,4;0,691588785046729;1,0112275664034458
7,0595;7,3;0,6822429906542057;1,0114572864321607
7,0611;7,2;0,6728971962616823;1,0116870064608756
7,0627;7,2;0,6728971962616823;1,0119167264895907
7,0643;7,2;0,6728971962616823;1,0121464465183057
7,0659;7,3;0,6822429906542057;1,0123761665470206
7,0675;7,5;0,7009345794392524;1,0126058865757357
7,0691;7,8;0,7289719626168225;1,0128356066044508
7,0707;8,1;0,7570093457943925;1,0130653266331657
7,0723;8,4;0,7850467289719627;1,0132950466618809
7,0739;8,6;0,8037383177570093;1,0135247666905958
7,0755;8,7;0,8130841121495327;1,0137544867193107
7,0771;8,8;0,8224299065420562;1,0139842067480256
7,0787;8,7;0,8130841121495327;1,0142139267767407
7,0803;8,6;0,8037383177570093;1,0144436468054556
7,0819;8,6;0,8037383177570093;1,0146733668341708
7,0835;8,5;0,7943925233644861;1,0149030868628859
7,0851;8,5;0,7943925233644861;1,0151328068916008
7,0867;8,6;0,8037383177570093;1,015362526920316
7,0883;8,6;0,8037383177570093;1,0155922469490308
7,0899;8,7;0,8130841121495327;1,0158219669777457
7,0915;8,8;0,8224299065420562;1,0160516870064606
7,0931;8,9;0,8317757009345795;1,0162814070351758
7,0947;9,0;0,8411214953271029;1,0165111270638907
7,0963;9,0;0,8411214953271029;1,0167408470926058
7,0979;9,0;0,8411214953271029;1,016970567121321
7,0995;9,0;0,8411214953271029;1,0172002871500359
7,1011;9,0;0,8411214953271029;1,0174300071787508
7,1027;9,0;0,8411214953271029;1,0176597272074657
7,1043;9,0;0,8411214953271029;1,0178894472361808
7,1059;9,1;0,8504672897196262;1,0181191672648957
7,1075;9,1;0,8504672897196262;1,0183488872936108
7,1091;9,1;0,8504672897196262;1,0185786073223257
7,1107;9,0;0,8411214953271029;1,0188083273510407
7,1123;8,8;0,8224299065420562;1,019038047379756
7,1139;8,6;0,8037383177570093;1,019267767408471
7,1155;8,3;0,7757009345794393;1,0194974874371858
7,1171;8,1;0,7570093457943925;1,0197272074659007
7,1187;8,0;0,7476635514018692;1,0199569274946159
7,1203;7,9;0,7383177570093459;1,0201866475233308
7,1219;7,9;0,7383177570093459;1,020416367552046
7,1235;8,0;0,7476635514018692;1,0206460875807608
7,1251;8,1;0,7570093457943925;1,0208758076094757
7,1267;8,1;0,7570093457943925;1,0211055276381906
7,1283;8,1;0,7570093457943925;1,021335247666906
7,1299;8,1;0,7570093457943925;1,0215649676956209
7,1315;8,1;0,7570093457943925;1,0217946877243358
7,1331;8,0;0,7476635514018692;1,022024407753051
7,1347;7,9;0,7383177570093459;1,0222541277817658
7,1363;7,7;0,7196261682242991;1,022483847810481
7,1379;7,5;0,7009345794392524;1,0227135678391959
7,1395;7,4;0,691588785046729;1,0229432878679108
7,1411;7,4;0,691588785046729;1,0231730078966257
7,1427;7,3;0,6822429906542057;1,0234027279253408
7,1443;7,4;0,691588785046729;1,023632447954056
7,1459;7,4;0,691588785046729;1,0238621679827709
7,1475;7,4;0,691588785046729;1,024091888011486
7,1491;7,4;0,691588785046729;1,024321608040201
7,1507;7,4;0,691588785046729;1,0245513280689158
7,1523;7,4;0,691588785046729;1,024781048097631
7,1539;7,4;0,691588785046729;1,0250107681263458
7,1555;7,4;0,691588785046729;1,0252404881550607
7,1571;7,5;0,7009345794392524;1,0254702081837759
7,1587;7,6;0,7102803738317757;1,025699928212491
7,1603;7,7;0,7196261682242991;1,025929648241206
7,1619;7,7;0,7196261682242991;1,026159368269921
7,1635;7,7;0,7196261682242991;1,026389088298636
7,1651;7,7;0,7196261682242991;1,0266188083273509
7,1667;7,7;0,7196261682242991;1,0268485283560658
7,1683;7,7;0,7196261682242991;1,027078248384781
7,1699;7,7;0,7196261682242991;1,0273079684134958
7,1715;7,7;0,7196261682242991;1,027537688442211
7,1731;7,7;0,7196261682242991;1,027767408470926
7,1747;7,7;0,7196261682242991;1,027997128499641
7,1763;7,7;0,7196261682242991;1,028226848528356
7,1779;7,7;0,7196261682242991;1,028456568557071
7,1795;7,7;0,7196261682242991;1,028686288585786
7,1811;7,7;0,7196261682242991;1,0289160086145008
7,1827;7,7;0,7196261682242991;1,029145728643216
7,1843;7,7;0,7196261682242991;1,0293754486719309
7,1859;7,7;0,7196261682242991;1,029605168700646
7,1875;7,7;0,7196261682242991;1,0298348887293611
7,1891;7,7;0,7196261682242991;1,030064608758076
7,1907;7,6;0,7102803738317757;1,030294328786791
7,1923;7,6;0,7102803738317757;1,030524048815506
7,1939;7,6;0,7102803738317757;1,030753768844221
7,1955;7,6;0,7102803738317757;1,030983488872936
7,1971;7,6;0,7102803738317757;1,031213208901651
7,1987;7,6;0,7102803738317757;1,031442928930366
7,2003;7,7;0,7196261682242991;1,031672648959081
7,2019;7,7;0,7196261682242991;1,0319023689877962
7,2035;7,7;0,7196261682242991;1,032132089016511
7,2051;7,7;0,7196261682242991;1,032361809045226
7,2067;7,5;0,7009345794392524;1,032591529073941
7,2083;7,3;0,6822429906542057;1,032821249102656
7,2099;7,1;0,6635514018691588;1,033050969131371
7,2115;6,9;0,6448598130841122;1,033280689160086
7,2131;6,7;0,6261682242990655;1,033510409188801
7,2147;6,6;0,616822429906542;1,033740129217516
7,2163;6,6;0,616822429906542;1,0339698492462313
7,2179;6,6;0,616822429906542;1,0341995692749462
7,2195;6,6;0,616822429906542;1,034429289303661
7,2211;6,7;0,6261682242990655;1,034659009332376
7,2227;6,8;0,6355140186915889;1,034888729361091
7,2243;6,9;0,6448598130841122;1,035118449389806
7,2259;6,9;0,6448598130841122;1,0353481694185211
7,2275;6,7;0,6261682242990655;1,035577889447236
7,2291;6,5;0,6074766355140188;1,035807609475951
7,2307;6,1;0,5700934579439252;1,0360373295046659
7,2323;5,6;0,5233644859813084;1,0362670495333812
7,2339;5,3;0,4953271028037383;1,0364967695620961
7,2355;5,0;0,4672897196261683;1,036726489590811
7,2371;4,9;0,4579439252336449;1,0369562096195262
7,2387;4,9;0,4579439252336449;1,037185929648241
7,2403;5,0;0,4672897196261683;1,0374156496769562
7,2419;5,1;0,4766355140186916;1,0376453697056711
7,2435;5,1;0,4766355140186916;1,037875089734386
7,2451;5,0;0,4672897196261683;1,038104809763101
7,2467;5,0;0,4672897196261683;1,038334529791816
7,2483;5,0;0,4672897196261683;1,0385642498205312
7,2499;5,1;0,4766355140186916;1,038793969849246
7,2515;5,3;0,4953271028037383;1,0390236898779612
7,2531;5,5;0,5140186915887851;1,0392534099066761
7,2547;5,8;0,5420560747663552;1,039483129935391
7,2563;6,0;0,5607476635514019;1,0397128499641062
7,2579;6,2;0,5794392523364487;1,039942569992821
7,2595;6,3;0,588785046728972;1,040172290021536
7,2611;6,3;0,588785046728972;1,0404020100502511
7,2627;6,2;0,5794392523364487;1,0406317300789663
7,2643;6,1;0,5700934579439252;1,0408614501076812
7,2659;6,0;0,5607476635514019;1,0410911701363963
7,2675;6,0;0,5607476635514019;1,0413208901651112
7,2691;5,9;0,5514018691588786;1,041550610193826
7,2707;6,0;0,5607476635514019;1,041780330222541
7,2723;6,2;0,5794392523364487;1,0420100502512561
7,2739;6,5;0,6074766355140188;1,042239770279971
7,2755;6,9;0,6448598130841122;1,0424694903086862
7,2771;7,3;0,6822429906542057;1,0426992103374013
7,2787;7,6;0,7102803738317757;1,0429289303661162
7,2803;7,8;0,7289719626168225;1,0431586503948314
7,2819;7,8;0,7289719626168225;1,0433883704235463
7,2835;7,8;0,7289719626168225;1,0436180904522612
7,2851;7,7;0,7196261682242991;1,043847810480976
7,2867;7,6;0,7102803738317757;1,0440775305096912
7,2883;7,6;0,7102803738317757;1,0443072505384061
7,2899;7,6;0,7102803738317757;1,0445369705671212
7,2915;7,6;0,7102803738317757;1,0447666905958364
7,2931;7,7;0,7196261682242991;1,0449964106245513
7,2947;7,6;0,7102803738317757;1,0452261306532662
7,2963;7,6;0,7102803738317757;1,045455850681981
7,2979;7,5;0,7009345794392524;1,0456855707106962
7,2995;7,5;0,7009345794392524;1,0459152907394111
7,3011;7,4;0,691588785046729;1,0461450107681263
7,3027;7,4;0,691588785046729;1,0463747307968412
7,3043;7,4;0,691588785046729;1,046604450825556
7,3059;7,4;0,691588785046729;1,0468341708542714
7,3075;7,4;0,691588785046729;1,0470638908829863
7,3091;7,4;0,691588785046729;1,0472936109117013
7,3107;7,4;0,691588785046729;1,0475233309404162
7,3123;7,4;0,691588785046729;1,0477530509691313
7,3139;7,4;0,691588785046729;1,0479827709978462
7,3155;7,4;0,691588785046729;1,0482124910265613
7,3171;7,4;0,691588785046729;1,0484422110552762
7,3187;7,3;0,6822429906542057;1,0486719310839911
7,3203;7,3;0,6822429906542057;1,0489016511127063
7,3219;7,2;0,6728971962616823;1,0491313711414214
7,3235;7,2;0,6728971962616823;1,0493610911701363
7,3251;7,1;0,6635514018691588;1,0495908111988512
7,3267;7,1;0,6635514018691588;1,0498205312275664
7,3283;7,1;0,6635514018691588;1,0500502512562813
7,3299;7,2;0,6728971962616823;1,0502799712849964
7,3315;7,2;0,6728971962616823;1,0505096913137113
7,3331;7,2;0,6728971962616823;1,0507394113424262
7,3347;7,2;0,6728971962616823;1,0509691313711411
7,3363;7,2;0,6728971962616823;1,0511988513998562
7,3379;7,2;0,6728971962616823;1,0514285714285714
7,3395;7,0;0,6542056074766356;1,0516582914572863
7,3411;6,9;0,6448598130841122;1,0518880114860014
7,3427;6,7;0,6261682242990655;1,0521177315147163
7,3443;6,6;0,616822429906542;1,0523474515434312
7,3459;6,5;0,6074766355140188;1,0525771715721464
7,3475;6,5;0,6074766355140188;1,0528068916008613
7,3491;6,5;0,6074766355140188;1,0530366116295762
7,3507;6,5;0,6074766355140188;1,0532663316582913
7,3523;6,5;0,6074766355140188;1,0534960516870064
7,3539;6,5;0,6074766355140188;1,0537257717157213
7,3555;6,5;0,6074766355140188;1,0539554917444365
7,3571;6,5;0,6074766355140188;1,0541852117731514
7,3587;6,5;0,6074766355140188;1,0544149318018663
7,3603;6,5;0,6074766355140188;1,0546446518305812
7,3619;6,7;0,6261682242990655;1,0548743718592963
7,3635;6,8;0,6355140186915889;1,0551040918880112
7,3651;7,0;0,6542056074766356;1,0553338119167264
7,3667;7,1;0,6635514018691588;1,0555635319454415
7,3683;7,1;0,6635514018691588;1,0557932519741564
7,3699;7,1;0,6635514018691588;1,0560229720028715
7,3715;7,1;0,6635514018691588;1,0562526920315864
7,3731;7,1;0,6635514018691588;1,0564824120603014
7,3747;7,1;0,6635514018691588;1,0567121320890163
7,3763;7,1;0,6635514018691588;1,0569418521177314
7,3779;7,1;0,6635514018691588;1,0571715721464463
7,3795;7,2;0,6728971962616823;1,0574012921751614
7,3811;7,1;0,6635514018691588;1,0576310122038766
7,3827;7,0;0,6542056074766356;1,0578607322325915
7,3843;6,9;0,6448598130841122;1,0580904522613064
7,3859;6,8;0,6355140186915889;1,0583201722900215
7,3875;6,9;0,6448598130841122;1,0585498923187364
7,3891;7,1;0,6635514018691588;1,0587796123474513
7,3907;7,5;0,7009345794392524;1,0590093323761665
7,3923;8,1;0,7570093457943925;1,0592390524048814
7,3939;8,7;0,8130841121495327;1,0594687724335965
7,3955;9,2;0,8598130841121495;1,0596984924623116
7,3971;9,6;0,897196261682243;1,0599282124910265
7,3987;9,8;0,9158878504672898;1,0601579325197414
7,4003;9,8;0,9158878504672898;1,0603876525484563
7,4019;9,7;0,9065420560747663;1,0606173725771715
7,4035;9,5;0,8878504672897197;1,0608470926058864
7,4051;9,5;0,8878504672897197;1,0610768126346015
7,4067;9,5;0,8878504672897197;1,0613065326633164
7,4083;9,5;0,8878504672897197;1,0615362526920313
7,4099;9,5;0,8878504672897197;1,0617659727207467
7,4115;9,5;0,8878504672897197;1,0619956927494616
7,4131;9,5;0,8878504672897197;1,0622254127781765
7,4147;9,5;0,8878504672897197;1,0624551328068914
7,4163;9,5;0,8878504672897197;1,0626848528356065
7,4179;9,4;0,8785046728971964;1,0629145728643214
7,4195;9,4;0,8785046728971964;1,0631442928930366
7,4211;9,4;0,8785046728971964;1,0633740129217515
7,4227;9,4;0,8785046728971964;1,0636037329504664
7,4243;9,4;0,8785046728971964;1,0638334529791813
7,4259;9,4;0,8785046728971964;1,0640631730078967
7,4275;9,5;0,8878504672897197;1,0642928930366116
7,4291;9,6;0,897196261682243;1,0645226130653265
7,4307;9,6;0,897196261682243;1,0647523330940416
7,4323;9,5;0,8878504672897197;1,0649820531227565
7,4339;9,3;0,869158878504673;1,0652117731514716
7,4355;9,0;0,8411214953271029;1,0654414931801865
7,4371;8,5;0,7943925233644861;1,0656712132089015
7,4387;8,1;0,7570093457943925;1,0659009332376164
7,4403;7,8;0,7289719626168225;1,0661306532663315
7,4419;7,6;0,7102803738317757;1,0663603732950466
7,4435;7,6;0,7102803738317757;1,0665900933237615
7,4451;7,6;0,7102803738317757;1,0668198133524767
7,4467;7,7;0,7196261682242991;1,0670495333811916
7,4483;7,8;0,7289719626168225;1,0672792534099065
7,4499;7,8;0,7289719626168225;1,0675089734386216
7,4515;7,9;0,7383177570093459;1,0677386934673365
7,4531;7,9;0,7383177570093459;1,0679684134960514
7,4547;7,8;0,7289719626168225;1,0681981335247666
7,4563;7,7;0,7196261682242991;1,0684278535534817
7,4579;7,5;0,7009345794392524;1,0686575735821966
7,4595;7,3;0,6822429906542057;1,0688872936109117
7,4611;7,1;0,6635514018691588;1,0691170136396266
7,4627;7,0;0,6542056074766356;1,0693467336683415
7,4643;6,9;0,6448598130841122;1,0695764536970565
7,4659;6,9;0,6448598130841122;1,0698061737257716
7,4675;6,9;0,6448598130841122;1,0700358937544865
7,4691;7,0;0,6542056074766356;1,0702656137832016
7,4707;7,0;0,6542056074766356;1,0704953338119167
7,4723;7,0;0,6542056074766356;1,0707250538406317
7,4739;7,0;0,6542056074766356;1,0709547738693468
7,4755;7,0;0,6542056074766356;1,0711844938980617
7,4771;7,0;0,6542056074766356;1,0714142139267766
7,4787;6,9;0,6448598130841122;1,0716439339554915
7,4803;6,9;0,6448598130841122;1,0718736539842066
7,4819;6,9;0,6448598130841122;1,0721033740129216
7,4835;6,8;0,6355140186915889;1,0723330940416367
7,4851;6,8;0,6355140186915889;1,0725628140703518
7,4867;6,8;0,6355140186915889;1,0727925340990667
7,4883;6,8;0,6355140186915889;1,0730222541277816
7,4899;6,8;0,6355140186915889;1,0732519741564965
7,4915;6,8;0,6355140186915889;1,0734816941852117
7,4931;6,8;0,6355140186915889;1,0737114142139266
7,4947;6,8;0,6355140186915889;1,0739411342426417
7,4963;6,8;0,6355140186915889;1,0741708542713566
7,4979;6,8;0,6355140186915889;1,0744005743000715
7,4995;6,8;0,6355140186915889;1,0746302943287869
7,5011;6,8;0,6355140186915889;1,0748600143575018
7,5027;6,8;0,6355140186915889;1,0750897343862167
7,5043;6,8;0,6355140186915889;1,0753194544149316
7,5059;6,8;0,6355140186915889;1,0755491744436467
7,5075;6,9;0,6448598130841122;1,0757788944723616
7,5091;6,9;0,6448598130841122;1,0760086145010768
7,5107;6,9;0,6448598130841122;1,0762383345297917
7,5123;6,9;0,6448598130841122;1,0764680545585066
7,5139;6,8;0,6355140186915889;1,0766977745872217
7,5155;6,8;0,6355140186915889;1,0769274946159368
7,5171;6,8;0,6355140186915889;1,0771572146446518
7,5187;6,8;0,6355140186915889;1,0773869346733667
7,5203;6,8;0,6355140186915889;1,0776166547020818
7,5219;6,9;0,6448598130841122;1,0778463747307967
7,5235;6,9;0,6448598130841122;1,0780760947595118
7,5251;6,9;0,6448598130841122;1,0783058147882267
7,5267;7,0;0,6542056074766356;1,0785355348169416
7,5283;7,0;0,6542056074766356;1,0787652548456566
7,5299;7,0;0,6542056074766356;1,0789949748743717
7,5315;7,0;0,6542056074766356;1,0792246949030868
7,5331;7,0;0,6542056074766356;1,0794544149318017
7,5347;7,0;0,6542056074766356;1,0796841349605169
7,5363;7,0;0,6542056074766356;1,0799138549892318
7,5379;7,0;0,6542056074766356;1,0801435750179467
7,5395;7,0;0,6542056074766356;1,0803732950466618
7,5411;7,0;0,6542056074766356;1,0806030150753767
7,5427;7,0;0,6542056074766356;1,0808327351040916
7,5443;7,0;0,6542056074766356;1,0810624551328067
7,5459;7,0;0,6542056074766356;1,0812921751615219
7,5475;7,0;0,6542056074766356;1,0815218951902368
7,5491;6,9;0,6448598130841122;1,081751615218952
7,5507;6,9;0,6448598130841122;1,0819813352476668
7,5523;6,9;0,6448598130841122;1,0822110552763817
7,5539;6,9;0,6448598130841122;1,0824407753050966
7,5555;6,9;0,6448598130841122;1,0826704953338118
7,5571;6,9;0,6448598130841122;1,0829002153625267
7,5587;6,9;0,6448598130841122;1,0831299353912418
7,5603;6,9;0,6448598130841122;1,083359655419957
7,5619;6,9;0,6448598130841122;1,0835893754486718
7,5635;6,9;0,6448598130841122;1,083819095477387
7,5651;6,9;0,6448598130841122;1,0840488155061019
7,5667;6,9;0,6448598130841122;1,0842785355348168
7,5683;6,9;0,6448598130841122;1,0845082555635317
7,5699;6,9;0,6448598130841122;1,0847379755922468
7,5715;6,9;0,6448598130841122;1,0849676956209617
7,5731;6,9;0,6448598130841122;1,0851974156496769
7,5747;6,9;0,6448598130841122;1,085427135678392
7,5763;6,9;0,6448598130841122;1,085656855707107
7,5779;6,9;0,6448598130841122;1,0858865757358218
7,5795;6,9;0,6448598130841122;1,086116295764537
7,5811;6,9;0,6448598130841122;1,0863460157932519
7,5827;7,0;0,6542056074766356;1,0865757358219668
7,5843;7,0;0,6542056074766356;1,086805455850682
7,5859;7,0;0,6542056074766356;1,0870351758793968
7,5875;6,9;0,6448598130841122;1,087264895908112
7,5891;6,9;0,6448598130841122;1,087494615936827
7,5907;6,8;0,6355140186915889;1,087724335965542
7,5923;6,8;0,6355140186915889;1,0879540559942569
7,5939;6,9;0,6448598130841122;1,0881837760229718
7,5955;7,0;0,6542056074766356;1,088413496051687
7,5971;7,3;0,6822429906542057;1,0886432160804018
7,5987;7,6;0,7102803738317757;1,088872936109117
7,6003;7,9;0,7383177570093459;1,0891026561378319
7,6019;8,1;0,7570093457943925;1,0893323761665468
7,6035;8,3;0,7757009345794393;1,0895620961952621
7,6051;8,3;0,7757009345794393;1,089791816223977
7,6067;8,3;0,7757009345794393;1,090021536252692
7,6083;8,2;0,7663551401869159;1,0902512562814068
7,6099;8,1;0,7570093457943925;1,090480976310122
7,6115;8,0;0,7476635514018692;1,0907106963388369
7,6131;8,0;0,7476635514018692;1,090940416367552
7,6147;8,0;0,7476635514018692;1,091170136396267
7,6163;8,1;0,7570093457943925;1,0913998564249818
7,6179;8,3;0,7757009345794393;1,091629576453697
7,6195;8,7;0,8130841121495327;1,091859296482412
7,6211;9,0;0,8411214953271029;1,092089016511127
7,6227;9,3;0,869158878504673;1,092318736539842
7,6243;9,6;0,897196261682243;1,092548456568557
7,6259;9,7;0,9065420560747663;1,092778176597272
7,6275;9,7;0,9065420560747663;1,093007896625987
7,6291;9,7;0,9065420560747663;1,093237616654702
7,6307;9,6;0,897196261682243;1,093467336683417
7,6323;9,5;0,8878504672897197;1,0936970567121318
7,6339;9,4;0,8785046728971964;1,093926776740847
7,6355;9,4;0,8785046728971964;1,094156496769562
7,6371;9,4;0,8785046728971964;1,094386216798277
7,6387;9,5;0,8878504672897197;1,094615936826992
7,6403;9,7;0,9065420560747663;1,094845656855707
7,6419;9,9;0,9252336448598132;1,095075376884422
7,6435;10,1;0,9439252336448598;1,095305096913137
7,6451;10,3;0,9626168224299066;1,095534816941852
7,6467;10,4;0,97196261682243;1,0957645369705669
7,6483;10,4;0,97196261682243;1,095994256999282
7,6499;10,4;0,97196261682243;1,0962239770279971
7,6515;10,3;0,9626168224299066;1,096453697056712
7,6531;10,3;0,9626168224299066;1,0966834170854272
7,6547;10,4;0,97196261682243;1,096913137114142
7,6563;10,4;0,97196261682243;1,097142857142857
7,6579;10,5;0,9813084112149534;1,0973725771715719
7,6595;10,4;0,97196261682243;1,097602297200287
7,6611;10,3;0,9626168224299066;1,097832017229002
7,6627;10,0;0,9345794392523366;1,098061737257717
7,6643;9,7;0,9065420560747663;1,0982914572864322
7,6659;9,3;0,869158878504673;1,098521177315147
7,6675;9,1;0,8504672897196262;1,0987508973438622
7,6691;8,9;0,8317757009345795;1,0989806173725771
7,6707;8,8;0,8224299065420562;1,099210337401292
7,6723;8,8;0,8224299065420562;1,099440057430007
7,6739;8,9;0,8317757009345795;1,099669777458722
7,6755;9,0;0,8411214953271029;1,099899497487437
7,6771;9,1;0,8504672897196262;1,1001292175161521
7,6787;9,2;0,8598130841121495;1,1003589375448672
7,6803;9,2;0,8598130841121495;1,1005886575735822
7,6819;9,1;0,8504672897196262;1,100818377602297
7,6835;8,8;0,8224299065420562;1,1010480976310122
7,6851;8,5;0,7943925233644861;1,101277817659727
7,6867;8,1;0,7570093457943925;1,101507537688442
7,6883;7,7;0,7196261682242991;1,1017372577171571
7,6899;7,4;0,691588785046729;1,101966977745872
7,6915;7,3;0,6822429906542057;1,102196697774587
7,6931;7,2;0,6728971962616823;1,1024264178033023
7,6947;7,3;0,6822429906542057;1,1026561378320172
7,6963;7,4;0,691588785046729;1,1028858578607321
7,6979;7,4;0,691588785046729;1,103115577889447
7,6995;7,5;0,7009345794392524;1,1033452979181622
7,7011;7,5;0,7009345794392524;1,103575017946877
7,7027;7,5;0,7009345794392524;1,1038047379755922
7,7043;7,4;0,691588785046729;1,104034458004307
7,7059;7,3;0,6822429906542057;1,104264178033022
7,7075;7,1;0,6635514018691588;1,1044938980617371
7,7091;6,9;0,6448598130841122;1,1047236180904523
7,7107;6,8;0,6355140186915889;1,1049533381191672
7,7123;6,6;0,616822429906542;1,105183058147882
7,7139;6,6;0,616822429906542;1,1054127781765972
7,7155;6,6;0,616822429906542;1,1056424982053121
7,7171;6,6;0,616822429906542;1,1058722182340273
7,7187;6,6;0,616822429906542;1,1061019382627422
7,7203;6,7;0,6261682242990655;1,106331658291457
7,7219;6,7;0,6261682242990655;1,1065613783201722
7,7235;6,7;0,6261682242990655;1,1067910983488871
7,7251;6,7;0,6261682242990655;1,1070208183776022
7,7267;6,7;0,6261682242990655;1,1072505384063172
7,7283;6,7;0,6261682242990655;1,1074802584350323
7,7299;6,7;0,6261682242990655;1,1077099784637472
7,7315;6,7;0,6261682242990655;1,107939698492462
7,7331;6,7;0,6261682242990655;1,1081694185211772
7,7347;6,8;0,6355140186915889;1,1083991385498921
7,7363;6,8;0,6355140186915889;1,108628858578607
7,7379;6,8;0,6355140186915889;1,1088585786073222
7,7395;6,8;0,6355140186915889;1,1090882986360373
7,7411;6,8;0,6355140186915889;1,1093180186647522
7,7427;6,7;0,6261682242990655;1,1095477386934673
7,7443;6,7;0,6261682242990655;1,1097774587221823
7,7459;6,6;0,616822429906542;1,1100071787508972
7,7475;6,7;0,6261682242990655;1,110236898779612
7,7491;6,8;0,6355140186915889;1,1104666188083272
7,7507;7,0;0,6542056074766356;1,110696338837042
7,7523;7,3;0,6822429906542057;1,1109260588657572
7,7539;7,5;0,7009345794392524;1,1111557788944724
7,7555;7,8;0,7289719626168225;1,1113854989231873
7,7571;7,9;0,7383177570093459;1,1116152189519024
7,7587;7,9;0,7383177570093459;1,1118449389806173
7,7603;7,9;0,7383177570093459;1,1120746590093322
7,7619;7,9;0,7383177570093459;1,1123043790380471
7,7635;7,8;0,7289719626168225;1,1125340990667623
7,7651;7,8;0,7289719626168225;1,1127638190954772
7,7667;7,8;0,7289719626168225;1,1129935391241923
7,7683;7,8;0,7289719626168225;1,1132232591529074
7,7699;7,8;0,7289719626168225;1,1134529791816223
7,7715;7,8;0,7289719626168225;1,1136826992103372
7,7731;7,8;0,7289719626168225;1,1139124192390524
7,7747;7,8;0,7289719626168225;1,1141421392677673
7,7763;7,8;0,7289719626168225;1,1143718592964822
7,7779;7,8;0,7289719626168225;1,1146015793251973
7,7795;7,8;0,7289719626168225;1,1148312993539122
7,7811;7,9;0,7383177570093459;1,1150610193826274
7,7827;7,9;0,7383177570093459;1,1152907394113425
7,7843;7,9;0,7383177570093459;1,1155204594400574
7,7859;7,9;0,7383177570093459;1,1157501794687723
7,7875;7,9;0,7383177570093459;1,1159798994974872
7,7891;7,9;0,7383177570093459;1,1162096195262023
7,7907;7,9;0,7383177570093459;1,1164393395549173
7,7923;7,9;0,7383177570093459;1,1166690595836324
7,7939;8,0;0,7476635514018692;1,1168987796123473
7,7955;8,0;0,7476635514018692;1,1171284996410622
7,7971;8,0;0,7476635514018692;1,1173582196697776
7,7987;8,0;0,7476635514018692;1,1175879396984925
7,8003;7,9;0,7383177570093459;1,1178176597272074
7,8019;7,8;0,7289719626168225;1,1180473797559223
7,8035;7,6;0,7102803738317757;1,1182770997846374
7,8051;7,4;0,691588785046729;1,1185068198133523
7,8067;7,2;0,6728971962616823;1,1187365398420674
7,8083;7,1;0,6635514018691588;1,1189662598707824
7,8099;7,0;0,6542056074766356;1,1191959798994973
7,8115;7,0;0,6542056074766356;1,1194256999282124
7,8131;7,1;0,6635514018691588;1,1196554199569275
7,8147;7,1;0,6635514018691588;1,1198851399856424
7,8163;7,2;0,6728971962616823;1,1201148600143573
7,8179;7,3;0,6822429906542057;1,1203445800430725
7,8195;7,3;0,6822429906542057;1,1205743000717874
7,8211;7,2;0,6728971962616823;1,1208040201005025
7,8227;7,1;0,6635514018691588;1,1210337401292174
7,8243;6,8;0,6355140186915889;1,1212634601579323
7,8259;6,5;0,6074766355140188;1,1214931801866472
7,8275;6,2;0,5794392523364487;1,1217229002153624
7,8291;6,0;0,5607476635514019;1,1219526202440775
7,8307;5,9;0,5514018691588786;1,1221823402727924
7,8323;5,8;0,5420560747663552;1,1224120603015075
7,8339;5,8;0,5420560747663552;1,1226417803302224
7,8355;5,9;0,5514018691588786;1,1228715003589373
7,8371;6,0;0,5607476635514019;1,1231012203876525
7,8387;6,0;0,5607476635514019;1,1233309404163674
7,8403;6,1;0,5700934579439252;1,1235606604450823
7,8419;6,1;0,5700934579439252;1,1237903804737974
7,8435;6,0;0,5607476635514019;1,1240201005025126
7,8451;5,9;0,5514018691588786;1,1242498205312275
7,8467;5,7;0,5327102803738318;1,1244795405599426
7,8483;5,6;0,5233644859813084;1,1247092605886575
7,8499;5,4;0,5046728971962617;1,1249389806173724
7,8515;5,3;0,4953271028037383;1,1251687006460873
7,8531;5,2;0,485981308411215;1,1253984206748024
7,8547;5,2;0,485981308411215;1,1256281407035174
7,8563;5,2;0,485981308411215;1,1258578607322325
7,8579;5,2;0,485981308411215;1,1260875807609476
7,8595;5,3;0,4953271028037383;1,1263173007896625
7,8611;5,3;0,4953271028037383;1,1265470208183777
7,8627;5,3;0,4953271028037383;1,1267767408470926
7,8643;5,3;0,4953271028037383;1,1270064608758075
7,8659;5,3;0,4953271028037383;1,1272361809045224
7,8675;5,2;0,485981308411215;1,1274659009332375
7,8691;5,1;0,4766355140186916;1,1276956209619524
7,8707;5,0;0,4672897196261683;1,1279253409906675
7,8723;4,9;0,4579439252336449;1,1281550610193827
7,8739;4,9;0,4579439252336449;1,1283847810480976
7,8755;4,9;0,4579439252336449;1,1286145010768125
7,8771;4,9;0,4579439252336449;1,1288442211055276
7,8787;4,9;0,4579439252336449;1,1290739411342425
7,8803;4,9;0,4579439252336449;1,1293036611629574
7,8819;4,9;0,4579439252336449;1,1295333811916726
7,8835;4,9;0,4579439252336449;1,1297631012203875
7,8851;4,9;0,4579439252336449;1,1299928212491026
7,8867;4,9;0,4579439252336449;1,1302225412778177
7,8883;4,9;0,4579439252336449;1,1304522613065326
7,8899;5,0;0,4672897196261683;1,1306819813352476
7,8915;5,1;0,4766355140186916;1,1309117013639625
7,8931;5,2;0,485981308411215;1,1311414213926776
7,8947;5,3;0,4953271028037383;1,1313711414213925
7,8963;5,3;0,4953271028037383;1,1316008614501076
7,8979;5,3;0,4953271028037383;1,1318305814788225
7,8995;5,3;0,4953271028037383;1,1320603015075374
7,9011;5,3;0,4953271028037383;1,1322900215362526
7,9027;5,3;0,4953271028037383;1,1325197415649677
7,9043;5,3;0,4953271028037383;1,1327494615936826
7,9059;5,3;0,4953271028037383;1,1329791816223975
7,9075;5,3;0,4953271028037383;1,1332089016511127
7,9091;5,3;0,4953271028037383;1,1334386216798276
7,9107;5,3;0,4953271028037383;1,1336683417085427
7,9123;5,3;0,4953271028037383;1,1338980617372576
7,9139;5,3;0,4953271028037383;1,1341277817659725
7,9155;5,3;0,4953271028037383;1,1343575017946876
7,9171;5,3;0,4953271028037383;1,1345872218234025
7,9187;5,3;0,4953271028037383;1,1348169418521177
7,9203;5,3;0,4953271028037383;1,1350466618808326
7,9219;5,3;0,4953271028037383;1,1352763819095477
7,9235;5,3;0,4953271028037383;1,1355061019382626
7,9251;5,3;0,4953271028037383;1,1357358219669775
7,9267;5,3;0,4953271028037383;1,1359655419956927
7,9283;5,3;0,4953271028037383;1,1361952620244076
7,9299;5,3;0,4953271028037383;1,1364249820531225
7,9315;5,3;0,4953271028037383;1,1366547020818376
7,9331;5,3;0,4953271028037383;1,1368844221105527
7,9347;5,4;0,5046728971962617;1,1371141421392676
7,9363;5,6;0,5233644859813084;1,1373438621679828
7,9379;5,7;0,5327102803738318;1,1375735821966977
7,9395;5,7;0,5327102803738318;1,1378033022254126
7,9411;5,8;0,5420560747663552;1,1380330222541275
7,9427;5,8;0,5420560747663552;1,1382627422828426
7,9443;5,8;0,5420560747663552;1,1384924623115575
7,9459;5,8;0,5420560747663552;1,1387221823402727
7,9475;5,7;0,5327102803738318;1,1389519023689878
7,9491;5,7;0,5327102803738318;1,1391816223977027
7,9507;5,7;0,5327102803738318;1,1394113424264178
7,9523;5,7;0,5327102803738318;1,1396410624551327
7,9539;5,7;0,5327102803738318;1,1398707824838477
7,9555;5,8;0,5420560747663552;1,1401005025125626
7,9571;5,9;0,5514018691588786;1,1403302225412777
7,9587;6,0;0,5607476635514019;1,1405599425699926
7,9603;6,1;0,5700934579439252;1,1407896625987077
7,9619;6,2;0,5794392523364487;1,1410193826274229
7,9635;6,2;0,5794392523364487;1,1412491026561378
7,9651;6,2;0,5794392523364487;1,1414788226848527
7,9667;6,2;0,5794392523364487;1,1417085427135678
7,9683;6,2;0,5794392523364487;1,1419382627422827
7,9699;6,1;0,5700934579439252;1,1421679827709976
7,9715;6,1;0,5700934579439252;1,1423977027997128
7,9731;6,1;0,5700934579439252;1,1426274228284277
7,9747;6,1;0,5700934579439252;1,1428571428571428
